competitor,ad_text,format,first_seen
Adidas,adidas Blue Shoes - Summer Sale l Save Up To 40% Shop The adidas Official Site Today. Free Shipping & Returns For Members. Save Up To 40% On Select Items During Our Summer Savings Event Women's Shoes Samba Men's Shoes adidasBestsellers,Search,10/25/2021
Adidas,adidas Official Site - Save 30% I Code SUMMER Shop The adidas Official Site Today. Free Shipping For Members On All Orders. Use Code SUMMER At Checkout For 30% Off Summer Favorites Through 8/21 Exclusions Rating for adidas.com 4.5 (286) Most items 30+ days,Search,10/25/2021
Adidas,adidas Trail Running Shoes - Save Up To 40% On Select Items Shop adidas Trail Running Shoes Today. Free Shipping For Members On All Orders Men's Shoes Women's Shoes Shop Sale adidas Running Apparel,Search,10/25/2021
Adidas,adidas? Green Shoes - Up To 60% Off Select Items Sign Up For adiClub To Get Free Standard Shipping And Start Earning Points On Every Order Women's Shoes Originals adidas?NewArrivals Shop Sale,Search,10/25/2021
Adidas,"adidas Men's Running Shorts - Up To 40% Off adidas Favorites Shop adidas Men's Running Shorts Today. Free Shipping For Members On All Orders adidas Running Apparel Get The Running Apparel You Need To Put In The Miles. Shop Today Shop Sale Shop Our Sale Styles Today. Discounts For Men, Women, & Kids Men's Shoes Bestsellers",Search,10/25/2021
Adidas,adidas? Men's Running Shoes - Summer Savings Up To 50% Off Sign Up For adiClub To Get Free Standard Shipping And Start Earning Points On Every Order. Shop Summer Savings Up To 50% Off On Men's Shoes Shop Sale adidas? Ultraboost ™ Light Originals,Search,10/25/2021
Adidas,adidas Running Shoes - adidas Bestsellers Shop adidas Running Shoes Today. Free Shipping For Members On All Orders. Save Up To 40% On Select Items During Our Summer Bestsellers,Search,10/25/2021
Adidas,adidas Kid's Jackets - adiClub Days I Member Savings Shop adidas Kids Jackets Today. Free Shipping For Members On All Orders. Explore The Latest Shoes Clothing & Accessories On adidas.com Kids Best Sellers Shop Sale adidas Kids Shoes Bestsellers New Arrivals,Search,10/25/2021
Adidas,adidas Pink Shoes - Shop The Official Site Shop The adidas Official Site Today. Free Shipping & Returns For Members. Don't Miss Out On Your Women's Shoes Shop Women's Shoes & Sneakers. Lifestyle And Performance Footwear Samba Wear For Anything & Everything. Shop The Iconic Samba Today,Search,10/25/2021
Adidas,adidas Running Shoes - 30% Off I Code SUNSHINE Shop adidas Running Shoes Today. Free Shipping For Members On All Orders. Get 30% Off Select Favorites With Code SUNSHINE. Valid Through May 19th Men's Shoes Women's Shoes Shop Sale Bestsellers adidas Running Apparel,Search,10/25/2021
Adidas,adidas? Men's Basketball Shoes - Shop Men's Basketball Shoes Sign Up For adiClub To Get Free Standard Shipping And Start Earning Points On Every Order. Shop adidas? Men's Men's Shoes adidas? Dame 8 Shoes adidas? NMD adidas? Harden Vol. 6,Search,10/25/2021
Adidas,adidas Men's Sandals - Save On adidas Favorites Shop The adidas Official Site Today. Free Shipping & Returns For Members Men's Shoes Shop Men's Shoes. Lifestyle And Performance Footwear adidas New Arrivals Shop The Latest adidas Drops. New Shoes Clothing & More Shop Men's Sandals adidas Shoes,Search,10/25/2021
Adidas,adidas Boost Running Shoes - Shop Ultraboost 5X Shop adidas Boost Running Shoes Today. Free Shipping For Members On All Orders. Shop The Latest Styles At adidas Online. Sign Up For Free Shipping Sweat-Wicking Technology. Maximum Energy Return Rating for adidas.com 4.5↓ (266) Most items 30+ days Men's Shoes Shop Sale Women's Shoes,Search,10/25/2021
Adidas,"adidas Official Site Sale - adiClub Days I Member Savings Shop adidas Shoes, Apparel & More Today. Free Shipping For Members On All Orders. Member Savings: Shop Exclusive Offers During adiClub Days. Easy Online Checkout Women's Shoes Shop Sale Samba Shop Shoes, Apparel & More",Search,10/25/2021
Adidas,adidas Official Site - 30% Off I Code SUNSHINE Shop The Latest Deals & Promotions From adidas Discounts Available On Hundreds Of Items. Get 3O Shop Sale Women's Shoes Samba Save Big On Your Next Outfit,Search,10/25/2021
Adidas,adidas? - Official adidas Online Store Shop The adidas Official Site Today. Free Shipping For Members On All Orders. Save Up To 40% On Select Men's Shoes Summer Sale I Save Up To 40% Women's Shoes Shop Sale,Search,10/25/2021
Adidas,adidas New Leggings - Save 30% I Code SPORT Sign Up For adiClub To Get Free Standard Shipping And Start Earning Points On Every Order. Save 30% On Select Full And Sale-Price Items With Code SPORT Sport & Originals Designs Bestsellers Gift Cards Shop Sale Men's Shoes Women's Shoes,Search,10/25/2021
Adidas,adidas Basketball Shorts - Up To 40% Off adidas Favorites Shop adidas Basketball Shorts Today. Free Shipping For Members On All Orders. Save Up To 40% On Tons Of Styles For The Year Ahead With The Back To School Women's Shoes Shop Women's Shoes & Sneakers. Lifestyle And Performance Footwear Shop Basketball Shorts Samba Shop The Three Stripes,Search,10/25/2021
Adidas,Official Site - Summer r Sale Save Up To 40% Shop The adidas Official Site Today. Free Shipping For Members On All Orders,Search,10/25/2021
Adidas,adidas? Basketball - Save 30% Off I Code FALLDEAL Sign Up For adiClub To Get Free Standard Shipping And Start Earning Points On Every Order. Save 30% Off Select Full And Sale-Price Items With Code FALLDEAL. Signature Collections. Built For Agility & Speed Men's Shoes Women's Shoes adidas? Dame 8 Shoes adidas? Shoes adidas? Harden Vol. 6,Search,10/25/2021
Adidas,"adidas Hats - 30% Off With Code SUNSHINE Sign Up For adiClub To Get Free Standard Shipping And Start Earning Points On Every Order. Save Up To 30% Off With Code SUNSHINE. Types: Watches, Bags Rating for adidas.com 4.7 1-2 days Shop Sale Shop Our Sale Styles Today. Discounts For Men Women, & Kids",Search,10/25/2021
Adidas,adidas? Sweaters - Save 25% I Code LUNAR Sign Up For adiClub To Get Free Standard Shipping And Start Earning Points On Every Order. Save 25% Off Select Full And Sale-Price Items With Code $ Verified business Women's New Arrivals Shop Sale Women's Shoes Men's Shoes Originals,Search,10/25/2021
Adidas,adidas? Slip On Shoes - 30% Off I Code HOLIDAY Sign Up For adiClub To Get Free Standard Shipping And Start Earning Points On Every Order. Save 30% On Select Full Price & Sale Items With Code HOLiDAY,Search,10/25/2021
Adidas,"adidas? Supernova Rise - Buy 2 Get 30% Off I Code GET30 Engineered With Maximum Comfort For The Everyday Runner, There's A Supernova For Everyone. Buy 2 Products Get 30% Off With Code GET30. Shop Rating for adidas.com 4.6↓ (114) Men's Shoes Women's Shoes Shop Sale adida",Search,10/25/2021
Adidas,"Trendy Bags By adidas? - Save 20% With Code SCORE Shop adidas And Get An Extra 30% Off Sales And Full Priced Products With Code DEAL Rating for adidas.com 4.6(211) Crossbody Bags & Gym Bags Purses, Sling Bags and More Samba Shop Sale New Arrivals",Search,10/25/2021
Adidas,adidas? Vests - Extra 30% Off I Code AUGUST Sign Up For adiClub To Get Free Standard Shipping And Start Earning Points On Every Order. Save An Extra 30% Off Full And Sale-Price Items With Code AUGUST. Shop Online Today. Maximize Your Workouts Show Your Signature Style Shop Sale Men's Shoes adidas? NMD Originals Women's New Arrivals,Search,10/25/2021
Adidas,"adidas Shoes - Summer Sale I Up To 40% Off Shop The adidas Official Site Today Free Shipping & Returns For Members. Shop adidas Summer Essentials, Now Up To 40% Off. No Code Needed, Priced As Marked",Search,10/25/2021
Adidas,"New Stylish Tracksuits - Save 25% I Code SAVE adidas Continues To Evolve Streetwear. Check Out The Newest Tracksuits. Save 25% On Select Items With Code SAVE. Maximize Your Workouts Shop Sale Shop Our Sale Styles Today. Discounts For Men, Women, & Kids Women's New Arrivals Shop Our Selection",Search,10/25/2021
Adidas,adidas? Ultraboost ™ Shoes - 30% Off I Code REFRESH Sign Up For adiClub To Get Free Standard Shipping And Start Earning Points On Every Order. Purchase A adidas? Ultraboost ™ Light Incredible Energy Return Shop The New Ultraboost ™ Light Today adidas? Shoes adidas NMD adidas? New Arrivals,Search,10/25/2021
Adidas,adidas? Mens Hoodies - Up To 50% 1 adiClub Days Sign Up For adiClub To Get Free Standard Shipping And Start Earning Points On Every Order adidasNewArrivals Shop The Latest adidas? Drops. New Shoes Clothing & More,Search,10/25/2021
Adidas,"adidas Stability Shoes - Shop Stability Shoes Sign Up For adiClub To Get Free Standard Shipping And Start Earning Points On Every Order. One of The Best Sales of The Season. For a Limited Time, Get Up to Women's Shoes Men's Shoes Spring Sale I Up to 50% Off Shop Sale Bestsellers",Search,10/25/2021
Adidas,adidas? Official Store - Sign Up For adiclub Sign Up For adiClub To Get Free Standard Shipping And Start Earning Points On Every Order. Don't Miss Out On Your Favorites. Order From The Official adidas? Store. lconic & Timeless Styles。 Free Shipping For Members。 Free Returns & Exchanges。 Rating for adidas.com 4.7 Most items 30+ days adidas? Shoes Find The Right Shoes Today. Sport & Lifestyle Shoes Available Online adidas Ultraboost ™ Light Incredible Energy Return Shop The New Ultraboost ™ Light Today,Search,10/25/2021
Adidas,adidas Break Away Pants - Up To 40% Off adidas Favorites Shop adidas Break Away Pants Today. Free Shipping For Members On All Orders. Save Up To 40% On Tons Of Styles For The Year Ahead With The Back To School Sale. Signature Collections. Innovative Technology Rating for adidas.com 4.5 → (268),Search,10/25/2021
Adidas,adidas New Hoodies - Up To 70% Off For adiClub Sign Up For adiClub To Get Free Standard Shipping And Start Earning Points On Every Order. Up To 70% Off For Rating for adidas.com 4.7↓ (125),Search,10/25/2021
Adidas,Burgundy Shoes - Save 25% l Code SUNNY Shop adidas Burgundy Shoes Today. Free Shipping For Members On All Orders. Dive Into Summer Savings Save 25% Off Select Full And Sale-Price Items With,Search,10/25/2021
Adidas,Bags - Up To 50% l adiClub Days Sign Up For adiClub To Get Free Standard Shipping And Start Earning Points On Every Order. Save Up To 50% Off For adiClub,Search,10/25/2021
Adidas,"adidas Socks - End Of Summer I Up To 50% Off Shop The adidas Official Site Today. Free Shipping & Returns For Members. Save Up To 50% On Thousands Of Styles. Exclusions Apply. Shop The Sale Through 9/4. Sport & Originals Designs. Maximize Your Workouts Men's Shoes Shop Men's Shoes. Lifestyle And Performance Footwear Shop Sale Shop Our Sale Styles Today. Discounts For Men, Women, & Kids",Search,10/25/2021
Adidas,"adidas Kid's Running Shoes - Shop Kid's Running Shoes Sign Up For adiClub To Get Free Standard Shipping And Start Earning Points On Every Order. One of The Best Sales of The Season. For a Limited Time, Get Bestsellers adidasNewArrivals adidas Running Apparel Gift Cards adidas Kids Shoes",Search,10/25/2021
Adidas,"adidas Kid's Pants - Summer Sale I Up To 40% Off Free Shipping For Members On All Orders. Shop adidas Kids Pants Today. Shop adidas Summer Essentials Now Up To 40% Off. No Code Needed, Priced As Shop Sale Shop Our Sale Styles Today. Discounts For Men, Women, & Kids Bestsellers Shop adidas Bestsellers. Clothes, Shoes, & More",Search,10/25/2021
Adidas,adidas Originals Pants - Buy 2 Get 30% Off I Code GET30 Sign Up For adiClub To Get Free Standard Shipping And Start Earning Points On Every Order. Buy 2 Shop Sale adidas?NewArrivals Women's New Arrivals Men's Shoes Originals,Search,10/25/2021
Adidas,adidas? Official Site - Up To 50% I adiClub Days Sign Up For adiClub To Get Free Standard Shipping And Start Earning Points On Every Order. Save Up To Women's Shoes Men's Shoes Shop Sale adidas? Shoes Originals,Search,10/25/2021
Adidas,adidas Women's Sweatsuits - Save 25%I Code SUMMER Shop adidas Womens Sweatsuits Today. Free Shipping For Members On All Orders Rating for adidas.com 4.6 → (249) Most items 30+ days Women's New Arrivals Shop Now For The Latest Women's Shoes Apparel & More Online Shop Women's Sweatsuits New Arrivals Shop Sale,Search,10/25/2021
Adidas,adidas? Women's Jackets - Shop Women's Jackets Sign Up For adiClub To Get Free Standard Shipping And Start Earning Points On Every Order. Shop adidas Womens Jackets Today. Free Shipping For Members On All Orders Shop Sale Women's New Arrivals Originals adidas?NewArrivals Women's Shoes,Search,10/25/2021
Adidas,adidas? Blue Collection - Extra 30% Off I Code BIGDEAL Sign Up For adiClub To Get Free Standard Shipping And Start Earning Points On Every Order. Save An Extra 30% Off Select Full And Sale-Price Products With Code BIGDEAL. Iconic & Timeless Styles Women's Shoes Shop Women's Shoes. Lifestyle And Performance Footwear Men's Shoes Originals Shop Sale,Search,10/25/2021
Adidas,adidas? Jerseys - Shop Jerseys Sign Up For adiClub To Get Free Standard Shipping And Start Earning Points On Every Order. Free Shop Sale Women's New Arrivals Originals adidas? New Arrivals Men's Shoes,Search,10/25/2021
Adidas,adidas Ankle Socks - Save 25% I Code SUNNY Shop The adidas Official Site Today. Free Shipping & Returns For Members. Dive Into Summer Savings Save 25% Off Select Full And Sale-Price Items With,Search,10/25/2021
Adidas,adidas Classic Shoes - 30% Off I Code WINTER Sign Up For adiClub To Get Free Standard Shipping And Start Earning Points On Every Order. Save 30% On Select Full And Sale-Price Items With Code WINTER. Show Your Signature Style Men's Shoes Originals Samba Superstar Bestsellers,Search,10/25/2021
Adidas,adidas Running - Shop Running Use Code DEAL For an Extra 30% Off Your Favorite Select Full Price and Sale Styles Shop adidas And Get An Extra 30% Off Sales And Full Priced Products With Men's Shoes Shop Men's Shoes. Lifestyle And Performance Footwear adidas Running Apparel Up To 30% Off I Code DEAL Bestsellers,Search,10/25/2021
Adidas,adidas? Tennis Shoes - Up To 60% Off Select Items Sign Up For adiClub To Get Free Standard Shipping And Start Earning Points On Every Order. End Of Rating for adidas.com 4.7 → (168) Most items30+ days Men's Shoes adidas? New Arrivals adidas,Search,10/25/2021
Adidas,adidas? Retro Gear - Up To 60% Off Select Items Sign Up For adiClub To Get Free Standard Shipping And Start Earning Points On Every Order. End Of Season Sale. Save Up To 60% Off Select Items. Sign Up & Get 15% Off. Iconic & Timeless Styles Women's Shoes Originals Men's Shoes,Search,10/25/2021
Adidas,adidas Men's Tennis Shoes - Save 25% I Code SPRING Shop adidas Men's Tennis Shoes Today. Free Shipping For Members On All Orders. Save 25% On Select Full Men's Shoes Shop Sale Bestsellers,Search,10/25/2021
Adidas,"adidas? Men's Joggers - Spring Sale I Up to 50% Off Sign Up For adiClub To Get Free Standard Shipping And Start Earning Points On Every Order. One of The Best Sales of The Season. For a Limited Time, Get Up to 50% Off Select Styles. Free Shipping For Members Rating for adidas.com 4.6 ↓ (190) Most items 30+ days Shop Sale Shop Men's Joggers Order From",Search,10/25/2021
Adidas,adidas? Women's High Top Shoes - Up To 60% Off Select Items Sign Up For adiClub To Get Free Standard Shipping And Start Earning Points On Every Order. End Of Season Sale I Up To 60% Off Select Items. Show Your Signature Style. Free Returns & Exchanges,Search,10/25/2021
Adidas,adidas? High Tops - Sign Up For adiclub Sign Up For adiClub To Get Free Standard Shipping And Start Earning Points On Every Order. Spend $100 Get $3O Off With Code SAVEMORE. ShowYour Signature Style. Maximize Your Workouts,Search,10/25/2021
Adidas,New Red Tracksuits - Extra 30% Off I Code BIGDEAL Sign Up For adiClub To Get Free Standard Shipping And Start Earning Points On Every Order. Save An Extra 30% Off Select Full And Sale-Price Products With Code Women's New Arrivals Shop Sale adidas?NewArrivals Men's Shoes,Search,10/25/2021
Adidas,Shop adidas Jogging Suits Today. Free Shipping For Members On All Orders,Search,10/25/2021
Adidas,"New Plus Size Clothing - Shop Plus Size Clothing Save Today When You Shop At The adi Online Store. adidas Originals. Explore Shoes, Clothing Shop The Official Site Women's New Arrivals",Search,10/26/2021
Adidas,"adidas? Kid's Clothing - Save 30% Off I Code FALLDEAL Sign Up For adiClub To Get Free Standard Shipping And Start Earning Points On Every Order. Save 30% Off Select Full And Sale-Price Items With Code FALLDEAL. Sign Up & Get 1 Shop Sale Shop Our Sale Styles Today. Discounts For Men, Women, & Kids",Search,10/26/2021
Adidas,"New Stylish Joggers - Up To 40% Off adidas Favorites - Browse The Latest Deals And Styles Today. Check Out The Newest Joggers. Save Up To 40% On Tons Of Styles For The Year Ahead With The Back To School Sale. Maximize Your Workouts. Sign Up & Get 15% Off Shop Sale adidas.com Online Exclusives Shoes, Apparel & Accessories Bestsellers adidas Shoes",Search,10/26/2021
Adidas,"adidas Watches - Save 25% I Code SPRING Shop The adidas Official Site Today. Free Shipping & Returns For Members. Save 25% On Select Full & Sale-Price Items With Code SPRING Men's Shoes Shop Men's Shoes. Lifestyle And Performance Footwear Shop Sale Shop Our Sale Styles Today. Discounts For Men, Women, & Kids",Search,10/26/2021
Adidas,adidas? Stylish Jumpsuits - Spring Sale I Up to 50% Off Sign Up For adiClub To Get Free Standard Shipping And Start Earning Points On Every Order. One of The Women's New Arrivals Shop Now For The Latest Women's Shoes Apparel & More Online New Arrivals Shop Sale Women's Shoes,Search,10/26/2021
Adidas,adidas Y-3 Collection - Save 30% l Code SPLASH Shop adidas Y-3 Collection Today. Free Shipping For Members On All Orders. Fresh Looks To End The Season. Use Code New Arrivals Shop Sale Shop adidas New Arrivals Innovative Designs,Search,10/26/2021
Adidas,"adidas Kid's Sandals - Summer Sale I Up To 40% Off Shop The adidas Official Site Today. Free Shipping & Returns For Members. Shop adidas Summer Essentials, Now Up To 40% Off. No Rating for adidas.com 4.6↓ (243) Kids Best Sellers Shop Our Best Selling Kids Items Today. New Styles Just Added! adidas Kids Shoes See The Latest Kids Shoe Styles Today. Free Shipping & Returns!",Search,10/26/2021
Adidas,"adidas? Jerseys - Spend $150 Get A Free Backpack Sign Up For adiClub To Get Free Standard Shipping And Start Earning Points On Every Order. Spend $150 And Get A Free Backpack Through Shop Sale Shop Our Sale Styles Today. Discounts For Men, Women, & Kids Women's New Arrivals adidas? NewArrivals Originals",Search,10/27/2021
Adidas,adidas Shorts - Summer Sale I Save Up To 40% Save Today When You Shop At The adidas Official Online Store. adidas Originals. Save Up To 40% On Shop Sale Originals Shop Our Selection Bestsellers Men's Shoes,Search,10/27/2021
Adidas,adidas Shoes - Black Friday I Up To 60% Off Shop The adidas Official Site Today. Free Shipping & Returns For Members. Enjoy The Savings Of The Holiday Season With Deals Up To 60% This Black Friday Women's Shoes Shop Shoes Men's Shoes adidas Shoes Official adidas Site,Search,10/27/2021
Adidas,adidas Back To School Bags - Shop Back To School Bags Shop Girls Back To School Backpacks. Free Shipping For adiClub Members. Free Shipping For Members. Shop Girls Back To School Backpacks. Iconic & Timeless Style,Search,10/27/2021
Adidas,"adidas Tennis Dresses - Up To 60% Off Select Items Shop adidas? Tennis Dresses Today. Free Shipping For Members On All Orders. Sign Up For adiClub To Get Free Standard Shipping And Start Earning Points On Every Rating for adidas.com 4.6 (91) Shop Sale Shop Our Sale Styles Today. Discounts For Men, Women, & Kids adidas? New Arrivals Shop The Latest adidas Drops. New Shoes Clothing & More",Search,10/27/2021
Adidas,adidas Back To School Shoes Shop Back To School Shoes. Free Shipping For Members!,Search,10/28/2021
Adidas,adidas Women's Shoes - Save 30% I Code SPORT Sportswear store - Arcadia Sign Up For adiClub To Get Free Standard Shipping And Start Earning Points On Every Order. Save Women's Shoes Shop Sale adidas New Arri More about this location,Search,10/28/2021
Adidas,adidas Tennis Skirts - Shop adidas NewArrivals Shop The adidas Official Site Today. Free Shipping & Returns For Members. Shop adidas Tennis Skirts Today. Free Shop Tennis Skirts Shop Sale Bestsellers Samba,Search,10/29/2021
Adidas,Bras - 30% Off Kids Styles With Code Sign Up For adiClub To Get Free Standard Shipping And Start Earning Points On Every Order. Save 30% Off Kids Styles With Code KIDS. Shop,Search,10/30/2021
Adidas,"New Plus Size Clothing - Shop Plus Size Clothing Sign Up For adiClub To Get Free Standard Shipping And Start Earning Points On Every Order. One of The Best Sales of The Season. For a Limited Time, Get Up to 50% Off Select Styles. Sport & Originals Designs Show Your Signature Style. Free Returns & Exchanges Women's New Arrivals Shop Now For The Latest Women's Shoes Apparel & More Online Shop Clothing NewArrivals Spring Sale I Up to 50% Off",Search,10/31/2021
Adidas,adidas Running Sneakers - Members Score 30% Off Shop adidas Running Sneakers Today. Free Shipping For Members On All Orders Women's Shoes Bestsellers adidas Running Apparel Samba Shop The Official Site,Search,11/1/2021
Adidas,adidas? x Marvel Collection - Save 30% Off I Code FALLDEAL Sign Up For adiClub To Get Free Standard Shipping And Start Earning Points On Every Order. Save 30% Off Select FullAnd Men's Shoes adidas? Shoes Women's Shoes,Search,11/1/2021
Adidas,adidas New Shoes - Up To 40% Off adidas Favorites Shop adidas New Shoes Today. Free Shipping For Members On All Orders Men's Shoes Women's Shoes Shop Sale Bestsellers Shop New Shoes,Search,11/2/2021
Adidas,"adidas Originals Swimsuits - New Swimsuits Free Shipping For Members On All Orders. Shop adidas Stylish Swimsuits Today Rating for adidas.com 4.6 → (254) 95-100% Women's New Arrivals Shop Now For The Latest Women's Shoes Apparel & More Online Women's Shoes Shop Women's Shoes & Sneakers. Lifestyle And Performance Footwear Shop Sale Shop Our Sale Styles Today. Discounts For Men, Women, & Kids",Search,11/2/2021
Adidas,adidas Shorts - Extra 30% Off Sale I Code DEAL Use Code DEAL For an Extra 30% Off Your Favorite Select Full Price and Sale Styles Shop adidas And Get An Extra 30% Off Sales And Full Priced Products With Code DEAL. Sport & Originals Designs. Maximize Your Workouts Rating for adidas.com 4.6 (204) Bestsellers Items For an Active Lifestyle adi,Search,11/3/2021
Adidas,"adidas Tennis Shoes - Save 30% I Code DEAL Explore The Latest Shoes, Clothing & Accessories On adidas.com adidas Kids Shoes Kids Best Sellers Shop Tennis Men's Shoes",Search,11/8/2021
Adidas,adidas? Originals - $30 Off $100+ I Code SAVEMORE Sign Up For adiClub To Get Free Standard Shipping And Start Earning Points On Every Order Rating for adidas.com 4.7↓ (22) Women's Shoes adidas? Women's Men's Shoes,Search,11/8/2021
Adidas,adidas - Up To 40% With Code CYBER Shop The adidas? Official Site Today. Free Shipping For Members On All Orders. Sign Up For adiClub To Get Free Standard Shipping And Start Earning Points On Every Order. Innovative Technology. Members Only Rewards. Easy Online Checkout. adiClub Exclusives Rating for adidas.com 4.7↓ (146) Most items 30+ days,Search,11/8/2021
Adidas,adidas? Official Site - Up To 50% I adiClub Days Sign Up For adiClub To Get Free Standard Shipping And Start Earning Points On Every Order. Save Up To 50% Off For adiClub Days. Join Free For Exclusive Discounts Men's Shoes adidas? Men's Women's Shoes Shop Sale adidas? Running,Search,11/8/2021
Adidas,adidas Back To School - Free Shipping For Club Members Get Ready For Back To School With Must-Have Styles From adidas. Shop Online Today. Sign Up For adiclub For Free Shipping And Rewards Points On Every School Backpacks Women's Shoes Shop Sale Get School-Ready Men's Shoes,Search,11/10/2021
Adidas,s Slip On Shoes - Shop Slip On Shoes Shop The adidas Official Site Today. Free Shipping & Returns For Members. Shop adidas Slip On Shoes Today. Free Shipping For Members On All Orders,Search,11/15/2021
Adidas,adidas Backpacks - Save 25% / Code SAVE Shop The adidas Official Site Today. Free Shipping & Returns For Members Rating for adidas.com 4.5\ (303) Most items 30+ days Shop Backpacks Don't Miss Out On Your Favorites. Order From The Official adidas Store Originals Shop Iconic adidas Styles. Men's & Women's Sneakers & Apparel,Search,11/17/2021
Adidas,New Stylish Tracksuits - Shop Stylish Tracksuits Save Today When You Shop At The adidas Official Online Store. adidas Originals. adidas Originals. Save Today When You Shop At The adidas Official Shop Clothing Shop The Latest Tracksuits Bestsellers NewArrivals Shop Sale,Search,12/3/2021
Adidas,"adidas Dresses - Official adidas Site Free Shipping For Members On All Orders. Shop adidas Stylish Dresses Today. Shop adidas Stylish Dresses Today. Free Rating for adidas.com 4.6 ↓ (254) 1-2 days Shop Sale Shop Our Sale Styles Today. Discounts For Men,Women, & Kids",Search,12/3/2021
Adidas,adidas Triple Jump Spikes - Extra 30% Off For Members Sign Up For adiClub To Get Free Standard Shipping And Start Earning Points On Every Order. adiClub Members Get Early Sale Access. Save 30% Off Select Sale & Full-Price Items. Sweat-Wicking Technology Free Shipping For Members. Sign Up & Get 15% Off Rating for adidas.com 4.7↓ (182) Most items 30+ days Men's Shoes Samba Shop Sale adida,Search,12/11/2021
Adidas,adidas Dame 9 Shoes - Up To 40% Off adidas Favorites Shop adidas Dame 9 Shoes Today Free Shipping For Members On All Orders. Save Up To 40% On Tons Of Styles For The Year Ahead With The Back To School Sale. Signature Dame Signature Shoes adidas Dame 9 Shoes Samba,Search,12/19/2021
Adidas,adidas Originals - Save 30% I Code SUMMER Don't Miss Out On Your Favorites. Order From The Official adidas Store. Use Code SUMMER At Women's Shoes Men's Shoes Shop Sale adidas Women's Bestsellers,Search,1/25/2022
Adidas,Skorts - Summer Sale I Up To 40% Off Free Shipping For Members On All Orders. Shop adidas Stylish Skorts Today. Shop adidas Summer Essentials Now Up To 4o% Off. No Code Needed,Search,2/22/2022
Adidas,adidas? Women's Shoes - Extra 30% Off I Code SAVE Sign Up For adiClub To Get Free Standard Shipping And Start Earning Points On Every Order. Save An Women's Shoes Samba Shop Sale Bestsellers,Search,6/28/2022
Adidas,adidas New Jackets - Save On adidas Favorites Free Shipping For Members On All Orders. Shop adidas Stylish Jackets Today,Search,6/29/2022
Adidas,adidas Fleece Hoodies - Save 30% l Code DEAL Free Shipping For Members On All Orders. Shop adidas Fleece Hoodies Today. Save 30% On Select Items With Code DEAL. Sport & Originals Designs. Free Returns & Exchanges. Maximize Your Workouts,Search,6/29/2022
Adidas,adidas Boys Clothing - Save 25% l Code SUMMER Shop adidas Stylish Clothing Today. Free Shipping For Members On All Orders. Save 25% On Select Full & Sale Price Items With Code SUMMER. Sport & Originals Designs. Maximize Your Workouts. Free Returns & Exchanges Shop Boys Clothing Shop Sale Shop The Official Site New Arrivals Bestsellers,Search,6/29/2022
Adidas,adidas Kid's Tracksuits - Up To 40% Off adidas Favorites Free Shipping For Members On All Orders. Shop adidas Stylish Tracksuits Today. Save Up To 40% On Tons Of Styles For The Year Ahead With The Back To School Shop Kids Tracksuits Kids Best Sellers adidas Kids Shoes,Search,6/29/2022
Adidas,"adidas Mens Sweatshirts - Save 25% l Code SUNNY Free Shipping For Members On All Orders. Shop adidas Stylish Sweatshirts Today Originals Shop Iconic adidas Styles. Men's & Women's Sneakers & Apparel Shop Sale Shop Our Sale Styles Today. Discounts For Men, Women, & Kids Bestsellers New Arrivals",Search,6/29/2022
Adidas,adidas? Toddler Apparel - Up To 50% Off Select Products Sign Up For adiClub To Get Free Standard Shipping And Start Earning Points On Every Order. Shop For Back To School With Up To 50% Off Select Items,Search,6/29/2022
Adidas,"adidas Shorts - Summer Sale I Up To 40% Off Shop adidas Shorts Today. Free Shipping For Members On All Orders Women's New Arrivals Shop Now For The Latest Women's Shoes Apparel & More Online Bestsellers Shop adidas Bestsellers. Clothes, Shoes, & More Shop Our Selection Shop Sale",Search,6/29/2022
Adidas,adidas? BoostTM Shoes - Up To 50% Off Select Products Sign Up For adiClub To Get Free Standard Shipping And Start Earning Points On Every Order. Shop For Back To School With Up To 50% Off Select Items. Shop adidas Shoes And Clothing. Energy To Endure Men's Shoes Shop Sale Originals adidas?NMD adidasNewArrivals,Search,6/29/2022
Adidas,"adidas Men's Shoes - 30% Off Kids Styles With Code Sign Up For adiClub To Get Free Standard Shipping And Start Earning Points On Every Order. Save 30% Off Kids Styles With Code KiDS. Shop adidas? Back To School Men's Shoes Shop Men's Shoes. Lifestyle And Performance Footwear Shop Sale Shop Our Sale Styles Today. Discounts For Men, Women, & Kids",Search,6/29/2022
Adidas,"adidas Mens T Shirts - Up To 40% Off adidas Favorites Free Shipping For Members On All Orders. Shop adidas Stylish T Shirts Today Rating for adidas.com 4.5 → (274) Shop Sale Shop Our Sale Styles Today. Discounts For Men, Women, & Kids Shop Clothing Explore The Latest Shoes, Clothing & Accessories On adidas.com adidas New Arrivals Shop The Latest adidas Drops. New Shoes Clothing & More",Search,6/29/2022
Adidas,"New Stylish Underwear - adidas Official Store Sign Up For adiClub To Get Free Standard Shipping And Start Earning Points On Every Order. One of The Best Sales of The Season. For a Limited Time, Get Up to 50% Off",Search,6/29/2022
Adidas,"adidas? Running Shoes - Top Styles Up To 25% Off Sign Up For adiClub To Get Free Standard Shipping And Start Earning Points On Every Order. Top Trending Styles Up To 25% Off. Includes VL Court, Tiro & More Shop The Sale Online. Maximum Energy Return Sweat-Wicking Technology. Sign Up & Get 15% Off Rating for adidas.com 4.7 ↓ (118) 1-3 days adidas? NMD Men's Shoes Up To 50% Full",Search,6/29/2022
Adidas,"adidas Long Sleeve Shirts - Save On adidas Favorites Free Shipping For Members On All Orders. Shop adidas Long Sleeve Shirts Today Women's New Arrivals Shop Now For The Latest Women's Shoes Apparel & More Online Women's Shoes Shop Women's Shoes & Sneakers. Lifestyle And Performance Footwear Shop Sale Shop Our Sale Styles Today. Discounts For Men, Women, & Kids",Search,6/29/2022
Adidas,adidas? Outdoor - Extra 35% Offl Code BIGDEAL Sign Up For adiClub To Get Free Standard Shipping And Start Earning Points On Every Order. Save 35% Off Select Full And Sale Price Items,Search,6/29/2022
Adidas,adidas Outdoor - Up To 40% Off adidas Favorites Shop The adidas Official Site Today. Free Shipping For Members On All Orders. Save Up To 40% On Tons Of Styles For The Year adidas Terrex Men's Shoes adidas Outdoor Shoes Women's Shoes adidas Five Ten,Search,7/4/2022
Adidas,"adidas Back To School - adidas 2026 Back To School - Official adidas Site Shop adidas Back To School. Play All Day. Shop Casua And Performance Shoes And Apparel. Free Back To School Collection Explore The Latest Shoes, Clothing & Accessories On adidas.com Shop Sale Back To School Must-Haves School Backpacks",Search,7/6/2022
Adidas,adidas Store Chicago 4.2 (534) Sportswear store Call Website Directions adidas Basketball Clothing - Shop adidas Basketball Clothing Today. Free Shipping For Members On All Read reviews (534),Search,7/8/2022
Adidas,adidas Gold Collection - 30% Off I Code SAVE Shop adidas Gold Collection Today. Free Shipping For Members On All Orders. Use Code SAVE At Checkout For 30% Off Summer Favorites Through May 27 Exclusions Apply. Iconic & Timeless Styles Rating for adidas.com 4.6 → (239) 95-100% Shop Gold Collection Women's Shoes Shop,Search,8/29/2022
Adidas,adidas Store Atlanta adidasstoreatlanta/ adidas s Store Atlanta Save 25% I Code SUNNY - Shop The adidas Official Site Today. Free Shipping For Members On All Orders,Search,8/29/2022
Adidas,"adidas Grey Collection - Summer Sale I Up To 40% Off Shop adidas Grey Collection Today. Free Shipping For Members On All Orders. Shop adidas Summer Essentials, Now Up To 40% Off. No Code Needed Priced As Marked. Iconic & Timeless Styles",Search,8/29/2022
Adidas,adidas Kid's Shoes & Clothing - Save 25% I Code SUNNY Shop adidas Kid's Shoes & Clothing Today. Free Shipping For Members Online. Dive Into Summer Savings. Save 25% Off Select Full And Sale-Price Items With Code SUNNY. Iconic & Timeless Styles. Innovative Technology. Easy Online Checkout Rating for adidas.com 4.5\ (264) Men's Shoes Kids Best Sellers Shop Sale,Search,8/29/2022
Adidas,adidas Men's Shoes & Clothing - Shop Men's Shoes & Clothing Shop adidas Men's Shoes & Clothing Today. Free Shipping For Members Online. Save Up To 40% On Select Items During Our Summer Savings Event,Search,8/29/2022
Adidas,"adidas Camo Collection - Save 30% l Code DEAL Shop adidas Camo Collection Today. Free Shipping For Members On All Orders. Save 30% On Select Items With Code DEAL. Iconic & Timeless Styles Shop Sale Shop Our Sale Styles Today. Discounts For Men, Women, & Kids New Arrivals Freshen Up Your Wardrobe With New adidas Sneakers & Clothing Originals Shop Iconic adidas Styles. Men's & Women's Sneakers & Apparel",Search,8/29/2022
Adidas,"adidas Outlet Store..: 4.4 (3,544) Sportswear store Orlando adidas? Official Site Sale - Sign Up For adiClub To Get Free Standard Shipping And Start Earning Point Call Website Directions",Search,8/29/2022
Adidas,adidas Store Brooklyn adidasstorebrooklyn/ adidas Store e Brooklyn Sign Up For adiClub To Get Free Standard Shipping And Start Earning Points On Every Order,Search,8/29/2022
Adidas,adidas Back To School - Save 20% l Code SCORE Get Ready For Back To School With adidas Must-Have Styles. Shop Online Today. Save 20% On Select Shop 2025 Back To School Samba,Search,8/30/2022
Adidas,adidas Tennis Shoes - Up To 30% Off I Code DEAL Shop adidas And Get An Extra 30% Off Sales And Full Priced Products With Code DEAL. Shop The adidas Official Site Today. Free Shipping & Returns For Members,Search,8/30/2022
Adidas,Back To School Bags - Shop 2026 Back To School Shop Girls Back To School Backpacks. Free Shipping For Members. Explore The Latest,Search,8/30/2022
Adidas,adidas? New Hoodies - Save 25% l Code LUNAR Sign Up For adiClub To Get Free Standard Shipping And Start Earning Points On Every Order. Save 25% Off Select Full And Sale-Price Items With Code LUNAR Sport & Originals Designs. Maximize Your Workouts Rating for adidas.com 4.7\ (173) +%66 Shop Sale Originals adidas? NMD ao,Search,8/30/2022
Adidas,adidas Track Gear - Extra 35% Off I Code FALL Shop adidas Track Gear Today. Free Shipping For Members On All Orders. Take An Extra 35% Off Eligible Sale & Full-Price Styles With Code FALL. Maximum Energy Return. Greater Every Run. Sweat-Wicking Technology Rating for adidas.com 4.5 (325) New Arrivals Freshen Up Your Wardrobe With New adidas Sneakers & Clothing Shop Sale,Search,8/30/2022
Adidas,adidas? Official Store - Black Friday I Up To 70% Off Sign Up For adiClub To Get Free Standard Shipping And Start Earning Points On Every Order. Deals Up To 70% Off For The adidas? Black Friday Sale. Free Shipping For adiClub. Sign Up & Get 15% Off. Free Shipping For Members. Free Returns & Exchanges Rating for adidas.com 4.7→ (136) Most items 30+ days,Search,8/30/2022
Adidas,adidas? Turf Shoes - Up To 40% With Code CYBER Sign Up For adiClub To Get Free Standard Shipping And Start Earning Points On Every Order. Cyber,Search,8/30/2022
Adidas,adidas Men's Tracksuits - Up To 40% Off adidas Favorites Free Shipping For Members On All Orders. Shop adidas Stylish Tracksuits Today Shop Men's Tracksuits adidas New Arrivals Shop adidas Latest Styles Originals,Search,8/30/2022
Adidas,"adidas Back To School Shoes - Save 30% I Code SUMMER Explore The Latest Shoes, Clothing & Accessories On adidas.com. Use Code SUMMER At Checkout For 30% Off Summer Favorites Through 8/21. Exclusions Apply Rating for adidas.com 4.5(289)",Search,8/30/2022
Adidas,adidas Dresses - Save 30% I Code SPLASH Free Shipping For Members On All Orders. Shop adidas Dresses Today Women's New Arrivals Stand Out From The Crowd Shop Sale Bestsellers,Search,8/30/2022
Adidas,adidas? Men's Slides - 30% Off I Code REFRESH Sign Up For adiClub To Get Free Standard Shipping And Start Earning Points On Every Order. Purchase A Shoe And Clothing Item And Save 30% With Code adidas? Ultraboost ™ Light adidas? NMD adidas@,Search,8/30/2022
Adidas,adidas? Advantage Shoes - Sign Up For adiClub Sign Up For adiClub To Get Free Standard Shipping And Start Earning Points On Every Order. Save,Search,8/30/2022
Adidas,adidas? New Pants - Sign Up For adiClub Sign Up For adiClub To Get Free Standard Shipping And Start Earning Points On Every Order,Search,8/30/2022
Adidas,adidas Joggers - Save Up To 40% On Select Items Free Shipping For Members On All Orders. Shop adidas Joggers Today Women's New Arrivals Shop Sale Women's Shoes Men's Shoes adidasNewArrivals,Search,8/30/2022
Adidas,adidas Shoe Sale - Save 20% I Code SCORE Shop The adidas Official Site Today. Free Shipping & Returns For Members Men's Shoes Women's Shoes Samba Shop Sale Shop Shoes,Search,8/30/2022
Adidas,"adidas Kids Jackets - Summer Sale I Up To 40% Off Free Shipping For Members On All Orders. Shop adidas Kids Jackets Today Shop Sale Shop Our Sale Styles Today. Discounts For Men, Women, & Kids Bestsellers Shop adidas Bestsellers. Clothes, Shoes, & More New Arrivals Freshen Up Your Wardrobe With New adidas Sneakers & Clothing",Search,8/30/2022
Adidas,adidas Back To School - Save 25% l Code SUNNY Get Ready For Back To School With adidas Must-Have Styles. Shop Online Today Shop 2025 Back To School Men's Shoes Shop Sale,Search,8/30/2022
Adidas,adidas Ankle Socks - Spring Sale I Up to 50% Off Sign Up For adiClub To Get Free Standard Shipping And Start Earning Points On Every Order. One of The,Search,8/30/2022
Adidas,adidas Outdoor - 30% Off I Code SAVE Shop The adidas Official Site Today. Free Shipping For Members On All Orders. Use Code SAVE At Checkout For 30% Off Summer Favorites Through May 27 adidas Terrex Shop Terrex Shoes & Apparel Today. Outerwear Trail Running & More adidas Outdoor Shoes Brave The Outdoors In adidas Shoes Designed For Comfort & Durability adidas Five Ten Made For The Brave. Shoes Designed For Mountain Biking & Climbing,Search,8/30/2022
Adidas,New Blue Pants - 30% Off I Code SUNSHINE adidas Continues To Evolve Streetwear. Check Out The Newest Pants Rating for adidas.com 4.5 → (238) Shop Blue Pants adidas Official Store adidas New Arrivals Originals Shop Sale,Search,8/30/2022
Adidas,"adidas? Athletic Pants - Shop The Official Site Sign Up For adiClub To Get Free Standard Shipping And Start Earning Points On Every Order Shop Sale Shop Our Sale Styles Today. Discounts For Men, Women, & Kids Originals Shop Iconic adidas Styles. Men's & Women's Sneakers & Apparel Superstar Shop The Superstar Collection. A Classic adidas Original",Search,8/30/2022
Adidas,"adidas Essentials - Save 25% I Code SUNNY Shop adidas Essentials Today. Free Shipping For Members On All Orders! Dive Into Summer Savings Save 25% Off Select Full And Sale-Price Items Rating for adidas.com 4.5→ (265) 1-3 days Shop Sale Shop Our Sale Styles Today. Discounts For Men, Women, & Kids",Search,8/30/2022
Adidas,adidas Mens Shoes - Shop The Official Site Shop adidas Mens Shoes Today. Free Shipping For Members On All Orders! Rating for adidas.com 4.6 ↓ (253) 1-2 days Shop Mens Shoes Shop Sale adidas New A,Search,8/30/2022
Adidas,adidas? Men's Shoes - Up Tp 60% Off I Code WORKOUT Sign Up For adiClub To Get Free Standard Shipping And Start Earning Points On Every Order,Search,8/30/2022
Adidas,"Men's Stylish Shoes - Save 25% l Code SUMMER Shop Stylish Shoes. Save Today When You Shop At The adidas Official Online Store! Save 25% On Select Full & Sale Price Items With Code SUMMER. Show Your Signature Style. Sign Up & Get 15% Off. Free Returns & Exchanges. Types: NMD, Ultraboost Rating for adidas.com 4.6 1 (249) Superstar New Arrivals Men's Shoes",Search,8/30/2022
Adidas,adidas Womens Jackets - Save 25% l Code SAVE Free Shipping For Members On All Orders. Shop adidas Stylish Jackets Today Shop Womens Jackets Women's New Arrivals Shop Sale,Search,8/30/2022
Adidas,adidas? Stability Shoes - Shop Stability Shoes Sign Up For adiClub To Get Free Standard Shipping And Start Earning Points On Every Order. Save An Extra 20,Search,8/30/2022
Adidas,adidas Kid's Running - Extra 35% Offl Code BIGDEAL Sign Up For adiClub To Get Free Standard Shipping And Start Earning Points On Every Order. Save 35% Off Select Full And Sale Price Items Through 9/3 With Code BIGDEAL,Search,8/30/2022
Adidas,adidas Sweatbands - Shop Sweatbands Use Code DEAL For an Extra 30% Off Your Favorite Select Full Price and Sale Styles Shop adidas And Get An Extra 30% Off Sales And Full Priced Products With,Search,8/30/2022
Adidas,adidas? Bucket Hats - Up To 60% Off Select Items Sign Up For adiClub To Get Free Standard Shipping And Start Earning Points On Every Order. End Of Shop Sale Women's Shoes Men's Shoes Originals adidas? Shoes,Search,8/30/2022
Adidas,adidas Tennis Clothing - Up To 40% Off adidas Favorites Shop adidas Tennis Clothing Today. Free Shipping For Members On All Orders. Shop The adidas Official Site Today,Search,8/30/2022
Adidas,adidas New Pullovers - Save 25% l Code SAVE Shop adidas Stylish Pullovers Today. Free Shipping For Members On All Orders. Save 25% On Select Items With Code SAVE. Sport & Originals Designs. Show Your Signature Style. Sign Up & Get 15% Off. Free Returns & Exchanges. Maximize Your Workouts Women's New Arrivals Shop Sale Originals,Search,8/30/2022
Adidas,adidas? Outdoor - Black Friday I Up To 70% Off Sign Up For adiClub To Get Free Standard Shipping And Start Earning Points On Every Order. Deals Up Rating for adidas.com 4.7 (136),Search,8/30/2022
Adidas,New Stylish Clothing - 30% Off I Code SUNSHINE Browse The Latest Deals And Styles Today. Check Out The Newest Clothing. Get 30% Off Select Favorites With Code SUNSHINE. Valid Through May 19th. Show Your Signature Style. Sport & Originals Designs Women's New Arrivals Shop Now For The Latest Women's Shoes Apparel & More Online New Arrivals Freshen Up Your Wardrobe With New adidas Sneakers & Clothing,Search,8/30/2022
Adidas,adidas? New Shorts - Up To 60% Off Select Items Sign Up For adiClub To Get Free Standard Shipping And Start Earning Points On Every Order. End Of Rating for adidas.com 4.6 (88) Shop Sale Men's Shoes adidas? Shoes adidas,Search,8/30/2022
Adidas,"adidas Running Gear - Shop Running Gear Shop adidas Running Gear Today. Free Shipping For Members On All Orders adidas Running Apparel Get The Running Apparel You Need To Put In The Miles. Shop Today Shop Sale Shop Our Sale Styles Today. Discounts For Men, Women, & Kids Originals Shop Iconic adidas Styles. Men's & Women's Sneakers & Apparel",Search,8/30/2022
Adidas,adidas Running Tights - Save 30% l Code SPLASH Shop adidas Running Tights Today. Free Shipping For Members On All Orders. Fresh Looks To End The Season. Use Code SPLASH To Save 30% Off Full Price And Sale Items. Sweat-Wicking Technology. Sign Up & Get 15% Off Shop Running Tights Shop adidas.com Shop S,Search,8/30/2022
Adidas,adidas Kid's Cleats - Up To 40% Off adidas Favorites Shop adidas Kids Cleats Today! Free Shipping For Members On All Orders. Save Up To 40% On Tons Of Styles For The Year Ahead With The Back To School Sale,Search,8/30/2022
Adidas,adidas Kid's Backpacks - Spend $125 Get A Free Bag Sign Up For adiClub To Get Free Standard Shipping And Start Earning Points On Every Order Rating for adidas.com 4.7 ↓ (186) Most items 30+ days,Search,8/30/2022
Adidas,adidas New Sandals - Save 25% I Code SUMMER Shop adidas New Sandals Today. Free Shipping For Members On All Orders. Save 25% On Select Full & Sale Price Items With Code SUMMER. Free Returns & Exchanges. Maximize Your Workouts. Show Your Signature Style. Sign Up & Get 15% Off. Types: NMD Rating for adidas.com 4.6 (250) 1-2 days Women's Shoes Men's Shoes Samba,Search,8/30/2022
Adidas,adidas Socks - Save 30% I Code SPORT Sign Up For adiClub To Get Free Standard Shipping And Start Earning Points On Every Order. Save 30,Search,8/30/2022
Adidas,Fleece Pants - Shop Fleece Pants Sign Up For adiClub To Get Free Standard Shipping And Start Earning Points On Every Order,Search,8/30/2022
Adidas,adidas? Women's Running Shoes - Up To 60% Off Select Items Sign Up For adiClub To Get Free Standard Shipping And Start Earning Points On Every Order Shop Sale Women's Shoes adidas? Running Apparel Men's Shoes,Search,8/30/2022
Adidas,adidas? Shoes - Up To 60% Off Select Items Sign Up For adiClub To Get Free Standard Shipping And Start Earning Points On Every Order. End Of Season Sale. Save Up To 60% Off Select Items. Sign Up & Get 15% Off. Maximize Your Workouts. Free Returns &Exchanges Rating for adidas.com 4.6↓ (89) +%66 Women's Shoes adidas? NMD Shop Sale adic,Search,8/30/2022
Adidas,"adidas Basketball Shoes - Save On adidas Favorites Shop adidas Basketball Shoes Today. Free Shipping For Members On All Orders. Score adidas Favorites For Up To 50% Off, While Supplies Last. Built For Agility & Speed. Sign Up & Get 15% Off World Cup 26 TMMatch Ball adidas Harden Volume 9 adidas Dame 9 Shoes Shop Basketball Shoes",Search,8/30/2022
Adidas,adidas Official Store - Up To 40% Off adidas Favorites Free Shipping For Members On All Orders. Shop adidas Stylish Pants Today. Save Up To 40% On Tons Of Rating for adidas.com 4.5(270) Women's New Arrivals Shop Now For The Latest Women's Shoes Apparel & More Online Originals Shop Iconic adidas Styles. Men's & Women's Sneakers & Apparel,Search,8/30/2022
Adidas,"New Stylish Shoes - Save 20% I Code SCORE Shop Stylish Shoes. Save Today When You Shop At The adidas Official Online Store! Save 20% On Select Training, Originals Styles, & More. Use Code SCORE Through 8/13. Show Your Signature Style. Free Shipping For Members. Maximize Your Workouts Rating for adidas.com 4.5 1 (281) Men's Shoes Originals New Arrivals Shop",Search,8/30/2022
Adidas,adidas Cleats - adiClub Days IMember Savings Shop The adidas Official Site Today. Free Shipping & Returns For Members Rating for adidas.com 4.6 (224) Samba Men's Shoes Shop Sale Excit,Search,8/30/2022
Adidas,adidas? Official Store - Extra 30% Off I Code BIGDEAL Sign Up For adiClub To Get Free Standard Shipping And Start Earning Points On Every Order. Save An Extra 30% Off Select Full And Sale- Price Products With Code BIGDEA Shop Sale Originals Men's Shoes Women's Sh,Search,8/30/2022
Adidas,adidas Running Shoes - Summer Sale I Up To 40% Off Shop adidas Running Shoes Today. Free Shipping For Members On All Orders Rating for adidas.com 4.6 → (247) 1-2 days Men's Shoes Women's Shoes Shop Running Shoes Shop Sale adidas Shoes,Search,8/30/2022
Adidas,adidas New Pullovers - End Of Summer I Up To 50% Off Shop adidas Stylish Pullovers Today. Free Shipping For Members On All Orders. Save Up To 50% On Thousands Of Styles. Exclusions Apply. Shop The Rating for adidas.com 4.5(297) 95-100% Bestsellers adidas NewArrivals Originals,Search,8/30/2022
Adidas,adidas Running Shoes - adiClub Days I Member Savings Shop adidas Running Shoes Today. Free Shipping For Members On All Orders. Member Savings: Shop Exclusive Offers During adiClub Days. Maximum Energy Return Women's Shoes Men's Shoes,Search,8/30/2022
Adidas,adidas? Advantage Shoes - 30% Off I Code WINTER Sign Up For adiClub To Get Free Standard Shipping And Start Earning Points On Every Order. Save 30% On Select Full Rating for adidas.com 4.7(183),Search,8/30/2022
Adidas,adidas New Shorts - Save 25% I Code SUMMER Free Shipping For Members On All Orders. Shop adidas Stylish Shorts Today. Save 25% On Select Full & Sale Price Items With Code SUMMER. Free Returns & Exchanges. Maximize Your Workouts Rating for adidas.com 4.6 \ (249) Most items 30+ days Shop Sale Men's Shoes Bestsellers,Search,8/30/2022
Adidas,"adidas? Ultraboost Tm Shoes - Summer Savings Up To 50% Off Sign Up For adiClub To Get Free Standard Shipping And Start Earning Points On Every Order. Shop Summer Savings Up To 50% Off On Clothing, Shoes Gear Rating for adidas.com 4.7↓ (15) adidas? Ultraboost ™ Light Men's Shoes Shop Sa",Search,8/30/2022
Adidas,adidas Back To School Bags - Shop Back To School Bags Shop Back To School Bookbags And Backpacks. Free Shipping For Members. Free Shipping For Members Shop Rating for adidas.com 4.4→ (451) 1-2 days Shop Sale New Arrivals Bestsellers Ori,Search,8/30/2022
Adidas,adidas Women's Tennis Shoes - Save 30% I Code SPLASH Shop adidas Women's Tennis Shoes Today. Free Shipping For Members On All Orders. Fresh Looks To End The Season.Use Code SPLASH To Save 30% Off Full Price And Sale,Search,8/30/2022
Adidas,adidas? Men's Shoes - Up To 60% Off Select Items Sign Up For adiClub To Get Free Standard Shipping And Start Earning Points On Every Order. End Of Season Sale I Up To 60% Off Select Items. Show Your Signature Style Men's Shoes adidas? New Arrivals adidas? Shoes Shop Sale Originals,Search,8/30/2022
Adidas,"adidas Forum - Save On adidas Favorites Welcome to adidas?. Shop adidas Forum Today. Free Shipping For Members. Score adidas Favorites For Up To 50% Off, While Supplies Last. Sign Up & Get 15% Off Rating for adidas.com 4.5(314) Most items 30+ days",Search,9/30/2022
Adidas,adidas Store Chicago 4.2 (508) Sportswear store Chicago adidas Official Site - Shop The Latest Deals & Promotions From adidas. Discounts Available On Call Website Directions Products at this location Read reviews (508),Search,11/2/2022
Adidas,adidas Official Site - Browse Our Promotions Page Shop The Latest Deals & Promotions From adidas Discounts Available On Hundreds Of Items. Shop The Latest Styles At adidas Online. Sign Up For Free Shipping,Search,11/3/2022
Adidas,adidas? Official Site - Up To 40% Off For adiClub Sign Up For adiClub To Get Free Standard Shipping And Start Earning Points On Every Order. Save Up To 40% This Week With adiClub,Search,4/20/2023
Adidas,adidas Back To School Shoes - adidas 2026BackTo School Sportswear store : Cabazon 4.3 (740) Free Shipping For adiClub Members. Shop Kids Back To School Shoes. Get Ready For Back To School With adidas Must-Have Style. Shop Online Today,Search,4/21/2023
Adidas,adidas? Originals Campus - Shop Originals Campus Find What You Need For Comfort & Style. Lacing Up For The Game Or Kicking Back At Home. Shop Women's Shoes Men's Shoes adidas? Shoes Shop Sale adidas? NMD,Search,4/25/2023
Adidas,adidas? Originals Campus Shoes : Shop Popular Collections Find What You Need For Comfort & Style. Lacing Up For The Game Or Kicking Back At Home. Shop,Search,4/25/2023
Adidas,adidas? Shoes - Save 25% With Code SCORE Sign Up For adiClub To Get Free Standard Shipping And Start Earning Points On Every Order. Save 25% Off Select Full & Sale,Search,4/26/2023
Adidas,r Shoes - adidas? Superstar Shoes 4.7 advertiser rating Take The Next Step In Sports Evolution With Us & Perform At The Top Of Your Game In Style,Search,8/10/2023
Adidas,"adidas? Official Site - Black Friday I Up To 70% Off Sign Up For adiClub To Get Free Standard Shipping And Start Earning Points On Every Order. Deals Up To 70% Off For The adidas? Black Friday Sale. Free Shipping For adiClub. Easy Online Checkout. Free Shipping For Members. Members Only Rewards. Fre Rating for adidas.com 4.7↓ (136) Shop Sale Shop Our Sale Styles Today. Discounts For Men, Women, & Kids",Search,9/13/2023
Adidas,Shop New Trends Online - Sign Up For adiClub Shop The adidas? Official Site Today. Join Our adiClub Loyalty Program,Search,11/8/2023
Adidas,adidas Originals Campus O0s - 'O0s- Inspired Skate Shoes Inspired By Iconic Skate Shoes Of The Early 2000s Shop Campus 00s Today. Shop adidas Campus 00s Today. Free Shipping For Members On All Orders Men's Shoes Shop Sale,Search,5/3/2024
Adidas,adidas? Handball Spezial - Shop Bestsellers Shop adidas? Handball Spezial Today. Free Shipping For Members On All Orders. The Revival Of A Classic. Shop adidas? Handball Spezial On The Official Site Women's Shoes Shop Sale Samba Exciting Deals and Discounts,Search,5/3/2024
Adidas,"adidas Women's Samba - Soccer- Inspired Lifestyle Shoe Shop The Iconic Samba On The Official adidas Site Find Women's, Men's, and Kid's Sizing. Join adiClub Women's Shoes Samba",Search,5/6/2024
Adidas,"s Women's Samba - Save e 25% Code SAVE Shop The Iconic Samba On The Official adidas Site Find Women's, Men's, and Kid's Styles. Save 25% On",Search,5/6/2024
Adidas,adidas? Samba - Samba OG Shoes Join adiClub For Free Shipping On All Orders. Exclusive Member Discounts & Rewards. Shop The Iconic Samba On The Official adidas? Site. Find Men's Shoes Women's Shoes Women's Originals Shop Trending,Search,5/6/2024
Adidas,"adidas Kid's Samba - Samba OG Shoes Shop The Iconic Samba On The Official adidas Site. Find Women's Men's, and Kid's Sizing. Join adiClub For Free Shipping On All Orders Exclusive Member Rating for adidas.com 4.5 (315)",Search,5/6/2024
Adidas,adidas? Samba - Samba OG Shoes Join adiClub For Free Shipping On All Orders.Exclusive Member Discounts & Rewards. Shop The Iconic,Search,5/6/2024
Adidas,"Adidas Employee Stor 4.4 \ (4,385) Sportswear store Portland Call Website Directions adidas Women's Samba-Shop The Iconic Samba On The Official adidas Site. Find Women's, Men's Read reviews (4,385)",Search,5/6/2024
Adidas,"adidas? Samba - Shop New Arrivals Shop The Iconic Samba On The Official adidas? Site Find Women's, Men's, and Kid's Styles. Join adiClub For Free Shipping On All Orders. Exclusive Member Discounts & Rewards.adiClub Exclusives.Find A Store Near You. Sign Up For Newsletters. Free Delivery Rating for adidas.com 4.7 ↓ (95)",Search,5/8/2024
Adidas,Baseball - Shop Baseball Sign Up For adiClub And Get Free Shipping And Start EarningRewardsOnEveryOrder,Search,7/4/2024
Adidas,adidas outlet store roundrock/ Outlet Store adidas Round Rock Shop Latest Styles In Women's Golf Clothing. Made To Keep You Comfortable On The Course,Search,7/4/2024
Adidas,adidas? Ultraboost 5X - 30% Off i Code WINTER Our Lightest BOOsT Yet Delivers Continual Energy Return To Fuel Your Run. Shop Online Men's Shoes Shop Sale Samba Women's Shoes Originals,Search,7/24/2024
Adidas,adidas? Running - Adizero Racing Shoes Shop adidas Adizero Running Shoes Today. Sign Up For Free Shipping On All Orders. Chase Your Next PR With Adizero Cleats. Designed To Deliver Next-Level Speed Rating for adidas.com 4.6(252) 1-2 days,Search,2/12/2025
Adidas,adidas Running - adidas Adizero SL2 Shop adidas Adizero SL2 Running Shoes Today. Sign Up For Free Shipping On All Orders. Inspired By The Innovation Of Record-Breaking Styles In the Adizero Men's Shoes Shop SL2 Shoes Today Women's Shoes Shop Sale,Search,2/12/2025
Adidas,"Adizero Boston 12 - For Race Day And Everyday Shop The Award Winning adidas Adizer Today. Running Shoes, Clothing, & Gea Shop Sale adidas Adizero Running Shoes",Search,2/12/2025
Adidas,Shop The adidas Federation Collection Today. Free Shipping For Members,Search,2/19/2025
Adidas,Take The Next Step In Sports Evolution With Us & Perform At The Top Of Your Game In Style,Search,2/19/2025
Adidas,<Rating (Reviews)> · <Category> <Open Hours> -<Distance>,Search,6/11/2025
Adidas,adidas Impact Cleats - Up To 30% Off 1 Code DEAL Shop adidas Impact Cleats. Explore The Adizero Football Line. Shop adidas Adizero Football Cleats Today. Sign Up For Free Shipping On All Orders Rating for adidas.com 4.4 → (398) Most items 60+ days,Search,6/24/2025
Adidas,"adidas Tennis - Adizero Cybersonic Shop adidas Adizero Cybersonic Tennis Shoes Today. Shop Men's Women's, & Kid's Tennis. Turn Up The Speed With The Adizero Cybersonic 2 Tennis Shoes. Shop",Search,6/24/2025
Adidas,"adidas Chaos Football Cleats - adidas Presents: Week Of Deals Shop adidas Adizero Football Cleats Today. Sign Up For Free Shipping On All Orders. Shop Rarely-On-Sale Styles Like Gazelle, Campus, & Tiro Apparel Up To 40% Off. Find A Store Near You. adiClub Exclusives Shop Football Cleats adidas Adizero Cleats Men's Shoes Up To 50% Off Outfits",Search,6/25/2025
Adidas,adidas Chaos Football Cleats - Up To 30% Off I Code DEAL Shop adidas Adizero Football Cleats Today. Sign Up For Free Shipping On All Orders. Sign Up For adiClub For Free Shipping And Earn Rewards Points On All Orders Rating for adidas.com 4.5 (304) 95-100% adidas Adizero Cleats Shop The adidas Football Collection Today Explore Adizero Football Cleats Shop Football Cleats Shop adidas Chaos Lineman Cleats. Explore The Adizero Football Line,Search,6/25/2025
Adidas,adidas Outlet Store 4.3↓ (16) Sportswear store Barstow Call Website Directions Read reviews(16),Search,7/1/2025
Adidas,"Adidas Official Site - adidas Favorites: Save Big Now Shop From adidas For Comfortable Shoes, Clothing & Accessories For Men, Women & Kids Up to 4o% off adidas favorites! Shop now for comfy shoes & activewear Women's Collection Kids Men's Collection",Search,8/19/2025
Adidas,"Adidas Official Site - adidas Summer Sale: 40% Off Shop From adidas For Comfortable Shoes, Clothing & Accessories ForMen, Women &Kids Rating for adidas.com 4.5\ (320) Women's Collection We Offer Women's Sneakers, Matching Sets And More Men's Collection We Have Mexico Gold Jersey And More. View Pricing Men We Offer Sneakers, Sweatshirts And More For Men. Buy Now",Search,9/3/2025
Adidas,"adidas Superstar - A True Original Born On The Court, Worn By Legends. Updated For The Next Generation Of Culture Makers. Shop adidas Men's Shoes Women's Shoes Superstar Originals Shop Sale",Search,9/24/2025
Adidas,Shop The Latest Trends - adidas Presents: Week Of Deals Shop The Latest Styles At adidas. Sign Up For Free Shipping & Earn Points On Every Order Up To 50% Off Outfits Shop Pants,Search,9/24/2025
Adidas,"adidas Firebird Pants - Extra 35% Off I Code FALL Shop The Latest Styles At adidas. Sign Up For Free Shipping & Earn Points On Every Order. Take An Extra 35% Off Eligible Sale & Full-Price Styles With Code FALL Rating for adidas.com 4.5→ (325) adidas Originals Clothing Explore The Latest Shoes, Clothing & Accessories On adidas.com World Cup 26 ™ Match Ball Shop Sale",Search,9/24/2025
Adidas,Shop adidas Soccer The Official FIFA World Cup 26 ™ Match Ball. Used by the World's Top Players,Search,10/3/2025
Adidas,adidas Official Site - Official adidas Online Store Shop The adidas Official Site Today. Free Shipping & Returns For Members. Don't Miss Rating for adidas.com 4.5\ (320) Men's Shoes World Cup 26 ™ Match Ball adidas,Search,10/24/2025
Adidas,adidas SL72 - Extra 35% Off I Code FALL Lightweight SL 72 Shoes Give You A Dose Of Running Heritage With A Fit For Trendsetters. Take An Extra 35% Off SL72 Shoes & Sneakers Men's Shoes Retro Running Style,Search,10/24/2025
Adidas,adidas Official Site - Black Friday First Access Shop The adidas Official Site Today. Free Shipping & Returns For Members. Join adiClub For First Access To Black Friday Deals Up To 60% Off Before Everyone Else Women's Shoes Samba Shop Sale World,Search,10/24/2025
Adidas,"adidas Superstar - Shop Superstar Shoes Born On The Court, Worn By Legends. Updated For The Next Generation Of Culture Makers Rating for adidas.com 4.51 (320) Superstar Shop The Superstar Collection. A Classic adidas Original Men's Shoes",Search,10/24/2025
Adidas,"Sign Up For Creators Club Join Now And Get Immediate Access To Free Shipping Hype Drops Discounts And More. Simply Earn Points To Unlock New Levels And Rewards. What Are You Waiting For, It's Go Time!",Search,10/24/2025
Adidas,Shop adidas Originals Campus Shoes Shipping For Members Online. Explore Shoes,Search,10/24/2025
Adidas,adidas Originals Campus - Shop The Official Site Find What You Need For Comfort & Style. Lacing Up For The Game Or Kicking Back At Home Women's Shoes Men's Shoes Shop Originals Campus Samba Shop Sale,Search,10/24/2025
Adidas,Items For an Active Lifestyle - Free Shipping For Members Shop The adidas? Running Collection. Energy- Returning Running And Lifestyle Shoes. Find adidas? Running adidas? Football On Sale Shop Sale Shop Running,Search,11/4/2025
Adidas,Sign Up For adiClub - Elevate Your Look Shop The adidas? Adizero Collection. Energy- Returning Running And Lifestyle Shoes,Search,11/4/2025
Adidas,Shop The adidas? Adizero Collection. Energy- Returning Running And Lifestyle Shoes,Search,11/4/2025
Adidas,Official Site - Free Shipping For Members - adidas US Shop The adidas Official Site Today. Free Shipping For Members On All Orders. Save Up To 60% On Gifting Favorites.No Code Needed.View Size Charts,Search,12/11/2025
Adidas,"adidas Summer Sale: 40% Off - Adidas Official Site Shop From adidas For Comfortable Shoes, Clothing & Accessories For Men, Women & Kids Up to 4o% off adidas favorites! Shop now for comfy shoes & activewear Rating for adidas.com 4.4↓ (344) Score 30% Off adidas Styles Classic Adidas Heritage",Search,1/5/2026
Adidas,adidas Us Official Site - adidas Shoes Sign up for adiClub to get free standard shipping and start earning points on every order,Search,1/22/2026
Adidas,"adidas Basketball Shoes - Save 30% l Code WINTER Explore The Latest Shoes, Clothing & Accessories On adidas.com. Save 30% With Code WINTER On Your Shop Basketball Shoes Men's Shoes Shop Sale adidas Dame 9 Shoes Bestsellers",Search,2/10/2026
Adidas,adidas Running Shoes - Shop The Official Site - adidas Bestsellers Shop adidas Running Shoes Today. Free Shipping For Members On All Orders. Explore The Latest Shoes Clothing & Accessories On adidas.com Shop Running Shoes Men's Shoes Women's Shoes Join now Joinadidas Creators Club,Search,2/10/2026
Adidas,adidas Ultraboost Shoes - Shop Ultraboost Shoes Shop adidas Ultraboost Shoes Today. Free Shipping For Members On All Orders. Shop The adidas Official Women's Shoes Men's Shoes adidas Ultraboost Light Samba Shop Sale,Search,2/10/2026
Adidas,"adidas Basketball Shoes - Shop The Official Site Explore The Latest Shoes, Clothing & Accessories On adidas.com. Shop The Latest Styles At adidas Online Sign Up For Free Shipping. Sign Up & Get 15% Off Free Returns & Exchanges. Innovative Technology Signature Collections Men's Shoes adidas Shoes adidas Dame 9 Shoes adidas New Arrivals Join now Join adidas Creators Club",Search,2/11/2026
Adidas,"adidas Official Store - Official adidas Online Store Don't Miss Out On Your Favorites. Order From The Official adidas Store. Shop adidas Official Store. Sign Up For Free Shipping. Free Returns & Exchanges Innovative Technology. Iconic & Timeless Styles. Sign Up & Get 15% Off Shop Sale Shop Our Sale Styles Today. Discounts For Men,Women, & Kids View Product Catalog Online We Offer a Wide Range Of Shoes, Clothes & AccessoriesOnline Join now Join adidas Creators Club",Search,2/11/2026
Adidas,"adidas Samba - Save 30% / Code WINTER Shop The Iconic Samba On The Official adidas Site Find Women's, Men's, and Kid's Sizing. Save 30% With Code WiNTER On Your Favorite adidas Styles For The Entire Year. adiClub Exclusives. Find A Store Near You Free Delivery Samba Wear For Anything & Everything. Shop The Iconic Samba Today",Search,2/19/2026
Adidas,"Golf Footwear - Upgrade Your Golf Shoe Game Lace Up and Get Out There in New adidas Spikeless Golf Shoes New Looks, New Feel, Better Performance",Search,2/23/2026
Adidas,Adidas outlet online - Get free shipping Find your perfect fit. shop the latest adidas footwear and apparel collections. Explore adidas Rating for adidas.com 4.5 (365) 1-3 days,Search,3/1/2026
Adidas,"Adidas originals - Adidas outlet online Find your perfect fit. shop the latest adidas footwear and apparel collections. Sneakers,Activewear And Sporting Goods Rating for adidas.com 4.5↓ (365)",Search,3/1/2026
Adidas,"Shop adidas? Sneaker - Shop The adidas? Official Site Shop adidas? Latest Styles Today. Free Shipping For Members On All Orders. Shop From adidas? For Comfortable Shoes, Clothing & Accessories For Men Sneakers & Sportswear Running Shoes",Search,3/18/2026
Adidas,"adidas - Shop adidas? Shop From adidas? For Comfortable Shoes, Clothing & Accessories For Men, Women & Kids. Shop adidas? Latest Styles Today. Free Shipping For Members On All Orders. Best Sales. Shop adidas Latest Styles. Shop Today. Free Shipping Women's Collection Sneakers NewArrivals",Search,3/18/2026
Adidas,Explore adidas sneakers built for performance and everyday comfort,Search,3/18/2026
Adidas,"adidas Us - adidas Shop adidas gear for all agesactivewear, accessories and sports essentials. Founded On Performance Adidas Sporting Goods Equipment Supports Athletes At All Levels. Best Sales Women's Collection We Have Sneakers, Pants & Tights And More View Details Men We Offer Italy Handball Spezial Shoes And More. Shop Now Products In Sale Shop Our Adilette 22 Slides And More. View Pricing",Search,3/18/2026
Adidas,"Kickoff I Up To 50% Off - Golf Shoes, Clothing & Gear Shop From adidas For Comfortable Shoes, Clothing & Accessories For Men, Women & Kids. Shop The Latest Deals & Promotions From adidas.Discounts Available On Hundreds Of Items",Search,3/18/2026
Adidas,"adidas? Official Site - Adidas Official US Store Shop Authentic Adidas Performance Gear For Running Training, Soccer, And More Today. Shop The adidas Official Site Today. Free Shipping & Returns For Members Rating for adidas.com 4.4 (372) Most items 60+ days Men's Collection Adidas Men's Shoes & Apparel Up to 50% off Women's Sale",Search,3/21/2026
Adidas,Find Your Nearest adidas Store & Shop The Latest Styles Now!,Search,4/7/2026
Adidas,"Shop adidas - Visit adidas Store Find Your Nearest adidas Store & Shop The Latest Styles Now! Shop The Latest adidas Footwear & Apparel Today! Categories: Men's Products, Kids Products,Women'sProducts",Search,4/8/2026
Adidas,"Up to 40% Off - Order Online Shop From adidas For Comfortable Shoes, Clothing & Accessories For Men, Women & Kids Sneakers Activewear and Sporting Goods Rating for adidas.com 4.4 (407) Adidas Near Me Shop Now",Search,6/8/2026
Adidas,Designed for athletes who push beyond limits every day,Search,6/9/2026
Adidas,"Kids' Back To School Sale - Women's Score Up To 40% Off Up To 40% Off Tons Of Back-To-School Styles. Free Shipping With adiClub. Be The First To Shop The Latest Footwear, Apparel & Accessories. Back To School Sale Now.Men,Women,Kids Based on user reviews, shoppers find Adidas offers comfortable, durable shoes and clothing at... More",Search,8/10/2026
Adidas,Shop adidas New Arrivals - adidas Official I Save 30% adidas New Arrivals Shop The adidas Official Site Today. Easy Online Checkout. hop Comfort And Performance In The Latest adidas Golf Women's Clothing And Shoes Rating for adidas.com 4.4 ↓ (468) 95-100%,Search,8/11/2026
Adidas,Official Save 30% - Shop the Latest Adidas Styles adidas New Arrivals Shop The adidas Official Site Today. Easy Online Checkout. hop Comfort And PerformanceInTheLatestadidasGolfWomen's Clothing And Shoes Addidas NewArrivals On adidas.com,Search,8/11/2026
Anta Sports,"ANTA? Official US Store - Performance Redefined Subscribe to our newsletter for exclusive updates on the latest arrivals, events, and more Bringing innovation style $ Verified business ANTA x Kyrie Irving About ANTA ANTA KAI 1 ANTA KAl 1 Team Donte DiVincenzo",Search,1/31/2024
Anta Sports,ANTA KAl 1 - Drop Has Ended - Subscribe To Our Next Drop Subscribe now and you will get notified when the next drop begins. The ANTA x Kyrie Irving signature line comprising cutting-edge shoes and lifestyle wear. Free shipping over $70. Official Guarantee. Fast Delivery,Search,4/6/2024
Anta Sports,ANTA? Official Website TUS - Subscribe To Our Next Drop Subscribe now and you will get notified when the next drop begins,Search,6/25/2024
Anta Sports,"ANTA C202 5 GT - ANTA Men's Race Running Shoes Rolling Carbon Plate Design shifts weight naturally to the forefoot, enhancing propulsion. Liquid Anti-Slip Rubber boosts grip and wear-resistant, perfect for all- weather marathons. Free Shipping Available ANTAKAl 2""Solar Return"":ANTAKAl 2""Dallas""",Search,8/9/2024
Anta Sports,"For Elites and Everday Runners - ANTA Men's Race Running Shoes Rolling Carbon Plate Design shifts weight naturally to the forefoot, enhancing propulsion. Liquid Anti-Slip Rubber boosts grip and wear-resistant, perfect for all- weathermarathons ANTA KAl 1 ‘leidoscope Shock Wave Challenge",Search,8/9/2024
Anta Sports,"ANTA Official Website I US - Power in Balance Unleash your inner strength with the ANTA KAl 1, where stillness meets explosive speed ANTA x Kyrie Irving Kyrie Irving Shoes ANTA KAI 1 Team ANTA KAl 2“""Dallas"" ANTA KAl 2 ""Solar Return""",Search,9/29/2024
Anta Sports,"ANTA Official Website I US - Power in Balance Unleash your inner strength with the ANTA KAl 1, where stillness meets explosive speed. Command the court with lightning-fast agility and deep-rooted focus-own every moment ANTA PG7 Max Cushion Running Shoes 7.6 PEAK GRAVITY ANTA KAl 2 “Dallas"" Mavericks Vibes, KAl Energy Built for the HometownHero ANTA x Kyrie Irving Basketball Shoes",Search,9/29/2024
Anta Sports,"ANTA Official Website - ANTA? Official Us Website Unveil the ANTA KAl 2 basketball shoes which Kyrie Irving melds his signature style with top-tier performance ANTA KAl 2 ""Solar Return"": ANTA KAl 2 ""Dallas”",Search,10/2/2024
Anta Sports,"ANTA C202 6 Pro - Built for Marathon Challenges Strong rebound and grip meet breathable comfort in this all-weather runner. Elite support with a light, durable Klay Thompson ANTA Men's Race Running Shoes ANTA KT 10""Dallas"" ANTA KAI 2 “Klay' ANTA ZAP 2",Search,12/4/2024
Anta Sports,"ANTA C202 6 Pro - Built for Marathon Challenges Strong rebound and grip meet breathable comfort in this all-weather runner. Elite support with a light, durable midsole ANTA PG7 Max Cushion Running Shoes 7.6 PEAK GRAVITY ANTA KAl 2 ""Solar Return"" Kyrie's New Chapter Starts Here Get yours before it's gone ANTA KAl 2""Dallas"" Mavericks Vibes, KAl Energy Built for the Hometown Hero Back to school : Up to 40% off Selected Items Valid Jul 30 - Aug 11",Search,12/4/2024
Anta Sports,"ANTA C202 6 - Built for Marathon Runners Fuel your journey with stability and durability, perfect for marathon training. Engineered for long-distance runners, enhancing every stride with stability. Chat Support Available. Multiple Payment Options. Free Shipping Available Up to 40% off KAl 1 Speed",Search,12/4/2024
Anta Sports,"ANTA Men's Race Running Shoes - ANTA C202 6 Fuel your journey with stability and durability, perfect for marathon training. Engineered for long-distance runners, enhancing every ANTA KAl 2“""Klay"" : New Season, Big Savings",Search,12/4/2024
Anta Sports,"ANTA Official WebsiteUS - ANTA KAl 1""Sacred Bond"" Celebrate strength, unity, and wisdom in every step inspired by Kyrie's journey. Powerful, meaningful design that blends strength and harmony in every detail. Free Shipping Available ANTAKAl 2""Solar Return"":ANTAKAl 2""Dallas""",Search,12/5/2024
Anta Sports,"ANTA KAI1 ""11 GAMES""-ANTA Official The design embodies Kyrie's exceptional ball-handling skills and on-court leadership Celebrate Kyrie's college legacy with theANTA ANTA KAl 2""Solar Return"":ANTA KAl 2""Dallas”",Search,12/23/2024
Anta Sports,"ANTA? Official Website US - ANTA x Kyrie Irving Discover ANTA Hela Style: where artistry, strength, and sustainability meet. Blending elegance and performance ANTA Héla Collection Sport × Art × ldentity in Motion Get yours before it's gone ANTA KT 10 ""Dallas"" ANTA x Klay Thompson Liquid Silver Meets Dallas Blue New Season, Big Savings Up to 50% off select styles Gear up for the new season Up to 50% off Selected Shoes Valid 19 Oct - 27 Oct",Search,1/10/2025
Anta Sports,"ANTA x Kyrie Irving - ANTA? Official Website I US Energy, balance, and styleStep into the KAl 2 ‘Solar Return' today! Cosmic style meets Kyrie Irving Basketball Shoes ANTA KAI 2 ANTA KAL 1 Back to school : Up to 40% off Selected Items Valid Jul 30 - Aug 11",Search,3/23/2025
Anta Sports,"ANTA? Official Website IUS - Heritage in Every Step Discover ANTA Hela Style: where artistry, strength, and sustainability meet",Search,4/1/2025
Anta Sports,"ANTA x Kyrie Irving - Subscribe To Our Next Drop Subscribe now and you will get notified when the next drop begins ANTA KAl 2 ""Solar Return"" ANTA x Kyrie Irving New Releases 2025 KAl 1 SPEED ""Bag Work"" ANTA KAl 1 Team View 3 prices from $45.00",Search,4/9/2025
Anta Sports,"ANTA x Kyrie Irving - Héla Heritage Lives On Crafted for daily life, inspired by Kyrie's journey and heritage. Daily style meets deep roots. Héla Style is made for you. Free Shipping Available. Chat Support Available",Search,4/17/2025
Anta Sports,"ANTA? Official Website I US - ANTA x Kyrie Irving Crafted for daily life, inspired by Kyrie's journey and heritage. Daily style meets deep roots. Hela Style is made for you. Free Shipping Available. Multiple Payment Options. Chat Support Available",Search,4/17/2025
Anta Sports,"ANTA PG7 - Easy Runs Designed for 5K-10K Easy Runs, Half Marathon Training, Everyday Errands, Travel Adventures ANTA PG7 ANTA KT 10""Dallas"" ANTA KAI 2 “Klay"" ANTA Héla Collection Up to 50% off Selected Shoes Valid 19 Oct - 27 Oct",Search,4/20/2025
Anta Sports,"ANTA PG7 - 7.6 PEAK ( GRAVITY Designed for 5K-10K Easy Runs, Half Marathon Training, Everyday Errands, Travel Adventures Whether you're hitting the pavement or New Season, Big Savings ·: ANTA KAl 2 “""Klay""",Search,4/20/2025
Anta Sports,"ANTA ZAP 2 I Donte eDiVincenzo Basketball Shoes Fast looks, faster performance. Trusted by Donte DiVincenzo, the Anta Zap 2 basketball shoes are made for players who move with rhythm and speed",Search,5/23/2025
Anta Sports,"ANTA x Klay Thompson - Spirit, Klay Energy Timeless design meets innovative tech. Get ready to dominate with the ANTA KT 10. ANTA KT 10: Cutting- edge Tech, Timeless Design ANTA KT 10 Celebrate 10 Years of Excellence KAl 3""Patchwork"" The Journey Continues Stories in Every Stitch",Search,5/23/2025
Anta Sports,ANTA Official Website TUS - Game- Ready. Street-Approved From the court to the streets-KAl 2 Triple Black will be your boldest look yet,Search,5/31/2025
Anta Sports,"ANTA KAI 2 ""Triple Black"" - ANTA Kyrie Irving From the court to the streets-KAl 2 Triple Black will be your boldest look yet",Search,5/31/2025
Anta Sports,"ANTA? Official Website I US - ANTA KAl 2 ""Retro '90"" 90s style reimagined for today's gameshop the KAl 2 Retro '90 now. KAl 2 Retro '90 is herecop the style that defined a ANTA KAl 2 ""Solar Return"": ANTA KAl 2""Dallas”",Search,6/4/2025
Anta Sports,"Exclusive ANTA KAl 2“Dallas” ANTA? Official Website I US Represent the Mavericks' spirit and Kyrie's commitment with KAl 2 ""Dallas."" Inspired by team spirit, made for your game. Get the KAl 2 “Dallas” today! Free Shipping Available. Chat Support Available ANTAKAl2""Solar Return"":ANTAKAl 2""Dallas”",Search,6/4/2025
Anta Sports,"ANTA Official WebsiteUS - ANTA KAl 2 ""Retro '90"" 90s style reimagined for today's game-shop the KAl 2 Retro '90 now. KAl 2 Retro '90 is herecop the style that defined a generation. Free Shipping Available. Chat Support Available",Search,6/5/2025
Anta Sports,"Phantom is Here - ANTA KAl 2 ""White Phantom KAl 2 “""White Phantom"" is live. Shine when the game is ontheline",Search,7/3/2025
Anta Sports,"ANTA KAl 2 ""White Phantom""- White Phantom is Here KAl 2 ""White Phantom"" is live. Shine when the game is on the line. From clean white to glowing green-this is your stealth era. Free Shipping Available. Chat Support Available ANTA KAl 2 “Klay"" : ANTA Héla Collection : ANTA PG7",Search,7/3/2025
Anta Sports,"ANTA x Kyrie Irving - ANTA? Official US Store Score 30% Off select KAl 1 Speed styles. Limited-time energy, unlimited speed. Elite speed meets big ANTA KAI 2 ""Klay"" Power of Two Kyrie × Klay Energy 30% Off KAl 1 Speed Kicks Fast cuts, quick savings—KAl 1 Speed sneakers now 30% Off ANTA Héla Styled Access Exclusive Drops just for You Héla Season 2 NYC & Members Events Up to 40% off KAl 1 Speed",Search,7/8/2025
Anta Sports,"ANTA x Kyrie Irving - Fast. Fierce. 30% Off Now Score 30% Off select KAl 1 Speed styles. Limited-time energy, unlimited speed. Elite speed meets big savings KAl 1 Speed sneakers, now 30% Off ANTA KAI 2 “Klay"" Power of Two Kyrie × Klay Energy 30% Off KAl 1 Speed Kicks Fast cuts, quick savingsKAl 1 Speed sneakers now 30% Off ANTA Héla Collection ANTA KT 10 ""Dallas""",Search,7/9/2025
Anta Sports,"ANTA Official Website - ANTA Kyrie Irving Collection The ANTA KAl Collection by Kyrie Irving features the ANTA KAI 2, ANTA KAI 1 and ANTA KAI 1 SPEED basketball shoes, the KAl clothing line, and the lifestyle ANTAHelacollection ANTA KAl 2""Solar Return"":ANTA KAl 2""Dallas”",Search,7/12/2025
Anta Sports,"Explore the ANTA Clothing Collection, blending performance and style for court and lifestyle. From training gear to casual wear, find versatile pieces that keep you comfortable and confident",Search,7/17/2025
Anta Sports,"ANTA? Official Website US - Catch the First Light The sun never stops-neither should you. Lace up the KAl 2 ""SUN"" now. Built for bold plays and bright ANTA KAI 2“Klay"" ANTA PG7 ANTA Héla Collection ANTA KT 10 ""Dallas"" Shine Bold in KAl 2 “SUN""",Search,7/17/2025
Anta Sports,"Official Website/US - ANTA KAI 2 ""SUN"" The sun never stops-neither should you. Lace up the KAl 2 ""SUN"" now. Built for bold plays and bright momentsget your KAl 2 ANTA KAl 2“Klay"" : ANTA Héla Collection :",Search,7/17/2025
Anta Sports,Kyrie Irving's Collection - Page 4 - ANTA Singapore Curated collection of our Chief Creative Officer Kyrie Irving Shop now for KAl's latest apparel and shoes drops,Search,7/17/2025
Anta Sports,"Kyrie Irving's Collection - ANTA Singapore Score 30% Off select KAl 1 Speed styles. Limited-time energy, unlimited speed. Fast cuts, quick savingsKAl 1 Speed sneakers now 30% Off. Curated collection of our Chief Creative Officer Kyrie Irving Shop now for KAl's latest apparel and shoes drops",Search,7/17/2025
Anta Sports,"ANTA KAl Collection I Kyrie Irving Clothing Discover the Anta Kai Clothing Collection, where modern design meets versatile performance. Inspired by Kyrie Irving, this collection blends comfort and style for on and off the court. Perfect for active ANTA Héla Styled Access Exclusive Drops just for You Héla Season 2 NYC & Members Events ANTA Heéla Code Drop Sport × Art × ldentity in Motion Get yours before it's gone ANTA Héla Code Premium New standard in style Get yours before it's gone Up to 40% off KAl 1 Speed",Search,7/17/2025
Anta Sports,ANTA Official Website Transcending the spirit of sport into your daily life Unveil the Anta Kai 2 basketball shoes which Kyrie Irving melds his signature style with top-tier performance. Free Shipping Available. Chat Support Available. Multiple Payment Options,Search,7/17/2025
Anta Sports,"ANTA KT Collection / Klay Thompson Shoes Fast cuts, quick savingsKAl 1 Speed sneakers now 30% Off. Elite speed meets big savings. KAl 1 Speed sneakers, now 30% Off. Explore the Anta Kt Collection inspired by Klay Thompson. From performance-driven basketball shoes to stylish apparel, this collection is",Search,7/17/2025
Anta Sports,"ANTA x Kyrie Irving - ANTA? Official Website IUS Discover ANTA Hela Style: where artistry, strength, and sustainability meet. Blending elegance and performance ANTA PG7 Max Cushion Running Shoes 7.6 PEAK GRAVITY ANTA Héla Code Drop Sport × Art × Identity in Motion Get yours before it's gone ANTA Héla Style Shop ANTA Hela Style redefine elegance on and off the court Up to 40% off KAl 1 Speed",Search,7/29/2025
Anta Sports,"ANTA? Official Website I US - ANTA x Kyrie Irving Discover ANTA Hela Style: where artistry, strength, and sustainability meet ANTA KAl 2 ""Solar Return"" : ANTA KAl 2 “Dallas""",Search,7/29/2025
Anta Sports,ANTA Official Website - Shop ANTA Sale now Up to 40% Off Shop styles to start strong this semester. Ends Aug 11. A fresh look for a fresh start- shop up to 40% off until Aug 11. Free Shipping Available. Chat Support Available,Search,8/1/2025
Anta Sports,"New Season, Big Savings! - New Season, Up to 50% Off Gear up for the new seasonenjoy up to 50% off select ANTA sneakers and apparel! Score big this season! Up to 50% off your favorite ANTA gear. Don't ANTA KAI 2 ""Klay"" ANTA KAl Collection ANTAI Up to 50% off Selected Shoes Valid 19 Oct - 27 Oct",Search,8/2/2025
Anta Sports,"ANTA? Official Website I US - Limited KAl 1 Drop ANTA KAI 1 CHIEF HELA ""CROWN JEWEL"" returns with the same fire-now available. Cultural roots Spiritual Up to 50% off Selected Shoes Valid19Oct-27Oct",Search,8/2/2025
Anta Sports,"KAI 1 CHIEF HELA ""CROWN JEWEL"" - Limited KAl 1 Drop ANTA KAI 1 CHIEF HELA""CROWN JEWEL"" returns with the same fire-now available ANTA KAl 2""Klay"": ANTA Hela Collection :",Search,8/2/2025
Anta Sports,"ANTA x Klay Thompson - Shop the New Collection Inspired by Klay Thompson, from performance-driven basketball shoes to stylish apparel. Energy, balance",Search,8/8/2025
Anta Sports,"ANTA x Kyrie Irving - ANTA Kids Basketball Shoes Unleash your inner strength with the ANTA Shoes where stillness meets explosive speed. Uncover the inspiration behind KAl's homage to his ANTA x Kyrie Irving ANTA KAl 2 “Dallas"" ANTA KAl 1 Team ANTA KAl 2 ""Solar Return"" View 3 prices from $45.00",Search,8/15/2025
Anta Sports,ANTA Kids Basketball Shoes - ANTA? Official Website I US Unleash your inner strength with the ANTA Shoes where stillness meets explosive speed. Uncover the inspiration behind KAl's homage to his heritage ANTA x Kyrie Irving Discover his story and passion Start your journey with ANTA ANTAKAl 1 Team Built for Training and Street Play. Court Ready Every Game View 3 prices from $45.00,Search,8/16/2025
Anta Sports,"ANTA Héla Style ""Roots"" - ANTA? Official Website I US Crafted for daily life, inspired by Kyrie's journey and heritage. Daily style meets deep roots. Hela Style is made for you. Free Shipping Available. Chat Support Available. Multiple Payment Options ANTA KAI 2“""Klay"" : ANTA KT 10 ""Dallas""",Search,8/20/2025
Anta Sports,Kyrie's journey returns in style. Two fresh Roots drops -availablenow,Search,8/22/2025
Anta Sports,"ANTA? Official Website I US - ANTA x Kyrie Irving Kyrie's journey returns in style. Two fresh Roots drops -availablenow ANTA KAl 2 ""Solar Return"" : ANTA KAl 2“Dallas""",Search,8/22/2025
Anta Sports,"a Style - ANTA? Official Website I US Discover ANTA Héla Style: where artistry, strength, and sustainability meet. Blending elegance and performance: ANTA Héla Style, available now. Free Shipping Available. Chat Support Available. Multiple Payment Options",Search,8/23/2025
Anta Sports,"ANTA Official Website I US - Heritage in Every Step Discover ANTA Héla Style: where artistry, strength, and sustainability meet. Blending elegance and performance: ANTA Héla Style, available now. Free Shipping Available. Multiple Payment Options. Chat Support Available Rating for anta.com 4.61 1-4 days ANTA x Kyrie Irving ANTA Héla Collection ANT",Search,8/24/2025
Anta Sports,"Labor Day Up to $45 Off - Save Up to $45 This Labor Day Finally get your hands on some ANTA gear this Labor Day Weekend. Save $45 on select items! ANTA KAl 2 ""Dallas"" Mavericks Vibes, KAl Energy Built for the Hometown Hero ANTA PG7 ANTA KAI 1 Team ANTA KAl 2 ""Solar Return"" Labor Day - Up to $45 off Select Items Valid Aug 29 - Sep 2",Search,8/29/2025
Anta Sports,"Season, Up to 50% Off - Up Your Game: Up to 50% Off Gear up for the new seasonenjoy up to 50% off select ANTA sneakers and apparel!",Search,8/29/2025
Anta Sports,"ANTA Black Friday Is Here - Move Fast, Save Big Step into Black Friday energy. Up to 60% Off on ANTA gearshop before it's gone!",Search,8/29/2025
Anta Sports,"ANTA Kyrie Irving Collection - The ANTA KAl Collection The ANTA KAl Collection by Kyrie Irving features the ANTA KAI 2, ANTA KAI 1 and ANTA KAI 1 SPEED basketball shoes, the KAl clothing line, and the lifestyle ANTA Héla collection ANTA KAI 2 “""Klay"" Power of Two Kyrie × Klay Energy ANTA Héla Collection Sport × Art × ldentity in Motion Get yours before it's gone ANTA KT 10""Dallas"" ANTA x Klay Thompson Liquid Silver Meets Dallas Blue Up to 50% off Selected Shoes Valid 19 Oct - 27 Oct",Search,8/30/2025
Anta Sports,"ANTA x Kyrie Irving - Kyrie's Vision Your Code Kyrie's creative philosophy comes aliveexperience sport as culture with the Héla Code. Unlock the fusion of style, performance, and identity with the Hela Code ANTA KAI 2 “Klay"" ANTA Héla Collection ANTAKT 10""Dallas"" ANTA PG7",Search,9/12/2025
Anta Sports,"Héla Code: Style & Power - Kyrie's Vision, Your Code Kyrie's creative philosophy comes aliveexperience sport as culture with the Héla Code ANTA x Kyrie Irving From court to street: The Héla Code fuses heritage, artistry, and function ANTAR Official Website I US Step into Kyrie's code-limited drop, unlimited expression ANTA KAI 2 “""Klay"" Power of Two Kyrie × Klay Energy Up to 50% off Selected Shoes Valid 19 Oct - 27 Oct",Search,9/12/2025
Anta Sports,"ANTA? Official Website I US - Culture in Every Step Step into Kyrie's code-limited drop, unlimited expression. Crafted with detail, built for movement. Own the Hela Code Premium. Free Shipping Available. Chat Support Available ANTA x Kyrie Irving Unlock the fusion of style, performance, and identity with the Hela Code Premium KAI 3""432HZ"" The Journey Continues Rhythm in Every Line ANTA Héla Collection Héla Code Premium Drops",Search,9/12/2025
Anta Sports,ANTA? Official Website TUS - Héla Code Premium Drops Kyrie's creative philosophy comes aliveexperience sport as culture with the Héla Code,Search,9/12/2025
Anta Sports,"ANTA PG7 - 7.6 PEAK GRAVITY Designed for 5K-1oKEasy Runs, Half Marathon Training, Everyday Errands, Travel Adventures Whether you're hitting ANTA KAl 2“""Klay"" : ANTA Héla Collection : ANTA PG7",Search,9/12/2025
Anta Sports,"Kyrie Irving Picks - Kyrie Irving Clothing Line The ANTA x Kyrie Irving signature line, comprising cutting-edge shoes and lifestyle wear Each piece ANTA x Kyrie Irving ANTA KAI 2 “Klay"" Products For Men",Search,9/19/2025
Anta Sports,"ANTA Héla Collection - ANTA x Kyrie Irving From skate to street-Hela Heéla Style ""Roots"" is here Secure yours today ANTA Héla Collection ANTA x Kyrie Irving ANTA KAI 2 ""Klay"" ANTA KT 10""Dallas"" Explore ANTA's Evolution",Search,9/19/2025
Anta Sports,"ANTA x Kyrie Irving - Explore the 3 New Shades Three new colorways. One fearless spirit. Discover Kyrie's Hela Style ANTAKAl 2“Klay"": ANTA Hela Collection : ANTA PG7",Search,9/20/2025
Anta Sports,"ANTA x Kyrie Irving - Kyrie's Energy Reimagined Three new colorways. One fearless spirit. Discover Kyrie's Héla Style. A canvas of movementexplore all 3 Hela Style Rating for anta.com 4.61 95-100% ANTA KAI 2 ""Klay"" ANTA Héla Collection ANTA Up to 50% off Selected Shoes Valid 19 Oct - 27 Oct",Search,9/20/2025
Anta Sports,"Basketball Shoes - ANTA Singapore Browse our full Basketball Shoe collection, inclusive of special collaboration drops with famous basketballers such as Kyrie Irving, Klay Thompson, Donte DiVicenzo and Gordon Hayward",Search,9/22/2025
Anta Sports,"ANTA x Kyrie Irving - Explore the 3 New Shades Three new colorways. One fearless spirit. Discover Kyrie's Hela Style. A canvas of movement-explore all 3 Héla Style colorways now. Free Shipping Available ANTA KAI 2 “Klay"" Power of Two Kyrie × Klay Energy ANTA Héla Collection New Hela Style Arrives ANTA KT 10 ""Dallas"" Up to 50% off Selected Shoes Valid 19 Oct - 27 Oct",Search,9/22/2025
Anta Sports,"ANTA? Official Website US - Power of Two Flow meets force-step into the KAl 2 ""Klay"" and storm the court today",Search,9/26/2025
Anta Sports,"ANTA? Official Website I US - ANTA KAl 2 ""Klay"" Flow meets force-step into the KAl 2 ""Klay"" and storm KAl 2 “Klay"" while it lasts. Chat Support Available Rating for anta.com 4.61 95-100% ANTAKT 10 ""Dallas"" ANTA PG7 ANTA KAI 2 “ Up to 50% off Selected Shoes Valid 19 Oct - 27 Oct",Search,9/26/2025
Anta Sports,"ANTA? Official Website I US - ANTA x Kyrie Irving Energy, balance, and styleStep into the KAl 2 ‘Solar Return' today! Rating for anta.com 4.6 95-100% ANTA KAI 2 “Klay"" Power of Two Kyrie × Klay Energy Kyrie Irving ANTA KAI 1 KAI 1 Up to 40% off KAl 1 Speed",Search,9/30/2025
Anta Sports,"ANTA KAl 2 ""Solar Return""I Kyrie Irving Shoes The Anta Kai 2 Solar Return colorway by Kyrie Irving takes inspiration from the solar spectrum deconstructing sunlight into a vibrant array of colors across the shoe. These hues reflect the richness of all of",Search,9/30/2025
Anta Sports,"ANTA x Kyrie Irving - Kyrie's Journey Two Ways From family to culture,“""Roots"" Yin & Yang carry Kyrie's story in every step. New Yin & Yang colorways honor Kyrie's journey through heritage and identity ANTA KAI 2“Klay"" ANTA Hela Collection ANTA Hela Style ""Roots"" ANTAKT10""Dallas"" ANTA PG7",Search,10/1/2025
Anta Sports,"ANTA? Official Website I US - ANTA x Kyrie Irving From family to culture, “Roots"" Yin & Yang carry Kyrie's story in every step. New Yin & Yang colorways honor Kyrie's journey through heritage and identity. Chat Support Available Up to 50% off Selected Shoes Valid 19 Oct-27 Oct",Search,10/1/2025
Anta Sports,"ANTA? Official Website I US - Shop Anta Shoes Today Flow meets forcestep into the KAl 2 ""Klay"" and storm the court today. Brotherhood in ever Power of Two - Flow meets forcestep into the KAl 2 ""Klay"" and storm the court today. Limited Editions. Performance Gear 30-Day Returns Kyrie Collection Basketball Shoes Anta: Athlete-Endorsed Gear Running Shoes View 5 prices from $35.00",Search,10/14/2025
Anta Sports,"ANTA? Official Website I US - ANTA × Kyrie Irving Kyrie's ultimate 1v1 tribute. KAl 2 ""King of the Court"" is hereclaim your crown. From Dallas to your Rating for anta.com 4.61 2 hours Up to 50% off Selected Shoes Valid 19 Oct - 27 Oct",Search,10/18/2025
Anta Sports,"New Season, Up to 50% Off - New Season, Big Savings! Gear up for the new season-enjoy up to 50% off select ANTA sneakers and apparel! Score big this season! Up to 5o% off your favorite ANTA gear. Don't miss out! Chat Support Available. Free Shipping Available. Multiple Payment Options ANTA KAI 2 “""Klay"" Power of Two Kyrie × Klay Energy ANTA KAl Collection Men's Basketball Shoes Kids' Basketball Shoes",Search,10/18/2025
Anta Sports,"Kyrie Irving's Collection - ANTA Singapore Curated collection of our Chief Creative Officer Kyrie Irving Shop now for KAl's latest apparel and shoes drops. Free Shipping Available. Chat Support Available Multiple Payment Options ANTA KAl 2 “Klay"" : ANTA Héla Collection : ANTA PG7",Search,10/22/2025
Anta Sports,"ANTA? Official Website/US - The Crown Returns Kyrie's ultimate 1v1 tribute. KAl 2 ""King of the Court"" is hereclaim your crown. From Dallas to your game- KAl 2 “King of the Court"" brings the crown home. Free Shipping Available. Chat Support Available ANTA × Kyrie Irving ANTA KAl 2 “""King of the Court""",Search,11/7/2025
Anta Sports,"ANTA? Official WebsiteIUS - ANTA KAl 2“King of the Court"" Kyrie's ultimate 1v1 tribute. KAl 2 ""King of the Court"" is hereclaim your crown. From Dallas to your game- KAl 2 ""King of the Court"" brings the crown ANTA × Kyrie Irving A tribute to Kyrie's 1v1 reign-crafted for those who rule their game ANTA KAI 2“""Klay’ ANTA Héla Collection The Crown Returns New Year's : Up to 50% off Selected Items Valid Jan 5 - Jan 11",Search,11/7/2025
Anta Sports,"ANTA Black Friday Is Here - The Biggest ANTA Sale Step into Black Friday energy. Up to 60% Off on ANTA to ANTA PG7 Max Cushion Running Shoes 7.6 PEAK GRAVITY ANTA Héla Collection Sport × Art × ldentity in Motion Get yours before it's gone Game OnBlack Friday ANTA KAI 2“Klay"" Black Friday : Up to 60% off of all shoes Valid Nov 11 - Dec 3",Search,11/11/2025
Anta Sports,"ANTA Black Friday Is Here - Game On Black Friday Step into Black Friday energy. Up to 60% Off on ANTA gear-shop before it's gone! Power your game with up to 60% Off. Black Friday is on-shop your favorites now! Free Shipping Available. Chat Support Available Rating for anta.com 4.61 Most items 30+ days ANTA KAI 2 ""Klay"" The Biggest ANTA Sale ANT Black Friday : Up to 60% off of all shoes Valid Nov 11 - Dec 3",Search,11/11/2025
Anta Sports,ANTA Black Friday Is Here - Up to 60% Off Now Live Step into Black Friday energy. Up to 60% Off on ANTA gear-shop before it's gone! Power your game with up to 60% Off. Black Friday is on-shop your favorites now! Chat Support Available. Free Shipping Available Multiple Payment Options Rating for anta.com 4.6 1-4 days Black Friday : Up to 60% off of all shoes Valid Nov 11 - Dec 3,Search,11/11/2025
Anta Sports,ANTA Black Friday ls Here - Up to 60% Off Now Live Step into Black Friday energy. Up to 60% Off on ANTA gearshop before it's gone! Black Friday : Up to 60% off of all shoes ValidNov11-Dec3,Search,11/11/2025
Anta Sports,"Up to 60% Off Now Live - ANTA Black Friday Is Here Step into Black Friday energy. Up to 60% Off on ANTA gear-shop before it's gone! Power your game with up to 60% Off. Black Friday is onshop your favorites now! Free Shipping Available. Multiple Payment Options Rating for anta.com 4.61 The Biggest ANTA Sale Unleash your power. ANTA Black Friday deals up to 60% Offshop now! Game OnBlack Friday ANTA KAI 2“Klay"" Black Friday : Up to 60% off of all shoes Valid Nov 11 - Dec 3",Search,11/11/2025
Anta Sports,"ANTA Black Friday Is Here - Up to 60% Off Now Live Step into Black Friday energy. Up to 60% Off on ANTA gear-shop before it's gone! Power your game with up to 60% Off. Black Friday is onshop your favorites now! Free Shipping Available. Chat Support Available Multiple Payment Options Rating for anta.com 4.6 Most items 30+ days ANTA KT 10 ""Dallas"" The Biggest ANTA Sale Black Friday : Up to 60% off of all shoes Valid Nov 11 - Dec 3",Search,11/11/2025
Anta Sports,"Men's Basketball Shoes - ANTA Singapore A collection of basketball shoes suitable for outdoor courts, indoor courts and daily styles Shop now Free Shipping Available ANTA KAl 2 ""Klay"" : ANTA Héla Collection",Search,11/11/2025
Anta Sports,"ANTA Héla Style ""Roots"" - ANTA x Kyrie Irving Heritage meets styleCycle & Nature colorways of Héla Style “Roots"" are here ANTA KAI 2 “Klay"" ANTA Héla Collection ANTA Black Friday : Up to 60% off of all shoes Valid Nov 11 - Dec 3",Search,11/13/2025
Anta Sports,Kyrie Irving's Collection - ANTA Singapore Curated collection of our Chief Creative Officer Kyrie Irving Shop now for KAl's latest apparel and shoes drops,Search,11/13/2025
Anta Sports,"Performance Running Shoes - Up to 60%Off Black Friday Sale Keep Moving with Anta! Find iconic Kyrie Irving and Klay Thompson collections up to 60%off Up to 60% off Black Friday Sale is here! Shop authentic, pro-grade Rating for anta.com 4.6 2 hours ANTA C202 5 GT Men's Collection Anta c202 6",Search,11/16/2025
Anta Sports,"ANTA Black Friday Is Here - Up to 60% Off Now Live Step into Black Friday energy. Up to 60% Off on ANTA gearshop before it's gone! Rating for anta.com 4.6 95-100% Black Friday Sale ANTA KAl 2 “Azurie"" Game ( Black Friday : Up to 60% off of all shoes Valid Nov 11 - Dec 3",Search,11/21/2025
Anta Sports,"ANTA? Official Website/US - ANTA ×x Kyrie Irving A love letter from Kyrie to his daughter-crafted into the KAl 2 “Azurie."" Black Friday Sale ANTA KAl 2“""Azurie"" ANTA KAI 2 “Klay",Search,11/22/2025
Anta Sports,"ANTA? Official Website/US - ANTA KAl 2 ""Azurie"" A love letter from Kyrie to his daughter-crafted into the KAl 2 “Azurie."" A father's love crafted into color. The KAl 2 ""Azurie"" is Black Friday Sale : ANTA KAl 2“Klay""",Search,11/22/2025
Anta Sports,"Kyrie Irving Collection - ANTA MALAYSIA KAl 2 ""Dallas"" Basketball Shoes now available Free Shipping Available. Multiple Payment Options. Chat Support Available ANTA KAI 2 “Klay"" ANTA Héla Collection Black Friday : Up to 60% off of all shoes Valid Nov 11 - Dec 3",Search,11/24/2025
Anta Sports,"Chief Creative Officer Kyrie Irving - Kyrie Irving's Collection Curated collection of our Chief Creative Officer Kyrie Irving! Shop now for KAl's latest apparel and shoes drops Last Chance Black Friday - ANTA KAl 2 “Azurie""",Search,11/26/2025
Anta Sports,"ANTA Black Friday Is Here - Up to 60% Off Now Live Step into Black Friday energy. Up to 60% Off on ANTA gearshop before it's gone! ANTA KAl 2“Azurie"" Crafted from Love Where Love Meets Play ANTA KAI 2 “Klay"" Power of Two Kyrie × Klay Energy Black Friday Sale Up to 60% Off Now Live Move Fast, Save Big Black Friday : Up to 60% off of all shoes Valid Nov 11 - Dec 3",Search,11/27/2025
Anta Sports,"ANTA Official Website - ANTA Black Friday Is Here Step into Black Friday energy. Up to 60% Off on ANTA gear-shop before it's gone! Power your ANTA KAI 2 “Klay"" Power of Two Kyrie × Klay Energy ANTA KAl 2“Azurie"" Last Chance Black Friday Up to 60% Off Now Live Black Friday : Up to 60% off of all shoes Valid Nov 11 - Dec 3",Search,11/28/2025
Anta Sports,"ANTA Official Website - Up to 60% Off Now Fantastic Holiday Pickssave up to 60% from Dec 9- 31. Shop your favorites now ANTA KAl 2""Azurie"" Crafted from Love Where Love Meets Play ANTA KAI 2 ""Klay"" Power of Two Kyrie × Klay Energy Shop ANTA Sale today Your holiday favorites, now up to 60% off. Sale runs Dec 9-31 Up to 60% off of all shoes Valid Dec9-Dec 31",Search,11/28/2025
Anta Sports,"ANTA Kyrie Irving Collection I ANTA Official Website The ANTA KAl Collection by Kyrie Irving features the ANTA KAI 2, ANTA KAI 1 and ANTA KAI 1 SPEED basketball shoes, the KAl clothing line, and the lifestyle ANTA Héla collection ANTA KAI 2 “Klay"" ANTA Héla Collection Up to 60% off of all shoes Valid Dec 9- Dec 31",Search,12/3/2025
Anta Sports,"ANTA Kyrie Irving Collection I ANTA Official Website Your holiday favorites, now up to 60% off. Sale runs Dec 9-31. Fantastic Holiday Pickssave up to 60% from Dec 9-31. Shop your favorites now. The Anta Kai Collection by Kyrie Irving features the Anta Kai 2, Anta Kai 1 and Anta Kai 1 Speed basketball shoes, the KAl",Search,12/9/2025
Anta Sports,"ANTA KAl 2 I Kyrie Irving Shoes Introducing the Anta Kai 2 basketball shoes. Inspired by Kyrie Irving's Know Your Power, empowers people to own and express their energy and dominate the game through unparalleled style, on and off the court. Chat Support Available ANTA KAI 2“Klay"" Power of Two Kyrie × Klay Energy ANTA Héla Collection Sport × Art × ldentity in Motion Get yours before it's gone Up to 60% off of all shoes Valid Dec 9- Dec 31",Search,12/10/2025
Anta Sports,"Style ""Roots"" - ANTA x Kyrie Irving Roots reimagined in Ombre Pink-symbolizing renewal and identity. Shop now. Fresh light, fresh identity— Ombre ANTAKAl 2""Azurie”:ANTAHela Collection:Men's",Search,12/12/2025
Anta Sports,"ANTA? Official WebsiteUS - ANTA x Kyrie Irving Roots reimagined in Ombre Pinksymbolizing renewal and identity. Shop now. Step into new beginnings with the Rating for anta.com 4.61 ANTA KAI 2“Klay"" Power of Two Kyrie × Klay Energy ANTA Héla Collection",Search,12/12/2025
Anta Sports,ANTA × Kyrie Irving - ANTA? Official Website TUS Designed for players who stay steady when the game is on the line. Clutch moments demand calm control,Search,12/20/2025
Anta Sports,"PG7 Max Cushion Runners - Wide Toe, All-Day Comfort Lightweight, breathable runners built for road, gym & daily miles. Stable, durable traction with responsive energy return Rating for amazon.com 4.5 → (16,571) Up to 60% off of all shoes Valid Dec 9-Dec 31",Search,12/23/2025
Anta Sports,"Comfortable Running Shoes - From $59.99 Only Our wide selection is eligible for free shipping and free returns Max cushioning with ultra-soft rebound. Now 25% off, starting at $59.99 Rating for amazon.com 4.5\ (16,571) Most items 30+ days Shock Absorption Upgrade Lightweight, breathable runners built for road gym & daily miles Up to 60% off of all shoes Valid Dec 9- Dec 31",Search,12/24/2025
Anta Sports,"ANTA x Kyrie Irving - Pro-level features Elevate your game with KAl 1 TEAM. Stability, comfort and performance in one. Designed for basketball lovers Feel the comfort with KAl 1 TEAM. Chat Support Available. Track An Order. Multiple Payment Options Rating for anta.com 4.61 ANTA KAI 3 The Journey Continues Subscribe for the next colorway Kyrie Irving Basketball Shoes Valentine's Day : Up to 50% off Selected Items Valid Feb 5- Feb 14",Search,1/4/2026
Anta Sports,"ANTA? Official Website I US - ANTA × Kyrie Irving Flow meets force-step into the KAl 2 “Klay"" and storm the court today. Brotherhood, balance, and style. Get the “Klay"" now. Free Shipping Available. Chat Support Available. Multiple Payment Options ANTA KAI 2 “Klay"" Power of Two Kyrie × Klay Energy ANTA KAl 2“Azurie"" Crafted from Love Where Love Meets Play ANTA Hela Collection Kyrie × Klay Energy",Search,1/4/2026
Anta Sports,"Kyrie × Klay Energy - ANTA × Kyrie Irving Flow meets force-step into the KAl 2 ""Klay"" and storm the court today. Brotherhood in every stepsecure the KAl 2 “Klay"" while it lasts. Free Shipping Available Multiple Payment Options. Chat Support Available",Search,1/4/2026
Anta Sports,e|US -ANTA × Kyrie Irving Designed for players who stay steady when the game is on the line. Clutch moments demand calm control. KAi 2 CLUTCHout now. Free Shipping Available. Multiple Payment Options. Chat Support Available,Search,1/4/2026
Anta Sports,"ANTA Héla Style ""Roots"" - ANTA x Kyrie Irving Roots Reimagined: bold new Golden Hands & Root to Radiance for your every step. Step into Kyrie's story- Hela Rating for anta.com 4.61 ANTA Héla Collection Sport × Art × Ildentity in Motion Get yours before it's gone ANTA KAI 2 “""Klay"" Power of Two Kyrie × Klay Energy ANTA KAl 2""Azurie' Step Into Roots",Search,1/21/2026
Anta Sports,"ANTA Héla Style ""Roots""- ANTA x Kyrie Irving Roots Reimagined: bold new Golden Hands & Root to Radiance for your every step. Step into Kyrie's ANTA KAI 3 ANTA Héla Collection ANTA KAI 2""Klay"" Fresh Roots for Your Fit Step Into Roots",Search,1/23/2026
Anta Sports,"ANTA Official Website - Shop the New Collection - Anta The ANTA x Kyrie Irving signature line, comprising cutting-edge shoes and lifestyle wear. Inspired by Klay Thompson, from performance-driven basketball shoes to ANTA x Kyrie Irving Shoes",Search,2/5/2026
Anta Sports,"TUS - Built on Focus & Identity A lifestyle symbol of Kyrie's inner drive. Héla Style ""Roots"" KAl Mentality is here",Search,2/6/2026
Anta Sports,"ANTA? Official WebsiteI US - Built Focus & Identity Step into Kyrie's mindset. Héla Style ""Roots"" KAl Mentality now available. A lifestyle symbol of Kyrie's inner drive. Hela Style ""Roots"" KAl Mentality is here",Search,2/6/2026
Anta Sports,Lighter. Faster. Stronger - Built for Marathon Speed Carbon plate propulsion meets featherweight foam for race-day speed,Search,2/6/2026
Anta Sports,"ANTA C202 7 - Speed Meets Endurance Carbon plate propulsion meets featherweight foam for race-day speed. Run with Bekele. Engineered for speed, efficiency, and long-distance power. Free Shipping Available Rating for anta.com 4.61 1-4 days Valentine's Day : Up to 50% off Selected Items Valid Feb 5- Feb 14",Search,2/6/2026
Anta Sports,"ANTA? Official Website I US - All-Star Energy, Game Ready Kyrie's focus and fearlessness, built into every step Shop KAl 3 today. Engineered for quick cuts and ANTA × Kyrie Irving From mindset to movement-experience the KAl 3""KAl Mentality"" today ANTA KAI 3 The Journey Continues Subscribe for the next colorway ANTA Héla Collection Kyrie's Mindset. New KAl 3 Valentine's Day : Up to 50% off Selected Items Valid Feb 5-Feb 14",Search,2/7/2026
Anta Sports,ANTA x Kyrie Irving - ANTA? Official Website TUS Thrive in chaos. Play with clarity. KAl 3 KAl Mentality out now,Search,2/7/2026
Anta Sports,"ANTA x Kyrie Irving - Shop the New Collection Inspired by Klay Thompson, from performance-driven basketball shoes to stylish apparel. ANTA Running Collection Up to 40% Off ANTA KAI 2",Search,2/8/2026
Anta Sports,"ANTA Official Website -ANTA? Official Website ANTA Héla Style""Roots"" Lifestyle Sneaker by Kyrie Irving. Chosen by Stephen Curry. ANTA Running Collection - Pick your perfect fit. Multiple Payment Options. View Newsroom. Track An Order. Categories: Women's Collection, Men's Collection, Kids' Collection ANTA x Kyrie Irving Shoes",Search,2/8/2026
Anta Sports,"ANTA KAl 3 - ANTA? Official Website US Kyrie's focus and fearlessness, built into every step Engineered for quick cuts and control. Fast Delivery",Search,2/12/2026
Anta Sports,ANTA KAI 1 SPEED - ANTAR Official Website I US - Light. Locked Calm control meets explosive speedKAl 1 SPEED is made for game changers. Built for fast breaks and fearless Rating for anta.com 4.61 ANTA x Kyrie Irving Discover his story and passion Start your ourney with ANTA,Search,2/12/2026
Anta Sports,"ANTA? Official Website I US - ANTA x Kyrie Irving - Play in Perfect Frequency The KAl 3""432HZ"" is live. Rhythm-inspired design meets Kyrie's flow. Every detail tuned to Kyrie's rhythm The ""432HZ"" colorway is here. Chat Support Available ANTA KAI 2 “Klay"" ANTAKA/3""432HZ' ANTA",Search,2/28/2026
Anta Sports,"ANTA KAI 3 ""432HZ""I Kyrie Irving Basketball Shoes The Anta Kai 3 “432HZ"" basketball shoes inspired by Kyrie's rhythm and control. Tuned to the natural frequency of balance and harmony, delivering smooth flow, quick cuts, and confident performance on every play",Search,2/28/2026
Anta Sports,Anta 90s style reimagined for today's gameshop the KAi2 Retro'90 now,Search,3/7/2026
Anta Sports,ANTA? Official Website IUS -ANTAx Kyrie Irving Command the court with lightning-fast agility and deep- rooted focusown every moment,Search,3/10/2026
Anta Sports,"ANTA? Official Website I US - ANTA x Kyrie Irving - Built for Kyrie Footwork Move fast, cut sharpexperience KAl 2 SPEED performance now. Built for quick shifts and explosive moves. Shop KAl 2 Speed today. Free Shipping Available. Chat Support Available Rating for anta.com 4.61 Most items 30+ days",Search,3/11/2026
Anta Sports,"ANTA? Official Website/US - Find Your Harmony Unleash your inner strength with the ANTA KAl 1, where stillness meets explosive speed. Shop now for your pair Free Shipping Available. Multiple Payment Options Chat SupportAvailable ANTAx Kyrie Irving KAl 3 ""Calcite"" ANTA Héla",Search,3/12/2026
Anta Sports,"ANTA Kyrie Irving Collection IANTA Official Website The Anta Kai Collection by Kyrie Irving features the Anta Kai 3, Anta Kai 2, Anta Kai 1 and Anta Kai 1 Speed basketball shoes, the KAl clothing line, and the lifestyle ANTA Hela collection. Free Shipping Available KAl 3""KAl Mentality"" ANTA Héla Collection KAI 3""432HZ"" Shoes Size Guide About Us",Search,3/12/2026
Anta Sports,"ANTA x Donte DiVincenzo - ANTA Official Website Inspired by DiVincenzo's growth and resilience, these shoes encourage you to master your own fundamentals with confidence As you aim to leave",Search,3/13/2026
Anta Sports,"ANTA? Official WebsiteIUS - ANTA x Kyrie Irving Lightweight, responsive, and designed for quick cuts and explosive movement Inspired by Kyrie's footwork- KAl 2 SPEED available now. Free Shipping Available Rating for anta.com 4.61 ANTA Héla Collection Men's Running Men's",Search,3/17/2026
Anta Sports,"Back to School Deals - Gear Up & Save More Refresh your lineup for class, practice, and everything inbetween Rating for anta.com 4.61",Search,3/18/2026
Anta Sports,"ANTA? Official Website I US - ANTA x Kyrie lrving - Flow State Activated Purple-pink waves, gold accents, pure balance. Shop KAI 3""432HZ""now. The KAI 3""432HZ"" is live. Rhythm- inspired design meets Kyrie's flow ANTA Héla Collection KAI 3""432HZ"" Shock Dr Up to 50% off Selected Shoes ValidMar16-Mar25",Search,3/20/2026
Anta Sports,"ANTA x Kyrie Irving - Kyrie's Mindset New KAl 3 From soundwave gradients to flowing tractiondiscover KAl 3“432HZ"". Purple-pink waves, gold accents, pure balance. Shop KAl 3 “432HZ"" now. Free Shipping Available. Chat Support Available. Multiple Payment Options Rating for anta.com 4.61 ANTA? Official Website I US KAl 3""Calcite"" AM",Search,3/20/2026
Anta Sports,"ANTA? Official WebsiteUS - ANTA KAl 3""Patchwork"" Kyrie x Sneaker Politics. A vision of craft and community available now. Patchwork storytelling meets Kyrie's rhythm. Secure your pair today. Multiple Payment Options. Chat Support Available ANTA × Kyrie Irving KAl 3 Patchwork is livecrafted from culture built for the court. Shop now KAl 3""KAl Mentality"" Unlock the KAl Mentality All-Star Energy, Game Ready Up to 50% off Selected Shoes Valid Mar 16 - Mar 25",Search,3/21/2026
Anta Sports,"ANTA? Official Website I US - Kyrie X Politics Out Now Kyrie x Sneaker Politics. A vision of craft and community available now.KAl 3 Patchwork is livecrafted from culture, built for the court. Shop now Rating for anta.com 4.61 1-4 days",Search,3/21/2026
Anta Sports,"ANTA Héla Style ""Roots"" I Kyrie Irving Lifestyle Sneaker Designed exclusively for Kyrie, the ANTA Hela Style ""Roots"" is a signature lifestyle sneaker that balances elegance and impact. Chosen by Stephen Curry",Search,4/1/2026
Anta Sports,"ANTA x Kyrie Irving - ANTA Héla Style ""Roots"" Bold looks, deep roots-Kyrie's vision lands now in two fresh styles. Step into heritage. Héla ""Roots"" is live- don't miss",Search,4/1/2026
Anta Sports,"ANTA? Official WebsiteUS - Built on Light & Power Kyrie's vision. Shop now. From sundial details to Rating for anta.com 4.61 ANTA × Kyrie Irving Glow in motion with radiant tones and unstoppable energy.Available now KAl 3""KAl Mentality"" Unlock the KAl Mentality All-Star Energy, Game Ready KAI3""432HZ"" The Journey Continues Rhythm in Every Line",Search,4/4/2026
Anta Sports,"ANTA? Official Website I US - Step Into Mastery Now - ANTA × Kyrie Irving KAl 3“MASTERY"" is live. From desert sands to sacred symbolsshop now. Sacred symbols. Desert tones Elevated designown the KAl 3 Mastery now ANTAHelaCollection Sport × Art × ldentity in Motion Get yours before it's gone KAl 3""Patchwork"" The Journey Continues Stories in Every Stitch ANTA KAl 3""Mastery"" Power. Wisdom. Revolution. Step into Mastery today",Search,4/25/2026
Anta Sports,"ANTA KAl 3 ""Mastery"" - Kyrie's Mastery Unlocked KAl3""MASTERY""is live.Fromdesertsandsto sacred symbolsshop now",Search,4/25/2026
Anta Sports,Whether you're hitting the pavement or logging treadmill miles,Search,4/30/2026
Anta Sports,"ANTA ZONE 2 90I Race Ready - Master Your Zone Training From daily runs to race prep, get the perfect balance of comfort and high performance. Get in the Zone and ANTA Héla Collection Sport × Art × ldentity in Motion Get yours before it's gone ANTA Nitrogen 90 Technology KAl 3""Mastery"" Ultra-Responsive Run",Search,5/8/2026
Anta Sports,"Sport Style Made Easy - Your Daily Go-To Fits Versatile essentials combining comfort, simplicity, and sport style. Easy to wear designs for daily life. Chat Support Available. Free Shipping Available. Multiple Payment Options. Highlights: Order Tracking Option Available, Help Center Available Rating for anta.com 4.61 ANTA Héla Collection KAI 3""432HZ"" Our Membership About Us Move Freely with ANTA",Search,5/15/2026
Anta Sports,"ANTA KAl 2 Collection I Kyrie Irving Basketball Shoes IANTA UK Introducing the Anta Kai 2 basketball shoes. Inspired by Kyrie Irving's Know Your Power, empowers people to own and express their energy and dominate the game through unparalleled style, on and off the court Rating for anta.com 4.61 Most items 30+ days",Search,5/17/2026
Anta Sports,"ANTA? Official Website I US - Speed in Every Step - Built for Kyrie Footwork Lightweight, responsive, and designed for quick cuts and explosive movement Speed meets elegance Discover the KAl 2 SPEED today. Inspired by Kyrie's footwork-KAl 2 SPEED available now. Chat Support Available.Free Shipping Available Rating for anta.com 4.61 2 hours",Search,5/19/2026
Anta Sports,"ANTA KAl Bucket Hat I ANTA x Kyrie Irving The Anta Kai Bucket Hat brings Kyrie's energy to your everyday fit. Crafted for the court, streets, and everything in between. A modern classic with a signature edge Our Membership : ANTA Héla Collection",Search,5/19/2026
Anta Sports,"ANTA KAl Collection - ANTA x Kyrie Irving - Inspired by Kyrie Irving From game-changing basketball shoes to lifestyle clothing and accessories, each piece reflects Kyrie Irving's passion, heritage, and commitment to excellence KAl 3""Calcite"" Shoes Size Guide ANTA? Official Website I US",Search,5/19/2026
Anta Sports,"ANTA Official Website - ANTA Kyrie Irving Collection - ANTA x Kyrie Irving The ANTA KAl Collection by Kyrie Irving features the ANTA KAi basketball shoes, clothing line, accessories and the lifestyle Héla collection Basketball shoes Rating for anta.com 4.61 Kyrie Irving Shoes ANTA KAl Collection ANTA Héla Collection KAl 3 ""Mastery"" KAl 3""Patchwork""",Search,5/19/2026
Anta Sports,Up to 50% Off Move together this Father's Day. Save up to 50% on selected ANTA styles,Search,5/21/2026
Anta Sports,ANTA Official US Tired of overpriced sneakers? Get elite ANTA shoes built forthe court,Search,5/22/2026
Anta Sports,"ANTA KAl 1 Collection I Kyrie Irving Basketball Shoes Discover the Anta Kai 1 basketball shoe collection by Kyrie Irving. Melding Kyrie Irving's signature style with top-tier performance. Reflecting Kyrie Irving's passion heritage, and commitment to excellence",Search,5/22/2026
Anta Sports,"Up to 50% Off - ANTA Father's Day Sale - June 11-21 Savings Up to 50% Off selected products. Shop Father's Day favorites today. Move together this Father's Day. Save up to 50% on KAI3""432HZ"" KAl 3""Calcite"" KAl 3""Mastery""",Search,5/23/2026
Anta Sports,"ANTA? Official Website TUS -ANTA KAl 2 TEAM - Built for Speed & Control The outdoor king is back. Built for players who stay in control. From blacktop runs to daily sessions, KAl 2 TEAM is game ready. Free Shipping Available",Search,5/23/2026
Anta Sports,The outdoor king is back. Built for players who stay in control,Search,5/23/2026
Anta Sports,"KAl 1""Playoffs Energy""|Kyrie Irving Basketball Shoes I ANTA EU The Anta Kai 1 ""Playoffs Energy"" captures Kyrie Irving's ability to illuminate the court with his play and the vibrant energy of the yellow colorway. Available exclusivelyonANTAofficial website ANTA KAl Collection From game-changing basketball shoes to lifestyle clothing and accessories, each piece KAl 3""Calcite"" Built on Light & Power New Cycle Starts Now Buy Kyrie Irving Shoes ANTA Héla Collection",Search,5/26/2026
Anta Sports,Sport Style Made Easy Clean silhouettes and comfortable fits for everyday wear. Easy to wear designs for daily life. Free Shipping Available. Chat Support Available. Multiple Payment Options,Search,5/26/2026
Anta Sports,"ANTA? Official Website I US - ANTA x Kyrie Irving Kyrie's focus and fearlessness, built into every step Shop KAl 3 today. Engineered for quick cuts and control. KAl Mentality available now. Free Shipping Available Rating for anta.com 4.6 95-100% Kyrie's Mindset. New KAl 3 KAl 3""Patchwork""",Search,5/27/2026
Anta Sports,"ANTA? Official Website I US - Play in Perfect Frequency The KAl 3“432HZ"" is live. Rhythm-inspired design meets Kyrie's flow. From soundwave gradients to flowing traction-discover KAI 3“432HZ"". Free Shipping Available.Multiple Payment Options Kyrie's Mindset. New KAl 3 KAl 3""Calcite""",Search,5/27/2026
Anta Sports,"ANTA Official WebsiteUS - Unlock the Path to Mastery Egyptian-inspired craftsmanship meets Kyrie's vision Available now. KAl 3“MASTERY"" is live. From desert sands to sacred symbolsshop now. Free Shipping Available. Multiple Payment Options Rating for anta.com 4.6 ANTA × Kyrie Irving Power. Wisdom. Revolution. Step into Mastery today ANTA Héla Collection KAl 3""Mastery""",Search,5/27/2026
Anta Sports,"ANTA Official Website I US Engineered for quick cuts and control. KAl Mentality available now. Thrive in chaos. Play with clarity. KAl 3 KAl Mentality out now. Free Shipping Available Rating for anta.com Orderaccuracy 4.61 95-100% ANTA Héla Collection KAl 3 ""Mastery"" ANTA",Search,5/27/2026
Anta Sports,"ANTA KAl3 ""Patchwork"" -ANTA × Kyrie Irving KAl 3 Patchwork is livecrafted from culture, built for the court. Shop now. Kyrie x Sneaker Politics. A vision of craft and communityavailable now. Chat Support Available. Free Shipping Available. Multiple Payment Options KAl 3""Patchwork"" . KAl 3""Calcite"" . KAl 3 ""Mastery""",Search,5/27/2026
Anta Sports,"Built for Daily Runs Built for runs, commutes, errands, and everything in between. Breakthrough cushioning. Lightweight evolution. Meet PG7 3. Free Shipping Available ANTAHelaCollection Sport × Art × ldentity in Motion Get yours before it's gone KAl 3""Mastery"" Symbols of Mastery Power, Wisdom, and Rebirth",Search,6/1/2026
Anta Sports,"ANTA x Kyrie Irving - ANTA KAl Collection From game-changing basketball shoes to lifestyle clothing and accessories, each piece reflects Kyrie Irving's passion, heritage, and commitment to excellence KAl 3 ""Calcite"" Built on Light & Power New Cycle Starts Now Inspired by Kyrie Irving Subscribe now and you will get notified when the next drop begins ANTA Héla Collection Sport × Art × ldentity in Motion Get yours before it's gone",Search,6/2/2026
Anta Sports,"The ANTA KAl “Chief Héla"": An Homage to a Powerful Heritage Kyrie Irving and ANTA have just unveiled the highly anticipated ""Chief Héla"" colorway of the Anta Kai 1, a powerful tribute to Kyrie's Native American heritage Rating for anta.com 4.61 Most items 30+ days",Search,6/2/2026
Anta Sports,"ANTA? Official WebsiteI US Inspired by growth and balance. Step into the KAl 3 ""Calcite"" today. From sundial details to flowing grip- precision meets power in Calcite. Free Shipping Available ANTA KAl 3 ""Calcite"" KAl 3""Mastery"" ANTA Héla Collection New Cycle Starts Now",Search,6/2/2026
Anta Sports,"ANTA KAl 3""Calcite""- ANTA? Official WebsiteI US - Built on Light & Power Inspired by growth and balance. Step into the KAl 3 ‘Calcite"" today. KAl 3 ""Calcite"" is live-sun-inspired energy meets Kyrie's vision. Shop now. Free Shipping Available. Multiple Payment Options. Chat Support Available Rating for anta.com Orderaccuracy 4.61 95-100% ANTA × Kyrie Irving KAl 3""Calcite"" ANTAHé",Search,6/2/2026
Anta Sports,"ANTA KAl Collection - ANTA? Official Website I US From game-changing basketball shoes to lifestyle clothing and accessories, each piece reflects Kyrie Irving's passion, heritage, and commitment to excellence The ANTA x Kyrie Irving signature line comprising cutting-edge shoes and lifestyle wear Inspired by Kyrie Irving KAl3""Patchwork"" Al",Search,6/3/2026
Anta Sports,"ANTA? Official WebsiteI US - ANTA Héla Style ""Roots"" Step into heritage. Hela ""Roots"" is live-don't miss your colorway. Bold looks ANTA x Kyrie Irving ANTA Héla Collection Women's Sale",Search,6/12/2026
Anta Sports,"ANTA Official Website I US Built for quick shifts and explosive moves. Shop KAl Speed today. Move fast, cut sharpexperience KAl SPEED About Us Our Membership ANTA x Kyrie Irving ANTA Héla Collection ANTA KAI SPEED",Search,7/1/2026
Anta Sports,"ANTA Héla Collection - ANTA? Official Website I US Kyrie's journey returns in style. Two fresh Roots drops available now. From skate to streetHéla Héla Style ""Roots"" is here ANTA Héla Collection Women's ANTA x Kyrie Irving ANTA KAl 3 Mother's Love ANTA PG7",Search,7/1/2026
Anta Sports,"ANTA? Official WebsiteUS - Cloud- Soft Comfort Made for everyday moments with lightweight comfort and effortless style. Easy to wear, easy to love. KAl 2 Mules are built for every day. Free Shipping Available ANTA x Kyrie Irving From the court to the street, enjoy comfort that moves with you ANTA Héla Collection ANTA KAI 3 ANTA KAl 2 Mules Independence Day -: Up to 25% off All Styles Valid 3 July - 10 July",Search,7/7/2026
Anta Sports,"ANTA KAl 2 Mules - Slip On. Move Easy - Everyday Starts Here Easy to wear, easy to love. KAl 2 Mules are built for every day. From the court to the street, enjoy comfort that moves with you. Multiple Payment Options Rating for anta.com 4.61 95-100%",Search,7/7/2026
Anta Sports,"ANTA Running Shoes - Run with ANTA Tech Engineered with carbon plate, nitrogen foam and PG7 cushioning for every run. Breathable support and reliable traction help you stay locked in all game long ANTA? Official Website I US ANTA KAI 3 From Daily Runs to Races ANTA x Kyrie Irving",Search,7/10/2026
Anta Sports,"ANTA Running Shoes - Carbon Plate Speed Engineered with carbon plate, nitrogen foam and PG7 cushioning for every run. From daily training to race day, ANTA running technology adapts to every stride Fast Delivery. Official Guarantee. Free shipping over $70. 24/7 Customer Support Rating for anta.com 4.61 Most items 30+ days Run with ANTA Tech ANTAKT FLY ANTA KA",Search,7/10/2026
Anta Sports,"ANTA Running Shoes - From Daily Runs to Races Engineered with carbon plate nitrogen foam and PG7 cushioning for every run. From daily training to race day, ANTA running technology adapts to every stride. Free shipping over Rating for anta.com 4.61 ANTA Héla Collection ANTA KAI 3 Join ANTA",Search,7/10/2026
Anta Sports,"ANTA PG7 City - Top Tech, Max Comfort Lightweight comfort with responsive rebound for effortless daily movement. Built for daily runners commuters, and Rating for anta.com 4.61 Kyrie Irving Men's Men'sBasketball ZC",Search,7/16/2026
Anta Sports,"ANTA Official Website - ANTA Basketball Collection Trusted by Kyrie Irving, Klay Thompson, Gordon Hayward, and Donte DiVincenzo Enjoy your shoes with cutting-edge technology and unparalleled comfort ANTA KAI 3 ANTA KAI 2 Mules ANTA KAl 3 Mother's Love Buy basketball shoes",Search,7/21/2026
Anta Sports,"ANTA KAl Collection I Kyrie Irving Shoes, Clothing, Accessories Discover the Anta Kai Collection inspired by Kyrie Irving. From game-changing basketball shoes to lifestyle clothing and accessories, each piece reflects Kyrie Irving's passion, heritage, and commitment to Inspired by Kyrie Irving ANTA Héla Collection ANTA KAl Collection Help Center ANTA KAl 3 Mother's Love",Search,7/21/2026
Anta Sports,"From daily training to race day, ANTA ru technology adapts to every stride. Engir carbon plate, nitrogen",Search,7/23/2026
Anta Sports,"ANTA Running Shoes - ANTA? Official Website Engineered with carbon plate, nitrogen cushioning for every run. From daily tral day Men's Running Shoes Women's Running Shoes",Search,7/23/2026
Anta Sports,"ANTA Running Shoes From daily training to race day, ANTA running technology adapts to every stride. Engineered with carbon plate, nitrogen foam and PG7 cushioning for every run. Fast Delivery. 24/7 Customer Support Official Guarantee. Free shipping over $70",Search,7/23/2026
Anta Sports,"Never Stop Moving - Built for Every Court - Power Every Step Carbon plate propulsion and zoned traction keep you locked into every move. Engineered for nonstop players who demand speed, grip, and stability. Free Shipping Available. Multiple Payment Options. Chat Support Available ANTA Héla Collection Sport × Art × ldentity in Motion Get yours before it's gone ANTA KAI 3 The Attack Engine ANTA Shock Wave 7 Back to school : Up to 20% off Selected..:",Search,7/30/2026
Anta Sports,"ANTA KAl 2 Mules I KAl Slides I Kyrie Irving Inspired by Kyrie's off-court lifestyle, the Anta Kai 2 Mules blend comfort, convenience, and signature KAl design details. Chat Support Available. Multiple Payment Options. Free Shipping Available ANTA KAI 2 Mules Easy Slip-On Comfort Kyrie Style Off Court ANTA Héla Collection Sport × Art × Identity in Motion Get yours before it's gone ANTA KAl 3 Mother's Love ANTA KAI 3",Search,8/1/2026
Anta Sports,"Bringing innovation, style, and the spirit of greatness to athletes and enthusiasts",Search,8/4/2026
Anta Sports,"ANTA? Official WebsiteUS - ANTA KAl 3 Mother's Love Every pair includes an exclusive ""Mother's Passion"" badge. Designed with love. Shop KAl 3 Mother's Love and celebrate every step forward ANTA × Kyrie Irving ANTA KAI 3 ANTA KAI 2 Mules ANTA Héla Collection",Search,8/7/2026
Lululemon,"Gear Just Dropped - Best Gift ldeas For Him In Clothes This Comfortable,NoMovels Off-Limits Shop Gifts For Men Online Now. You're This Close To VersatileGearForHimThat FeelsAsGood As ItLooks",Search,8/13/2022
Lululemon,Buttery-Soft Pants That Let You Seize T Comfort.From The LectureHall To The,Search,8/13/2022
Lululemon,"Sweatpants For The Win. Our Comfiest Styles Come In Different Lengths And Fits. Warm Up, Cool Down Lounge Around. Discover Comfortable Sweatpants Rating for lululemon.com 4.7\ (174) Most items 30+ days",Search,10/22/2022
Lululemon,"Women's Rain Jackets lululemon Don'tLetTheWeatherHoldYouBack.OurJacketsAre Lightweight, Breathable & Versatile",Search,10/22/2022
Lululemon,"Women's Coats & Jackets Tlululemon Embrace The Elements In High Performance Jackets Made For Rain Or Shine. Snug, Oversized Or With A Little Room, Discover Our Technical Jackets For Women",Search,10/22/2022
Lululemon,"Jersey Training Short-Sleeve Shirt lululemon Discover Extremely Comfortable Short Sleeve Shirts Made For All Day Wear & Any Activity. Pick The Fit Style & Color Of Shirt That Works For You. Shop Now And Women's Bestsellers See What's Trending. Pants, Shorts, Skirts, And Tanks Men's Bestsellers Our Top Trending Men's Clothes. Comfort And Style. Shop Now",Search,10/22/2022
Lululemon,"Men's Coats & Jackets Ilululemon Men's Jackets And Coats With Hoods And Zippered Pockets So You're Always Ready To Go. When You Can't Trust The Weather, Trust Our Men's Technical View 5 prices from $68.00",Search,10/22/2022
Lululemon,"Airing Easy Short-Sleeve Shirt I Men's Short Sleeve Shirts & Tee's Pick The Fit, Style & Color Of Shirt That Works For You Shop The Collection Now. Discover Extremely We Made Too Much New Markdowns Are In And You Are Going To Love Them Men's Bestsellers Our Top Trending Men's Clothes. Comfort And Style. Shop Now Men's Business Casual All Work, All Play. Explore Our Versatile Pants Shirts, And More",Search,10/22/2022
Lululemon,"Men's Half Zips I lululemon Pull On Soft, Breathable Half Zips And Stay Cozy And Comfortable While Out And About. Our Half Zips Wick Away Sweat And Dry Quickly To Keep You Feeling Rating for lululemon.com 4.7→ (175) Most items 30+ days",Search,10/22/2022
Lululemon,Men's Tights I lululemon Discover The Perfect Compression Tights For All The Ways You Move. Discover Extremely Comfortable Tights Made For All Day Wear & Any Activity. Free Hemming WeMadeTooMuch New Markdowns Are In And You Are Going To Love Them,Search,10/22/2022
Lululemon,"Men's Rain Jackets Tlululemon When The Forecast And Your Plans Are Unpredictable Our Rain Jackets Keep You Ready. Snug, Oversized Or With A Little Room, Discover Our Technical Rain",Search,10/22/2022
Lululemon,Metal Vent Tech Wide Headband Men's Hair Accessories Tululemon Our Technical Accessories Are Designed To Keep You Comfortable From Work To Workout. View Our Latest,Search,10/22/2022
Lululemon,"Down for It All Vest I Men's Coats & Jackets I lululemon For Easy Layering, Look No Further Than Our Technical Vests. Shop The Collection Online We Made Too Much New Markdowns Are In And You Are Going To Love Them Men's Bestsellers Our Top Trending Men's Clothes. Comfort And Style. Shop Now Bags, Backpacks, Wallets Organized And Comfortable. Keeping Items In Place On The Move",Search,10/22/2022
Lululemon,Our Men's Shirts Keep You Cool & Comfortable Whether You're Working Out Or At The Office. The Men's Bestsellers Father's Day Gifts What's New I Men's Gear Running & Workout Gear We Made Too Much View 5 prices from $68.00,Search,10/22/2022
Lululemon,"Men's Athletic Shorts lululemon DiscoverAthleticShortsForHeatedWorkouts,Warm Weather Runs & Everything In Between. Our Athletic",Search,10/22/2022
Lululemon,"Men's Sweat Shorts I lululemon Give Your Legs A Breather. Discover Men's Shorts In Different Lengths & Styles. Shop Cotton Shorts That Look As Good As They Feel. Buy Now And Get Men's Shorts From Workout To Hangout, Shop Wear- Everywhere Shorts WeMadeTooMuch New Markdowns Are In And You Are Going To Love Them Men's Bestsellers Our Top Trending Men's Clothes. Comfort And Style. Shop Now View 5 prices from $68.00",Search,10/23/2022
Lululemon,Men's Sweaters /lululemon 4.7 advertiser rating Introducing The Sweaters You'll Wear On Repeat. Built To Perform Any Day Of The Week. Discover Your Favorite Fit & Style Of Technical Sweaters You Won't Want To Take Off,Search,10/25/2022
Lululemon,"lululemon Align ™ Leggings This Almost Weightless Fabric Ensures All You Feel Is The Move Itself. Shop Leggings. Find Your Perfect Stride In Lightweight And Breathable Leggings. Shop The Shop Women's Align ™ Leggings Stretch The Limits Of Comfort And Confidence With Gear That Moves Every Way You Do Shop Leggings Shop Buttery Soft And Stretchy Leggings Available In Size 0-20 Women's Align Shop Distractions Just Float Away. Shorts, Pants Shirts, And Bras 山 Install",Search,3/31/2023
Lululemon,"Shop Women's Align ™ - Buttery Soft Tops & More Feel Confident Moving To The Max With Breathable, Quick-Drying Fabric Discover Align ™ . Our We Made Too Much Women's Align Shop Back-To-School Shop",Search,3/31/2023
Lululemon,Shop lululemon? Align ™ Shorts - Buttery Soft Shorts This Fabric Hugs Every Curve And Stays Put Through Every Move. Explore Align ™ Shorts We Made Too Much New Markdowns Are In And You Are Going To Love Them Women's Align Shop Shop Leggings Yoga & Pilates,Search,4/4/2023
Lululemon,"Shop lululemon? Scuba Hoodies - lululemon? Official Site Scuba Half Zips Take Comfort To Go, With Naturally Breathable, Soft Fleecy Fabric. You're This Close To Versatile Scuba Half Zips That Feel As Good As They Rating for lululemon.com 4.7 (185) Most items 30+ days",Search,5/19/2023
Lululemon,"Go Beyond Comfort - Now Available In Size 0-20 Lined Leggings So Buttery Soft And Stretchy, You'll Forget They're On",Search,5/19/2023
Lululemon,"So Soft, They'll Move You - Now Available In Size 0-20 4.7 advertiser rating High-Waisted Leggings So Buttery Soft And Stretchy You'll Forget They're On. Find High-Waisted Leggings That Stretch Your Limits, Here In Size O-20. Free Hemming We Made Too Much : Bags, Backpacks, Wallets",Search,5/19/2023
Lululemon,"lululemon? License To Train - Shop License To Train Shorts See How Deep You Can Squat In The Streamlined Yet Roomy Fit Of The License To Train Short. You're This..- We MadeToo Much New Markdowns Are In And You Are Going To Love Them Men's Bestsellers Our Top Trending Men's Clothes. Comfort And Style. Shop Now Bags, Backpacks, Wallets Organized And Comfortable. Keeping Items In Place On The Move",Search,5/19/2023
Lululemon,"lululemon? Official Site The Define Jacket Keeps You Cool And Comfortable With Mesh Back Ventilation The Form-Fitting Define Jacket Has A Streamlined Silhouette That Stays Out Of Your Way Shop lululemon? Define Jackets Move In An Always-Ready Layer That Transforms Into What You Need Buy Online, Pick Up In-Store Discover Jackets That Dynamically Stretch And Move With Your Body Shop Our Featured Colors Burgundy Bay, Oxford Red, Pink Pearl, Walnut Crunch& More",Search,5/19/2023
Lululemon,"lululemon? Official Site - Shop Black Leggings For Work Make New Moves In New Colors of Leggings That Fit Like They're Made For You. Colorful Leggings So Buttery Soft And Stretchy, You'll Women's Bestsellers We Made Too Much What's New - Women Women's Spring Collection",Search,5/19/2023
Lululemon,"Buy Online, Pick Up In-Store - lululemon? Official Site You're So Close To Versatile, Stretchy Flared Pants That Feel As Good As They Look. Move In Buttery Soft Stretchy Flared Leggings That Make Every Stride A Sensation. Free Hemming",Search,5/20/2023
Lululemon,"Shop Wunder Puff Vest - Wunder Puff Fit For More Soft, Matte-Finish Fabric Repels Water. All The Puff Brings Big Warmth Wherever You Go. Wunder Puff's Relaxed, Easy Fit Makes For Comfortable Layering All-Season We Made Too Much New Markdowns Are In And You Are Going To Love Them Women's Fall Collection Shop Lightweight Layers For Fall. Get Into Sweaters, Pants & Jackets",Search,5/20/2023
Lululemon,"lululemon Hotty Hot Shorts - These Shorts Go Fast Airy. A Flattering Free-Moving Fit Plus, Pockets. The Hotty Hot Short Checks Every Box. In The Roomy Air-light Hotty We Made Too Much Like New Resale Program Women's Bestsellers Men's Bestsellers Yoga & Pilates",Search,5/26/2023
Lululemon,<Rating (Reviews)> · <Category> <Open Hours> -<Distance>,Search,6/14/2023
Lululemon,Super-Soft Loungewear Is A Go - lululemon?Loungewear Reset And Recharge In Loungewear That Fits Like It's MadeForYou.You'reThisCloseToVersatile Loungewear That Feels As Good As It Looks,Search,6/14/2023
Lululemon,"You Pick The Length - Shop Men's Underwear Our Technical Men's Boxers Are Breathable, Roomy And Come In Different Lengths. Put On Our Technical Men's Underwear And Forget About It Until You Take",Search,6/14/2023
Lululemon,"Women's Golf Clotheslululemon Lululemon women's run, training, and yoga gear to keep you covered and comfortable no matter how you like to sweat. Shop athleisure and activewear for women. Styles: Golf Shorts, Golf Pants, Golf Shirts Golf Polos, Golf Skirts Rating for lululemon.com 4.7 ↓ (183)",Search,6/14/2023
Lululemon,Sign Up For Early Access - Our Shirts Go Beyond Comfort 4.6 advertiser rating T-Shirts This Stretchy & Lightweight Redefine What Comfortable Feels Like,Search,6/14/2023
Lululemon,Women's Hoodies & Sweatshirts - lululemon? Women's Hoodies You're This Close To Versatile Hoodies That Look As Good As They Feel. Make New Moves In Hoodies That Fit Like They're Made For You. Winter Collection Out Now. Free Hemming. Buy Now Pay Later Options,Search,6/14/2023
Lululemon,Stretchy Jackets Are A Go - Our Jackets Go Beyond Comfort You're This Close To Versatile Jackets That Look As Good As They Feel. In Jackets This Lightweight,Search,6/14/2023
Lululemon,"Workout Shirts - New Gear Just Dropped In Workout Shirts This Comfortable, No Move Is Off- Limits. When Workout Shirts Fit Like They're Made For You, Unstoppable's Up Next. Types: Workout, Golf",Search,6/14/2023
Lululemon,"No Flyaways, Just Fly - Sleek Headbands Are In Less Breakage, More Breakthroughs, With Grippy HeadbandsTailoredToYourWorkout.FindSleek Headbands In Shades And Prints That Match Your",Search,6/14/2023
Lululemon,r Our Foldable Yoga Mat - Reversible Yoga Mats Are A Go 4.6 advertiser rating Create Space For Every Stretch With Yoga Mats Fit For WhereverYourPracticeTakesYou,Search,6/14/2023
Lululemon,"Work Shirts, But Stretchy - On The Clock, Off The Charts Move In Lightweight, Stretchy Work Shirts That Take Your Day In New Directions. Find Work Shirts That",Search,6/14/2023
Lululemon,Gear Just Dropped - Wristlets Wallets &Pouches The Perfect Clutch Is Here. Look No Further Than lululemon? Wristlets. Shop Now. These Wristlets Feature Ample Pockets And A Hidden Phone Sleeve,Search,6/14/2023
Lululemon,"Mini To Maxi Belt Bags - Fits Your Stuff, And Your Life 4.7 advertiser rating Find Belt Bags With Smooth Lines And Smart Details That Unlock Today's Potential",Search,6/14/2023
Lululemon,"Women's Clothing - lululemon? Official Site We Have Joggers, Shorts, Hoodies, And Shirts To Match All Your Moves. This Game-Changing Gear Will Take Your Training, Runs, And Practice To New Places",Search,6/14/2023
Lululemon,"Beanies Are In Find Your Perfect Temperature In Lightweight Beanies Infused With Merino Wool. Shop Beanies In New Shades, And Bring New Energy To Every Day",Search,6/14/2023
Lululemon,Shop lululemon? Pants - These Pants Raise The eBar The lululemon Casual Pant Collection: Athletic Innovation For Everyday Life. Pants Made From Performance Fabrics Add Effortlessness To Your Rotation,Search,6/14/2023
Lululemon,"Men's 9 Inch Inseam Shorts lululemon Shop for 9 inch shorts. These fast-drying, sweat-wicking shorts won't hold you back. Filter by activity to find the right shorts for your sport. Types: Athletic Shorts, Liner Shorts, Chino Shorts",Search,6/14/2023
Lululemon,"Ultra-lightweight Yoga Blocks - Shop Yoga Blocks 4.8 advertiser rating Durable, Lightweight Yoga Blocks With Three Height Options To Support Your Practice We Made Too Much Tennis & Pickleball Yoga & Pilates Golf",Search,6/14/2023
Lululemon,"Bags - Mini Bags Shop lululemon? To Carry-It-All Bags Carry Busy Days Forward With Pockets For Your Laptop, Water Bottle, & Workout Gear. Find Bags With Smooth Lines & Smart Details That Unlock Today's",Search,6/14/2023
Lululemon,"lululemon Official Site - Sweatpants Fit For Every Move You're This Close To Versatile, Streamlined Sweatpants That Look As Good As They Feel. In Sweatpants This Lightweight & Stretchy, You're Going Lots Of Places We MadeTooMuch New Markdowns Are In And You Are Going To Love Them Women's Bestsellers Travel Shop Leggings",Search,6/14/2023
Lululemon,"lululemon? Gift Cards - Gift Cards Here To Inspire Send A Gift Card To Their Inbox In An Instant, & Get Ready For So Many Thank-Yous. Lucky Them, The Gift Of Mindful Movement Gift Cards Load, Redeem, & Check Your Balance. eGift Cards & Gift Cards By Mail Bags, Backpacks, Wallets Organized And Comfortable. Keeping Items In Place On The Move Get Free Shipping & Returns Give The Gift That Lets Them Choose, Whether They're Shopping Online Or In-Store",Search,6/14/2023
Lululemon,"t Dropped - lululemon? Women's Tank Tops In Tank Tops This Lightweight And Stretchy, You're Going Lots Of Places. You're This Close To Versatile",Search,6/14/2023
Lululemon,"lululemon? Hats Fit For More - Hats In Your Size Lightweight, Breathable Running Hats To Stretchy Sweat-Wicking Bucket Hats. Make New Moves In Hats That Rating for lululemon.com Orderaccuracy 4.6 (149) 95-100% Shop Lululemon Hats For Men Men'sBestsellers",Search,6/14/2023
Lululemon,"Shop lululemon? Backpacks - More Pockets, More Potential Carry Busy Days Forward With Pockets For Your Laptop, Water Bottle, & Workout Gear. Find Backpacks With Smooth Lines & Smart Details That Unlock Today's Potential. 2-Hour Pickup In-store. Free Hemming. Buy Now, Pick Up In-store. Spring Collection Out Now. Fr",Search,6/14/2023
Lululemon,"Work Clothes, But Stretchy - Business Not Usual Move In Lightweight, Stretchy Work Clothes That Take Your Day In New Directions. In Work Clothes This Comfortable, No Move Is Off-Limits. Types: Business Casual Pants, Bags",Search,6/14/2023
Lululemon,Underwear Is In - Stretchy Meets Seamless Underwear This Stretchy And Lightweight Redefines What Comfortable Feels Like.Make New Moves In,Search,6/14/2023
Lululemon,Gear Just Dropped - Sleek Crossbody Bags Are In Make New Moves With Crossbody Bags That Fit Like They're Made For You. Space Keeps Your Stuff Close And Comfortable Straps Keep Your Hands Free,Search,6/14/2023
Lululemon,"Lightweight Caps Are A Go - New Gear Just Dropped MakeNewMoves In Caps That Fit LikeThey're Made For You. Shop Caps In New Shades, And Bring New EnergyToEveryDay",Search,6/14/2023
Lululemon,Shop lululemon? Women's Skirts - Shop Women's Skirts You're This Close To Versatile Skirts That Look As Good As They Feel. In Skirts This Lightweight & Stretchy You're Going Lots Of Places. Free Hemming. Buy Now Pick Up In-store Rating for lululemon.com 4.7 ↓ (88) Most items 30+ days Women's Matching Sets We Made Too Much,Search,6/14/2023
Lululemon,"Shop Bow Hair Scrunchie - Stretchy Scrunchies Are A Go 4.7 advertiser rating Minimalist Hair Ties To Maximalist Scrunchies That Hold Your Hair Through Any Workout Shoes & Slides Women's Bestsellers Bags, Backpacks, Wallets We Made Too Much",Search,6/14/2023
Lululemon,"Headbands & Scrunchies - lululemon? Official Site Less Breakage, More Breakthroughs, With Claw Clips For Every Hair Type & Texture. Keep Your Hair Off Women'sBestsellers WeMadeTooMuch Tennis 8",Search,6/14/2023
Lululemon,Oversized Sweatshirts Are In - Super- Softness SIsAGo Sweatshirts This Stretchy And Lightweight Redefine What Comfortable Feels Like. Designed To Look Like Your Rating for lululemon.com 4.7 → (175) 1-3 days,Search,6/14/2023
Lululemon,"New Gear Just Dropped - lululemon Women's Golf Gear If You're Going To Break Traditions, Do It In Style With Pro Yana Wilson's Favorite Fits. New Pro-Approved Golf Tops & Bottoms Are Your Foundation For Days Of Play",Search,6/14/2023
Lululemon,"Shop lululemon? Men's Shorts - lululemon? Men's Clothing You're This Close To Versatile Shorts That Look As Good As They Feel. In Shorts This Lightweight & Stretchy, You're Going Lots Of Places. 2-Hour Pickup In-store WeMadeTooMuch Men's Bestsellers Gift (",Search,6/14/2023
Lululemon,"Women's Pleated Skirts /lululemon These versatile skirts were made to run, jump and stretch-go ahead and bust a move. As always shipping is free. Types: Athletic Skirts, Skorts, Wrap Skirts, High Waisted, Mid Rise, Mini Length, Midi Length, Maxi Length, Plus Size",Search,6/14/2023
Lululemon,"Gear Just Dropped - Mini Bags New TO Carry-It-All Bags Carry Busy Days Forward With Pockets For Your Laptop, Water Bottle, And Workout Gear. Make New Moves With",Search,6/14/2023
Lululemon,"Move In Your Favourite Color - Customizable Scarves Are A Go Find Sleek, Streamlined Scarves And Wraps In New Shades That Match Your Motivation. Stretchy, Sweat- Wicking Hijabs To Customizable, Buttery Soft Scarves And Join lululemon Membership Men's Business Clothing Tennis & Pickleball What's New: Women's Gear",Search,6/14/2023
Lululemon,Our Hoodies Go Beyond Comfort - Now Available lIn Size O-20 4.7 advertiser rating You'reThisCloseToVersatileHoodiesThatLookAs Good As They Feel,Search,6/14/2023
Lululemon,"Super-Soft Half Zips Are A Go - New Gear Just Dropped In Half Zips This Soft And Stretchy, You're Going Lots Of Places. You're This Close To Versatile Half Zips That LookAs Good As They Feel Rating for lululemon.com 4.7↓ (183) 1-3 days",Search,6/14/2023
Lululemon,Shop Full Zip Hoodies - Super- softness Is A Go Hoodies This Stretchy And Lightweight Redefine What Comfortable Feels Like. Shop New Shades Of Hoodies That Bring New Energy To Every Move. Buy W/ Afterpay & Klarna. New Styles Weekly. Summer Collection Out Now. Free Hemming Rating for lululemon.com 4.6↓ (23) 1-3 days Women's Hoodies Men's Hoodies Women's Sumn,Search,6/14/2023
Lululemon,lululemon? Official Site - Tops Fit For Every Move Tops This Stretchy & Lightweight Redefine What Comfortable Feels Like. Shop New Shades Of Tops That Bring New Women's Bestsellers Men's Bestsellers Women's Fall Collection WeMadeTooMuch Men's Fall Collection,Search,6/14/2023
Lululemon,"Shop lululemon? Men's Trousers - Trousers Fit For Every Move In Trousers This Comfortable, No Move Is Off-Limits Shop The Collection Online Now. When Trousers Fit We Made Too Much Men's Business Clothing Men's Bestsellers Store Locator Golf",Search,6/14/2023
Lululemon,"lululemon? Official Site - Joggers Fit For Every Move You're This Close To Versatile Joggers You Can Dress Up Or Down, Anywhere. In Joggers This Lightweight & Stretchy, You're Going Lots Of Places. Free Hemming Men's Bestsellers Our Top Trending Men's Clothes. Comfort And Style. Shop Now Men's Winter Collection We Made Too Much Bags, Backpacks, Wallets",Search,6/14/2023
Lululemon,Workout Socks - Beyond Comfy Socks Are eHere Performaheel ™ Technology. Grip Heel Tab. 360° Arch Support. Men's Socks Are Here. Discover Superior,Search,6/14/2023
Lululemon,"Colorful Yoga Towels Are In - Yoga Towels, Big And Small Yoga And Workout Towels That Save Space And Absorb Moisture In A Flash. Find Sleek Yoga Towels In Colors And Prints That Match Your Motivation. Free Hemming. 2-hour Pickup In-store",Search,6/14/2023
Lululemon,lululemon Women's Clothing - Shirts Fit For Every Move You're This Close To Versatile Shirts That Look As Good As They Feel. In Shirts This Lightweight & Stretchy You're We Made Too Much Women's Bestsellers Women's Summer Collection Travel Tennis & Pickleball,Search,6/14/2023
Lululemon,"Gear Just Dropped - Colorful Water Bottles Are In Hit Your Hydration Goals With Water Bottles That Keep YourDrinksIce-Cold.Find Sleek,StreamlinedWater Bottles In New Shades",Search,6/14/2023
Lululemon,"Gear Just Dropped - Shop Women's What's New - As Always Our Technical Gear Is Really Comfy Too, So You Can Go From Working Out To Whatever Else. Breathable Sweat-Wicking, VersatileGuaranteed",Search,6/16/2023
Lululemon,"lululemon? Official Site - Socks Fit For Every Move Forget What Blisters Feel Like In Socks That Fit Like They're Made For You. Crew Socks To No-Show Socks They Match Your Mood& Your Motivation Rating for lululemon.com 4.6(133) Shop Our Newest Colors Set The Trend In Blue Twill, Warm Ash Grey Pink Frosting & Fog Green Shop Our Latest Colors Serene Blue, Bay Leaf, Goodnight Plum Sequoia And Mink Berry",Search,6/19/2023
Lululemon,"lululemon? Men's Dress Shirts - Shop Men's Dress Shirts In Shirts This Lightweight & Stretchy, You're Going Lots Of Places. In Shirts This Comfortable, No Move Is Off- Limits Rating for lululemon.com 4.7→ (183) Most items 30+ days",Search,8/10/2023
Lululemon,"Shop lululemon? Wundermost - Follows Your Form SurroundYourselfInSoftnessWithWundermost Bodywear. Shop Bralettes, Bodysuits & Tops Wundermost Bodywear Follows Your Form And Feels Made For You. Shop The Collection Online. 2-Hour Pickup In-store",Search,10/16/2023
Lululemon,Shop Men's Shoes - Shop lululemon? Men's Shoes The Cityverse: Where Classic Style Meets Advanced Comfort. Shop The All-New Style Today. The Cityverse Sneaker's Timeless Design And Plush Comfort Keep Shoes & Slides Men's Bestsellers WeMadeTooMuch Men's Casual Shoes Are Here Men's Business Casual,Search,2/13/2024
Lululemon,"Stylish Pilates Set - New Gear Just Dropped - lululemon? Pilates Outfits In Pilates Sets This Comfortable, No Move ls Off-Limits Shop Pilates Outfits Now. Find Pilates Outfits That",Search,3/1/2024
Lululemon,"Gear Just Dropped - Travel Bags That Pack Lighter Keep Your Essentials Safe With Travel Bags Backpacks, Hip Packs & More. Shop Online. Travel With Lightweight",Search,3/2/2024
Lululemon,You Pick The Length - Sign Up For Early Access Made With Water-Repellent And Abrasion-Resistant Fabric These Swim Trunks Can Do It All Men's Winter Collection We Made Too Much Golf Belt Bags,Search,3/25/2024
Lululemon,"Women's Vests I lululemon Our Technical Vests Offer Warmth Without The Weight -And They Pack Down Small. Whether You're Out Running Or On A Coffee Run, Our Lightweight Vests Feel Just Right. New Gear Just Dropped. Free Hemming Rating for lululemon.com 4.6 → (104) Pro-Approved Golf Gear Foundations For Play, Perfected. Shop Shirts Shorts, Pants & More We MadeToo Much New Markdowns Are In And You Are Going To Love Them",Search,4/23/2024
Lululemon,"Men's We Made Too Much I lululemon Don't Sweat It. New Markdowns Are Here. Shop We Made Too Much Online Now. Score Big On Technical Tops, Pants",Search,4/23/2024
Lululemon,"Shop lululemon Golf - Golf Gear, Fit For More Explore Stretchy, Featherlight Golf Gear Crafted To Keep YouAnd Your Swingln Harmony. Ultralight Women's Golf Skirts Men's Golf Polo Shirts Women's Golf Shirts Golf Women's Golf Pants",Search,4/30/2024
Lululemon,"lululemon?Official Site -New IGear Just Dropped Flex And Flow Without Limits In Yoga Gear Made To Move With You. From Hot Yoga To Slowed Down Stretches, Our Yoga Gear Is Always Up To The Task Types: Leggings, Pants, Shirts, Tanks, Yoga Mats",Search,4/30/2024
Lululemon,Shop Women's Pickleball Gear - lululemon? Official Site 4.6 advertiser rating Effortless Style Meets High Performanceit's A Win- Win. Explore Pickleball Gear Online,Search,4/30/2024
Lululemon,"Shop lululemon? Golf Shirts - Super Breathable Golf Shirts Ultralight, Breathable Gear Is Designed To Keep You In The Moment For All Eighteen Holes. Play In Lightweight, Stretchy Golf Shirts That Empower Your * Verified business Men's Golf Polo Shirts Women's Golf Shirts Golf We MadeTooMuch Men's Bestsellers",Search,5/1/2024
Lululemon,"lululemon? Official Site - Breeze Through Travel Days Explore A Wide Variety Of Travel Accessories Includuing Packing Cubes, Bags & Crossbodies. Keep Your Essentials Safe With Travel Bags, Backpacks, Hip Packs & More Rating for lululemon.com 4.7 1 (96)",Search,5/1/2024
Lululemon,Women's Golf Skirts & More - Free Shipping & Returns 4.7 advertiser rating Technical Skirts For Golfing That Stay Comfortable From Tee Off To Clubhouse,Search,5/1/2024
Lululemon,"Women's Track That Shorts - Built-ln Liner, Extra Coverage Performance-Ready. Lightweight Swift Fabric Wicks Sweat & Dries Fast. Shop The Collection. Take Your Run Further We Made Too Much New Markdowns Are In And You Are Going To Love Them Shop Track That Lululemon Shorts Featuring Two-Way Strech & A Wide Waistband With Infinity Drawcord That Stays Put Women's Shorts Keep Cool In Shorts That Were Made For You Shop The Collection Now",Search,5/14/2024
Lululemon,"lululemon Official Site - Stretchy Jackets Are A Go You're This Close To Versatile Jackets That Look As Good As They Feel. In Jackets This Lightweight And Stretchy, You're Going Lots Of Places. Spring Collection Out Now. Members Get Perks We Made Too Much New Markdowns Are In And You Are Going To Love Them Women's Bestsellers See What's Trending. Pants, Shorts, Skirts, And Tanks Women's Align Shop Distractions Just Float Away. Shorts, Pants Shirts, And Bras",Search,5/17/2024
Lululemon,"Women's Leggings I lululemon Discover Extremely Comfortable Leggings Made For All Day Wear & Any Activity. Yoga Days, Training Days Rest Shop Leggings Shop Buttery Soft And Stretchy Leggings AvailablelnSize0-20",Search,5/31/2024
Lululemon,Shop lululemon Like New - Lululemon Like New Gently used gear that's just getting started. The official lululemon resale shop is your second chance at past favorites. Sell Online. 25% Off Reduced Shop. Resale Program Women's Gear Under $50 Shop gently used gear,Search,7/8/2024
Lululemon,"Softstreme ™ Clothing - Women's Softstreme ™ Clothing Shop Our Softstreme ™ Collection: Shirts, Pants, Shorts, Hoodies Jackets & More. Quick-Drying WeMadeTooMuch New Markdowns Are In And You Are Going To Love Them Men's Business Clothing All Work, All Play. Explore Our Versatile Pants Shirts, And More",Search,7/8/2024
Lululemon,"lululemon? Align ™ Dresses - Align ™ Skirts & Dresses - lululemon Align..: Get The Buttery-Softness Of lululemon Align ™ In A Skirt Or Dress. Shop The Collection. Powered By Nulu ™ Fabric & Made With A Built-In Shorts Liner. Shop Align ™ Skirts & Dresses Shop lululemon? Align ™ Designed For Yoga And Casual Wear, And So Buttery Soft, It Feels Weightless Shop Women's Align ™ Yoga Days, Training Days, Rest Dayswe've Got You Covered. Discover Align ™ Women's Align Shop Distractions Just Float Away. Shorts, Pants Shirts, And Bras",Search,8/27/2024
Lululemon,"Women's Shorts /lululemon Discover Biker Shorts, Short-Shorts, Lounge Shorts - You Pick The Fit And Feel. Our High Performance Shorts Are Lightweight, Quick-Drying, And Breathable Too. Styles: Tight Fit, Classic Fit, Slim Fit, Relaxed Fit Oversized Fit Rating for lululemon.com 4.7 (184) Mostitems30+days",Search,10/2/2024
Lululemon,"Double-Knit Cotton Hoodie/Men's Hoodies & Sweatshirts Ilululemon In These Warm And Breathable Hoodies, Each Moment Feels Like Rest. Unwind In Sweat-Wicking Hoodies That Stretch With You. Find Your Fit Online Now. Free Hemming. Become A Member. Shop Summer Shorts Rating for lululemon.com 4.6→ (117) View 5 prices from $68.00",Search,10/2/2024
Lululemon,"Men's Shorts /lululemon Discover Shorts For Heated Workouts,Warm Weather Runs, And Everything In Between. Quick-Drying Breathable, With Lots Of Stretch-Our Shorts Will Not Be Underestimated. Types: Athletic Shorts, Liner Shorts",Search,10/2/2024
Lululemon,"Everyday Pants In Stretchy, Wrinkle-Resistant Fabric? FindThemHere Rating for lululemon.com 4.7 (176)",Search,10/2/2024
Lululemon,"Lululemon Nursing Bra I Women's Bras Sports Bras Shouldn't Be Restrictive. Feel The Difference With Our Supportive Styles. Racerback, Full- Coverage, V-Neck, ReversibleThe Choice Is Yours Shop Now Rating for lululemon.com 4.7 1 (183) 95-100%",Search,10/2/2024
Lululemon,"Comfortable Pants for Men I lululemon Our Men's Pants Keep You Cool, Comfortable, And Ready To Take On Your Day Men's Business Casual We MadeToo Much Men's Bestsellers Pro-Approved Golf Gear",Search,10/2/2024
Lululemon,"Commission Golf Short 1o""/Men's Shorts Ilululemon Our High-Performance Men's Shorts Are Lightweight Quick-Drying And Breathable, Too. Give Your Legs Cyber Monday - Up to 50% off One Day",Search,10/2/2024
Lululemon,"Women's Athletic Shorts /lululemon Our High-Performance Shorts Are Lightweight, Quick- Drying & Breathable Too. Run, Bike, Yoga Or Just Working Out-We've Got Technical Shorts For That Ratingforlululemon.com 4.7 (183) 95-100%",Search,10/2/2024
Lululemon,"Men's Underwear I lululemon Boxers Or Briefsln The Lengths, Fabrics, And Colors You Want. Find Yours Online Today We Made Too Much New Markdowns Are In And You Are Going To Love Them Men's Bestsellers Our Top Trending Men's Clothes. Comfort And Style. Shop Now Shop Our Summer Sale These Limited-Time Scores Are Ready To Run Swing, Stretch & Serve",Search,10/2/2024
Lululemon,"Naturally Breathable And Super-Soft. You've Never Felt Joggers Like These Before. Take Your Pick, From Tapered Styles To Relaxed-Fit Joggers. Find Your Perfect Pair Today. 2-Hour Pick Up In-Store",Search,10/2/2024
Lululemon,"Women's Joggers I lululemon Our Joggers Are Designed To Perform Pre-Workout Post-Workout Or No Workout! Cropped, Oversized Or Rating for lululemon.com 4.7\ (180) 95-100% Women's Bestsellers See What's Trending. Pants, Shorts, Skirts, And Tanks",Search,10/2/2024
Lululemon,"Men's Short Sleeve Shirts lululemon Your FavoriteTee,But InASofter-Than-Soft Fabric That Has Stretch, Too. Sweat-Wicking, Breathable, Anti-Stink These Shirts Work Hard To Feel This",Search,10/2/2024
Lululemon,"Shop Steady State - Shop The Steady State Pullover The Secret To Our Soft, Naturally Breathable Steady State Collection Is In The Stretch. You're This Close To Versatile, Streamlined Hoodies That Feel As Good As They Look. Members Get Perks lululemon? Steady State WeMadeTooMuch Men's Bestsellers Women's Bestsellers",Search,10/30/2024
Lululemon,lululemon Shoes & Slides - Shoes Slides & Sneakers Ditch The Distractions With Shoes That Fit Just Right Shop The Collection Online. Take Your Day In Any Direction With Shoes That Fit You And Your Moves Shop Now Small business Women's Bestsellers Men's Bestsellers Shoes & Slides Gifts For Her We Made Too Much,Search,10/31/2024
Lululemon,"Shop lululemon? Shorts - For Every Workout, Every Day Shorts This Stretchy & Lightweight Redefine What Comfortable Feels Like. Shop New Shades Of Women's Shorts Men's Shorts WeMadeTooMuch Women's Bestsellers Men's Bestsellers",Search,10/31/2024
Lululemon,"Shop lululemon? E-Gift Cards Send A Gift Card To Their Inbox In An Instant, & Get Ready For So Many Thank-Yous. Give The Gift That Lets Them Choose, Whether They're Shopping Online OrIn-Store",Search,10/31/2024
Lululemon,"lululemon? Official Site - Shop lululemon? Men's Trousers In Trousers This Comfortable, No Move Is Off-Limits Shop The Collection Online Now. When Trousers Fit Like They're Made For You Rating for lululemon.com 4.6→(124) 95-100%",Search,11/1/2024
Lululemon,"Streamlined Shorts Are In You're This Close To Versatile Shorts That Look As Good As They Feel. In Shorts This Lightweight & Stretchy Women's Shorts Keep Cool In Shorts That Were Made For You Shop The Collection Now We Made Too Much New Markdowns Are In And You Are Going To Love Them Running & Workout Gear All The Gear You Need In One Place. Shirts Shorts, Shoes & Accessories",Search,11/1/2024
Lululemon,Shop Men's Tank Tops - lululemon? Men's Tank Tops You're This Close To Versatile Tank Tops That Look As Good As They Feel. In Tank We Made Too Much New Markdowns Are In And You Are Going To Love Them Men's Bestsellers Our Top Trending Men's Clothes. Comfort And Style. Shop Now,Search,11/1/2024
Lululemon,Official Site - Shop lululemon? Women's Tops You're This Close To Versatile Tops That Look As Good As They Feel. In Tops This Lightweight & Stretchy You're Going Lots Of Places,Search,11/1/2024
Lululemon,"Shop Crossbody Bags - lululemon Official Site Find Crossbody Bags With Smooth Lines & Smart Details That Unlock Today's Potential. Space Keeps Your Stuff Close & Comfortable Straps Keep Your Hands Free. Free Hemming Crossbody & Belt Bags Phone, Keys, Wallet. Keep Them Close In These Versatile Bags WeMade TooMuch New Markdowns Are In And You Are Going To Love Them",Search,11/1/2024
Lululemon,Shop lululemon Beanies - Sleek Beanies Are In Find Your Perfect Temperature In Lightweight Beanies Infused With Merino Wool. Make New Moves In Beanies lululemon lululemon lululemon lululem Warm Close-Fit Fast and Cable-I Gifts For Him Men's Winter Collection,Search,11/1/2024
Lululemon,Shop Dual Pouch Wristlets - DetachablePouches ThePerfectClutchlsHere.LookNoFurtherThan lululemon?Wristlets.ShopNow.TheseWristlets Feature Ample Pockets And A Hidden Phone Sleeve Explore The Collection Rating for lululemon.com 4.7(184) Most items 30+ days,Search,11/1/2024
Lululemon,Men's Jackets - lululemon? Official Site You'reThisCloseToVersatileJacketsThatLookAs Good As They Feel,Search,11/1/2024
Lululemon,"Hats Fit For More - Move In Your Favorite Color Lightweight, Breathable Running Hats To Stretchy Sweat-Wicking Bucket Hats. Make New Moves In Hats That Fit Like They're Made For You. Buy Now, Pick Up In-Store Rating for lululemon.com 4.6→ (139) Shop Lululemon Hat Find Sleek Hats In Shades That Match Your Motivation Shop lululemon? Hats Shop Hats In New Shades, & Bring New Energy To Every Day Gifts Under $50 Gifts Under $100",Search,11/1/2024
Lululemon,Shop lululemon? Women's Shoes - Shoes Designed For Women The Cityverse Sneaker's Timeless Design And Plush Comfort Keep You Ahead Of The Crowd. Never-Before- Felt Comfort And Classic Details Play Well With Every Outfit. Summer,Search,11/1/2024
Lululemon,"Headbands & Scrunchies - lululemon? Official Site Less Breakage, More Breakthroughs, With Claw Clips For Every Hair Type & Texture. Keep Your Hair Off Your Mind With Claw Clips That Fit Like They're Made For You Disney x lululemon Shop Limited-Edition Fits Charmed By A Disney Icon Gifts Under $50 Look No Further For Top Gifts Under $50. Find Them Today",Search,11/1/2024
Lululemon,"Shop lululemon? Women's Skirts - Shop Women's Skirts You're This Close To Versatile Skirts That Look As Good As They Feel. In Skirts This Lightweight & Stretchy You're Going Lots Of Tennis & Pickleball Breathable Shorts, Skirts, Shirts. Check Out Our Latest Racket Bag We MadeToo Much New Markdowns Are In And You Are Going To Love Them Pro-Approved Golf Gear Foundations For Play, Perfected. Shop Shirts Shorts, Pants & More",Search,11/1/2024
Lululemon,"Streamlined Backpacks Are In - lululemon? Official Site Carry Busy Days Forward With Pockets For Your Laptop, Water Bottle, & Workout Gear. Find Backpacks With Smooth Lines & Smart Details That Unlock Today's Potential Bags, Backpacks, Wallets We Made Too Much Women's Bestsellers Belt Bags Women's Winter Collection",Search,11/1/2024
Lululemon,"Shop lululemon Underwear - Shop Women's Underwear You're This Close To Soft, Stretchy Underwear That Looks As GoodItFeels.Find UnderwearIn Your Favorite Color, Available Now In Sizes XS-XXL Women's Bestsellers Men's Bestsellers Gift:",Search,11/1/2024
Lululemon,"lululemon Women's Clothing - As Always, Shipping Is Free Our Technical Gear Is Really Comfy Too, So You Can Go From Working Out To Whatever Else. Running Women's Bestsellers We Made Too Much Women's Winter Collection Shop Leggings Bags, Backpacks, Wallets",Search,11/1/2024
Lululemon,"lululemon? Official Site - Get Free Shipping & Returns Carry Busy Days Forward With Pockets For Your Laptop, Water Bottle, & Workout Gear Shop lululemon? Backpacks Make New Moves With Backpacks That Fit Like They're Made For You Bags, Backpacks, Wallets Organized And Comfortable. Keeping Items In Place On The Move Crossbody & Belt Bags Phone, Keys, Wallet. Keep Them Close In These Versatile Bags",Search,11/1/2024
Lululemon,"lululemon Men's Underwear - Shop Men's Underwear - All-Day Comfort Put On Our Technical Men's Underwear And Forget About It Until You Take It Off Again. Our Technical Men's Boxers Are Breathable, Roomy, And Come In Different Lengths Buy Online, Pick Up In-Store Experience Men's Boxers That Are Roomy Breathable, And Don't Rub Men's Bestsellers Our Top Trending Men's Clothes. Comfort And Style. Shop Now New Underwear In Stock Now Comfort, Supportive And Sweat-Wicking Boxers That Feel As Good As Nothing 山 Install",Search,11/1/2024
Lululemon,"lululemon? Official Site - More Water More Wanders Find Sleek, Streamlined Water Bottles In New Shades That Match luluiemon Your Motivation. Hit Your Hydration Goals With Water Rating for lululemon.com 4.7↓ (59) Gifts Under $50 Gifts Under $100 Gifts For Her Gifts For Him",Search,11/1/2024
Lululemon,"Women's Joggers & Sweatpants - Shop Women's Joggers You're This Close To Versatile Joggers You Can Dress Up Or Down, Anywhere. In Joggers This Lightweight & Stretchy, You're Going Lots Of Places. 2-Hour Pick Up In-Store. Fall Clothes Are In. Snip It, Hemming's On Us Free Hemming lululemon? Women's Joggers When Joggers Fit Like They're Made For You Unstoppable's Up Next We Made Too Much New Markdowns Are In And You Are Going To Love Them",Search,11/1/2024
Lululemon,"lululemon? Official Site - Function Meets Style Available With Water-Repellent & Abrasion-Resistant Fabric. Shop The New Parent Backpack. Comes Complete With Removable Pouch And Changing Mat. Shop Now And Rating for lululemon.com 4.7 \ (71) We Made Too Much Bags, Backpacks, Wallets Belt Bags Women's Bestsellers",Search,11/1/2024
Lululemon,"Shop Men's Bags & Backpacks - Shop lululemon? Men's Bags Carry Busy Days Forward With Pockets For Your Laptop, Water Bottle, & Workout Gear. Find Bags Men's Bestsellers We Made Too Much Bags, Backpacks, Wallets Travel",Search,11/1/2024
Lululemon,"Shop Men's Gear - Shop lululemon? Men's Gear This Game-Changing Gear Will Take Your Training Runs, And Practice To New Places lululemon Matching Sets Shop Casual & Workout Sets. Move In Your Favorite Color Men's Bestsellers Our Top Trending Men's Clothes. Comfort And Style.Shop Now Gifts For Him Gifts Under $50",Search,11/1/2024
Lululemon,"Shop Jackets & Coats Online - For Every Workout, Every Day Jackets This Stretchy & Lightweight Redefine What Comfortable Feels Like. Designed To Look Like Your Favorite Jacket, Feels Even Better. Free Hemming Rating for lululemon.com 4.6 (53) We Made Too Much Gifts Under $50 Gifts Under $100 Women's Winter Collection",Search,11/1/2024
Lululemon,"lululemon? Official Site - Shop lululemon? Bags Shop Bags In New Shades, & Bring New Energy To Every Day. Carry Busy Days Forward With Pockets For Your Laptop, Water Bottle, & Workout Gear Rating for lululemon.com 4.7\ (172) Crossbody & Belt Bags Bags, Backpacks, Wallets Totes, Yoga Bags & More Travel Gear & Bags Mini Bags To Carry-It-All Bags",Search,11/1/2024
Lululemon,"Shop Belt Bags & More - Shop lululemon? Belt Bags Find Belt Bags With Smooth Lines & Smart Details That Unlock Today's Potential.Find A Belt Bag So Versatile & Comfortable To Wear, It's Kind Of A Big Deal Crossbody & Belt Bags WeMadeTooMuch Mini To Maxi Belt Bags",Search,11/1/2024
Lululemon,"Men's Polo Shirts - New Gear Just Dropped - Every Shirt's A Stretc You'reThisCloseToVersatilePoloShirtsThatLookAs Good As They Feel. Polo Shirts This Comfortable, No Movels Off-Limits",Search,11/1/2024
Lululemon,"Shop Hoodies & Sweatshirts - lululemon? Official Site Tops This Stretchy & Lightweight Redefine What Comfortable Feels Like. Shop New Shades Of Tops That Bring New Energy To Every Workout. Free Hemming We Made Too Much New Markdowns Are In And You Are Going To Love Them Women's Bestsellers See What's Trending. Pants, Shorts, Skirts, And Tanks Women's Spring Collection Discover Soft, Comfortable Layers Online Or In- store",Search,11/1/2024
Lululemon,lululemon? Men's Pants - These Pants Raise The Bar The lululemon Casual Pant Collection: Athletic Innovation For Everyday Life. Pants Made From Men's Business Casual Men's Bestsellers Summer Sale On Now Pants Without Compromise Running & Workout Gear,Search,11/1/2024
Lululemon,"lululemon Women's Tank Tops - Shop Women's Tank Tops Our Tank-Tops Were Made To Run In, Train In, Flow In And Relax In. Some That Do It All WeMadeTooMuch New Markdowns Are In And You Are Going To Love Them Shop Tank Tops Long Sleeves Or No Sleeves, There's A Shirt For EveryWayYou StayActive lululemon",Search,11/1/2024
Lululemon,"We Made Too Much, Moving yFast Find New Motivation For Running, Training, & Yoga With More Styles Added Every Week",Search,11/6/2024
Lululemon,"Breaker Joggers - New Gear Just Dropped - Move e In Your Favorite Color Pace Breaker Jogger So Lightweight And Fast-Drying Stronger Strides Are Ahead Of You. You're This Close To Sleek, Streamlined Running Joggers That Feel As",Search,11/15/2024
Lululemon,"Dance With No Distractions - lululemon?Dance Gear In Lightweight, Breathable & Abrasion-Resistant Dance Gear, No Move Is Off-Limits. Dance In Lightweight Sweat-Wicking Gear That Keeps Distractions Outside Rating for lululemon.com 4.7 (184)",Search,12/11/2024
Lululemon,"lululemon? Official Site - Buy Online Pick Up In-Store In Lightweight, Breathable & Abrasion Resistant Workout Pants, No Move Is Off-Limits. Find Workout Gear That Stretches Your Limits, Here In Your Rating for lululemon.com 4.6 → (125) View 7 prices from $52.00",Search,1/24/2025
Lululemon,"lululemon? Official Site - Shop Yoga Shorts Strong Where You Need It, Soft Where It CountsShop Yoga Shorts That Move With You We Made Too Much New Markdowns Are In And You Are Going To Love Them Women's Shorts Keep Cool In Shorts That Were Made For You Shop The Collection Now New Gear Just Dropped Women's Align Shop",Search,1/24/2025
Lululemon,lululemon Like New - New Life For Gently Used Gear The Like New Resale Shop Is Packed With Thousands of Gently Used GemsDropping Daily. Every Action,Search,2/3/2025
Lululemon,"Shop Gently Used lululemon - Secondhand Gear, Back For More With lululemon Like New, You Can Trade In GearFor Credit & Discover Gently Used Gear. Find The Perfect Piece Of Secondhand Gear You Didn't Know You Were Looking For. Trade-ln Program. Online Resale Shop",Search,2/3/2025
Lululemon,"Gently Worn Gear For Resale - Meet lululemon n Like New This Gently Used Gear Is Ready For Another Round Get Into It At The Like New Resale Shop. With lululemon Like New, You Can Trade In Gear For",Search,2/3/2025
Lululemon,"Here, Just Used Gear - Shop Gently Used lululemon Shop lululemon Like New & Find Gently Used Authentic lululemon Gear. Available Online. The Like New Resale Shop Is Packed With",Search,2/3/2025
Lululemon,"Shop Gently Used lululemon - Gently Worn Gear For Resale - Meet..: Shop Like New And Find Women's Gently Used Leggings & More. Available Online. With lululemon Like New, You Can Trade In Gear For Credit &Discover Gently Used Gear Women's ""Reduced"" Shop The Like New Resale Sh",Search,2/3/2025
Lululemon,"lululemon Like New likenew.lululemon.com/lululemon/like-new Gently Worn Gear For Resale - Meet lululemon Like New This Gently Used Gear Is Ready For Another Round Get Into It At The Like New Resale Shop. With lululemon Like New, You Can Trade In Gear For Credit & Discover Gently Used Gear. 25% Off Reduced Shop Women's Gear Under $50 Shop Black Friday Shop Women's Black Friday Women's""Reduced""Gear Black Friday - 25% off Reduced Shop",Search,2/3/2025
Lululemon,"Shop Secondhand Like New Gear - It's Secondhand Gear Season With lululemon Like New, You Can Trade In Gear For Credit & Discover Gently Used Gear. Ready For A",Search,2/3/2025
Lululemon,"lululemon Like New likenew.lululemon.com/womens/bestsellers lululemon Like New - Like New Gear For Women Stretch Your Limits In Move-Enhancing, Secondhand GearOnly In The Like New Resale Shop. Every Action Counts When It Comes To Sustainability. Shop lululemon Like New Resale. Resale Program. Buy Like New Gear Women's Gear Under $50 Shop Women's Bestse",Search,2/3/2025
Lululemon,Secondhand Like New Gear - Shop Gently Used lululemon Shop Like New And Find Men's & Women's Gently Worn Secondhand Gear. Available Online. Every Action Counts,Search,2/3/2025
Lululemon,"lululemon Like New likenew.lululemon.com/like-new/reduced Meet lululemon Like New - Gently Worn Gear For Resale This Gently Used Gear Is Ready For Another Round Get Into It At The Like New Resale Shop. With Trade-In Information Trade It In. Make It Like New. Get Your E-Gift Card Like New Define Jacket OurFan-Favorites,RevivedAnd Like New Shop Now Trade In Gear For Resale Like New Wunder Shop",Search,2/3/2025
Lululemon,Shop Gently Used lululemon - Gently Used Gear For Resale This Gently Used Gear Is Ready For Another Round Get Into It At The Like New Resale Shop. With lululemon Like New Trade In Your Gear For Credit Trade-In Informatio,Search,2/3/2025
Lululemon,lululemon Like New likenew.lululemon.com/lululemon/like-new lululemon Like New Gear - lululemon Like New Find The Perfect Piece Of Secondhand Gear You Didn't Know You Were Looking For. Every Action Counts When It Comes To Sustainability. Shop lululemon Like New Resale Men's Gear Under $50 Trade In And Get Credit Trade-In Information Trade In Gear For Resale,Search,2/3/2025
Lululemon,"Shop Gently Used lululemon - Secondhand Gear, Back For More The Like New Resale Shop ls Packed With Thousands of Gently Used GemsDropping Daily. Every Action Counts Trade-In Information Trade In Gear For Resale",Search,2/3/2025
Lululemon,"Shop Gently Used lululemon - Secondhand Gear, Back For More The Like New Resale Shop Is Packed With Thousands of Gently Used GemsDropping Daily. Every Action Counts When It Comes To Sustainability. Shop lululemon Like New Resale. Used lululemon Gear Trade-In Program Trade In And Get Credit Trade-In Information",Search,2/3/2025
Lululemon,lululemon Like New likenew.lululemon.com/lululemon/like-new Shop Gently Used lululemon - Trade In And Get Credit This Gently Used Gear Is Ready For Another Round. Get Into It At The Like New Resale Shop. With lululemon Trade-In Information TradeInGearForResale,Search,2/3/2025
Lululemon,"lululemon Like New likenew.lululemon.com/lululemon/like-new Meet lululemon Like New - Gently Worn Gear For Resale With lululemon Like New, You Can Trade In Gear For Credit & Discover Gently Used Gear. Ready For A Second Win? Trade-In Information Trade In Gear For Resale Like New Define Jacket Women's Gear Under $50 Women's ""Reduced"" Gear",Search,2/3/2025
Lululemon,Shop Women's Pants lululemon Like New - The Like New Resale Shop The Like New Resale Shop Is Packed With Thousands Of Gently Used GemsDropping Daily. Pre-Loved Pieces Like This Are Right At Home In The Gym- And,Search,2/6/2025
Lululemon,"Beyond Comfortable Tracksuits - Sleek Tracksuits Are In You're This Close To Versatile, Streamlined Tracksuits That Look As Good As They Feel. In Tracksuits This Lightweight And Stretchy, You're Going Lots Of Places New Gear Just Dropped. Snip It, Hemming's On Us Fall Clothes Are In. 25+ Years Of Innovation Rating for lululemon.com 4.6→ (141) 1-3 days",Search,3/11/2025
Lululemon,"lululemon? Men's Track Suits - Shop Lululemon Mens Tracksuit You're This Close To Versatile, Streamlined Track Suits That Look As Good As They Feel. In Track Suits This Rating for lululemon.com 4.7 \ (90) 1-3 days Men's Bestsellers Our Top Trending Men's Clothes. Comfort And Style. Shop Now Men's Spring Collection Discover Soft, Comfortable Layers Online Or In- store",Search,3/12/2025
Lululemon,"lululemon? Matching Sets - Shop lululemon Matching Sets In Matching Sets This Lightweight And Stretchy, You're Going Lots Of Places. Find Matching Sets In Your Favorite Color, Now In Size 0-20 lululemon Matching Sets Shop Casual & Workout Sets. Move In Your Favorite Color Shop Matching Sets By Color Make New Moves In Matching Sets That Fit Like They're Made For You Casual Matching Sets Are In You're This Close To Versatile, Streamlined Matching Sets That Look As Good As They",Search,4/2/2025
Lululemon,"lululemon Matching Sets - Casual Matching Sets Are In Find Matching Sets In Your Favorite Color, Now In Size O-20. Make New Moves In Matching Sets That Fit Like They're lululemon Matching Sets Shop Casual & Workout Sets. Move In Your Favorite Color",Search,4/2/2025
Lululemon,"Casual Matching Sets Are In - New Gear Just Dropped In Matching Sets This Lightweight And Stretchy, You're Going Lots Of Places. You're This Close To Versatile Streamlined Matching Sets That Look As Good As They Feel Rating for lululemon.com 4.7 (184) 1-3 days",Search,4/4/2025
Lululemon,"Shop Women's Sweatpants - lululemon Women's Sweatpants You're This Close To Versatile, Streamlined Sweatpants That Look As Good As They Feel. In Sweatpants This Lightweight And Stretchy, You're Going Lots Of Places Gifts For Women Rating for lululemon.com 4.6(144) Most items 30+ days We Made Too Much Ultra Soft Sweatpants Are A Go",Search,7/3/2025
Lululemon,"Shop Women's Black Leggings - lululemon Black Leggings Browse All Our Fits In Classic Black: Flare, Tight Fit Wide Leg & Contour Fit Leggings",Search,7/15/2025
Lululemon,"Crops Just Wanna Have Fu Stretch, Super Softness Shop Lightweight Women's Cropped Le In Classic, Wide & Slim Fits. Find High-",Search,7/15/2025
Lululemon,"lululemon Leggings - Move In Your Favorite Colors Women's Colorful Leggings So Soft And Stretchy, You'll Forget They're On. Find New Colors Of Leggings That Inspire New Moves, Here In Size O-20. Fall Clothes Are In Rating for lululemon.com 4.6 (139)",Search,7/15/2025
Lululemon,Flare Leggings - New lululemon Gear Just Dropped High-Waisted Flare Leggings So Soft And Stretchy You'll Forget They're On. In Flare Leggings This,Search,7/15/2025
Lululemon,"lululemon Official Site - Shop lululemon Online Shop Women's Tights Today. Yoga Days, Training Days Rest Days-We've Got You Covered. Align, Glow Up Fast & Free, Wunder Train & More. Shop Our Legendary Leggings Today Rating for lululemon.com 4.6↓ (137) 95-100% Women's Fall Clothes Women's Bestsellers lult",Search,7/15/2025
Lululemon,"Fabrics - New Gear Just Dropped In High-Waisted Leggings This Comfortable, No Move Is Off-Limits. High-Waisted Or Mid-Rise Leggings? Wide Leg Or Tight Fit? Find Your ldeal Style Here",Search,7/15/2025
Lululemon,s Fit For Every Move - lululemon? Official Site Make Better Leggings Your Base. Then Style And Move The Way You Want In Total Comfort,Search,7/15/2025
Lululemon,"lululemon Official Site - Move In Your Favorite Colors From Work To Class To The Gym, Cross Anything Off Your Agenda In These Women's Leggings. Make Rating for lululemon.com 4.6(139) We Made TooMuch New Markdowns Are In And You Are Going To Love Them lululemon Matching Sets Shop Casual & Workout Sets. Move In Your Favorite Color Shop Our Newest Colors Bags, Backpacks, Wallets",Search,7/16/2025
Lululemon,"Weekend Hikes Or Work Commutes. We've Got Technically-Made Backpacks Keys, Phone, Wallet Missing: fast traek Rating for lululemon.com 4.7 (180) Most items 30+ days Bags, Backpacks, Wallets Organized And Comfortable. Keeping Items In Place On The Move Crossbody & Belt Bags Phone, Keys, Wallet. Keep Them Close In These Versatile Bags Women's Bestsellers See What's Trending. Pants, Shorts, Skirts, And Tanks",Search,7/16/2025
Lululemon,"lululemon Leggings - Shop Women's Leggings From Work To Class To The Gym, Cross Anything Off Your Agenda In These Women's Leggings. Make Better Leggings Your Base. Then Style And Move The Way Rating for lululemon.com 4.6↓ (139) Shop Leggings WeMadeTooMuch Women's Bestsellers Gifts Under $50 lululemon Matching Sets",Search,7/16/2025
Lululemon,"lululemon Bags & Accessories - lululemon? Official Site Discover lululemon Bags With Smooth Lines & Smart Details That Unlock Today's Potential. Carry Busy Days Forward With Pockets For Your Laptop, Water Bottle, & Workout Gear. Free Shipping & Returns. Buy Now, Pick Up In-Store. Free Hemming Rating for lululemon.com 4.6 (120) 95-100%",Search,7/17/2025
Lululemon,"lululemon Diaper Bags - Shop The New Parent Backpack Parents On The Go, We See You. We Made This Diaper Bag To Shift With You Through Your Day. lululemon Diaper Bag Complete With Removable Pouch We Made Too Much New Markdowns Are In And You Are Going To Love Them Bags, Backpacks, Wallets Organized And Comfortable. Keeping Items In Place On The Move",Search,7/17/2025
Lululemon,"v Gear Just Dropped - lululemon Crossbody Bags Find A Crossbody Bag So Versatile & Comfortable To Wear, It's Kind Of A Big Deal. Find Crossbody Bags With Smooth Lines & Smart Details That Unlock Today's",Search,7/17/2025
Lululemon,"lululemon Men's Backpacks - Browse Men's Backpacks Shop Men's Backpacks With Smooth Lines & Smart Details That Unlock Today's Potential. Carry Busy Days Forward With Pockets For Your Laptop, Water Bottle, & Workout Gear. Members Get Perks. Become A Member 25+ Years Of Innovation. Free Shipping & Returns. 2- Bags, Backpacks, Wallets Organized And Comfortable. Keeping Items In Place On The Move We Made Too Much New Markdowns Are In And You Are Going To Love Them Men's Bestsellers Our Top Trending Men's Clothes. Comfort And Style. Shop Now",Search,7/17/2025
Lululemon,"Fits It All, Laptops Included - lululemon Men's Backpacks Shop Men's Backpacks With Smooth Lines & Smart Details That Unlock Today's Potential. Carry Busy Days Forward With Pockets For Your Laptop, Water Bottle Rating for lululemon.com 4.6→ (136)",Search,7/17/2025
Lululemon,lululemon? Official Site - lululemon Crossbody Bags Shop lululemon Crossbody Bags In New Shades & Bring New Energy To Every Day. Find Crossbody Bags With Smooth Rating for lululemon.com 4.7 1 (184) 95-100%,Search,7/17/2025
Lululemon,lululemon Backpacks - Water- Repellent Backpacks Shop lululemon Backpacks With Smooth Lines & Smart Details That Unlock Today's Potential Rating for lululemon.com 4.6(139) 1-3 days We Made Too Much New Markdowns Are In And You Are Going To Love Them,Search,7/17/2025
Lululemon,"lululemon Wristlets - Wristlets, Wallets & Pouches Discover Wristlets With Detachable Pouches That Let You Customize The Look And Function. Shop Wristlets We Made Too Much Shop Wristlets & Pouches New Gear Just Dropped",Search,7/17/2025
Lululemon,"lululemon Belt Bags - Shop Belt Bags Shop lululemon Belt Bags With Smooth Lines & Smart Details That Unlock Today's Potential. Make New Moves With lululemon Belt Bags That Fit Your Stuff lululemon lululemon All lululemon lululem Night Everywhe Everywhe Everyw Crossbody & Belt Bags Phone, Keys, Wallet. Keep Them Close In These Versatile Bags We Made Too Much",Search,7/17/2025
Lululemon,"lululemon Belt Bags A Belt Bag So Versatile & Comfortable To Wear, It's Kind Of A Big Deal. Shop lululemon Belt Bags In New Shades & Bring New Energy To Every Day Crossbody & Belt Bags Phone, Keys, Wallet. Keep Them Close In These Versatile Bags ululemon? Official Site Shop lululemon Belt Bags With Smooth Lines & Smart Details That Unlock Today's Potential Shop lululemon Online Make New Moves With lululemon Belt Bags That Fit Your Stuff & Your Life",Search,7/17/2025
Lululemon,"lululemon Men's Bags - Men's Bags & Accessories Discover Men's Bags With Smooth Lines And Smart Details That Unlock Today's Potential. Carry Busy Days Forward With Pockets For Your Laptop, Water Bottle, & Workout Gear Crossbody & Belt Bags Phone, Keys, Wallet. Keep Them Close In These Versatile Bags Men's Bestsellers Our Top Trending Men's Clothes. Comfort And Style. Shop Now We Made Too Much New Markdowns Are In And You Are Going To Love Them",Search,7/17/2025
Lululemon,"lululemon Crossbody Bags - New Gear Just Dropped - lululemon? Official Site Shop lululemon Crossbody Bags In New Shades & Bring New Energy To Every Day. Find Crossbody Bags With Smooth Lines & Smart Details That Unlock Today's Crossbody & Belt Bags Phone, Keys, Wallet. Keep Them Close In These Versatile Bags Shop Crossbody Bags Make New Moves With Crossbody Bags That Fit Your Stuff & Your Life Mini To Maxi Crossbody Bags Find A Crossbody Bag So Versatile & Comfortable To Wear, It's Kind Of A Big Deal",Search,7/17/2025
Lululemon,"lululemon Wristlets & Wallets - Wristlets,Wallets & Pouches The Perfect Clutch Is Here. Look No Further Than lululemon Wristlets. Shop Now. Wristlets To Keep Shop Wristlets & Pouches Discover Wristlets With Detachable Pouches That Let You Customize The Look And Summer Sale On Now Catch The Summer Sale While It's Hot. Don't Wait, Shop Now Clippable Wallets & Pouches Shop Wristlets, Wallets & Pouches In New Shades & Bring New Energy To Every Day Summer Sale : Up to 40% off Select Styl",Search,7/17/2025
Lululemon,Find Carry-On Approved Sizes Discover Duffle Bags With Smooth Lines And Smart Details That Unlock Today's Potential,Search,7/20/2025
Lululemon,Gear Just Dropped - Wristlets Wallets & Pouches The Perfect Clutch Is Here. Look No Further Than lululemon Wristlets. Shop Now. Wristlets To Keep Small Items Safe & Secured WhenOnTheMove,Search,7/29/2025
Lululemon,The Like New Resale Shop - Shop Gently Used lululemon The Like New Resale Shop Is Packed With Thousands of Gently Used Gems-Dropping Daily. Every Action,Search,8/21/2025
Lululemon,"Women's Daydrift ™ Trousers - Shop Women's Trousers The Sleek Look & Stretch Waist You Love, Now In A Pinstripe Pattern & A Straight-Leg Fit. Daydrift ™ Is Back With Two New Styles: Pinstripes And A New We Made Too Much Shop All-New Women's Pants",Search,9/10/2025
Lululemon,"lululemon Zeroed In Gear - Jackets Pants, Shirts & More You're This Close To Sleek, Streamlined Training Gear That Feels As Good As It Looks. Discover Lightweight WeMadeTooMuch New Markdowns Are In And You Are Going To Love Them",Search,9/18/2025
Lululemon,"lululemon? Official Site - Move In Your Favorite Color You're This Close To Versatile, Streamlined Sweatpants That Look As Good As They Feel Men's Bestsellers Men's Winter Clothes Shop Lululemon Sweatpants lululemon",Search,11/11/2025
Lululemon,"t Dropped - All New Sweatshirts & Hoodies Soft SweatshirtsAre The Perfect Go-TosAfterAHard Workout. Long, Cropped, Oversized, SlimThese",Search,11/14/2025
Lululemon,Gear Just Dropped - All New Hoodies & Sweatshirts Even The Warmest Days Like Our Naturally Breathable Comfortable Sweatshirts.OurMen's Sweatshirts Have,Search,11/14/2025
Lululemon,Gear Just Dropped - Warmth Without The Bulk NewTechnicalPuffersAndInsulatedVestsThatOffer LotsOfWarmthWithoutTheBulk.GiveTheColdThe Warmest Of Welcomes In The Latest Puffers That,Search,11/14/2025
Lululemon,"Ultra Soft Sweatpants Are A Go - New Gear Just Dropped Reset And Recharge In Sweatpants That Fit Like They're Made For You. In Sweatpants This Lightweight And Stretchy, You're Going Lots Of Places Rating for lululemon.com 4.71 (177)",Search,11/14/2025
Lululemon,"Lightweight Joggers Are A Go - New Gear Just Dropped In Joggers This Lightweight And Stretchy, You're Going Lots Of Places. In Joggers This Comfortable, No Move Is Off-Limits. Shop The Collection Online",Search,11/14/2025
Lululemon,"Dropped - Stretchy Pants Are A Go In Joggers This Lightweight & Stretchy, You're Going Lots Of Places. Shop Now. You're This Close To",Search,11/14/2025
Lululemon,"All New Matching Sets - New JGear Just Dropped Make New Moves In Matching Sets That Fit Like They're Made For You. Tracksuits Available In More Colors, Sizes & Styles. Shop Now. Styles: Align Wunder Train, Wunder Under, Fast & Free, Glow Up Base Pace, Groove, InStill",Search,11/14/2025
Lululemon,"Official Site - Shop Gear lululemon? Online Wondering About Your Size? Shop With Us Over Phone Or Video Chat For Free. We've Got You. This Game- Changing Gear Will Take Your Training, Runs",Search,11/18/2025
Lululemon,lululemon? Official Site - Buy Online Pick Up In-Store This Game-Changing Gear Will Take Your Training Runs & Practice To New Places. Shop Now. Wondering About Your Size? Shop With Us Over Phone Or Video Chat For Free. We've Got You,Search,11/18/2025
Lululemon,"lululemon? Official Site - Shop lululemon? Clothing The Latest In Clothing And Accessories. Available In A Variety Of Styles, Sizes & Colors",Search,11/18/2025
Lululemon,"Ultra Soft Sweatpants Are A Go - New Gear Just Dropped You're This Close To Versatile, Streamlined Sweatpants That Look As Good As They Feel. In Sweatpants This Lightweight And Stretchy, You're Going Rating for lululemon.com 4.6\(149)",Search,11/24/2025
Lululemon,lululemon? Official Site - Shop lululemon Shoulder Bags Find Shoulder Bags With Smooth Lines And Smart Details That Unlock Today's Potential. Space Keeps Your Stuff Close And Comfortable Straps Keep Your Hands Free Rating for lululemon.com 4.6 ↓ (154) 95-100%,Search,1/12/2026
Lululemon,"Gear Just Dropped - Sleek Purses Are In Shop Purses In New Shades, And Bring Every Day. Find Purses With Smooth Li Smart",Search,1/12/2026
Lululemon,New Gear Just Dropped - B Member Today Make New Moves With Shoulder Bags Stuff&YourLife Rating for lululemon.com 4.7 \ (156) 95-100% Women's Spring Collection Crossbody & Belt Bags,Search,1/12/2026
Lululemon,Dropped - lululemon Purses FindPursesWithSmoothLines&SmartDetailsThat Unlock Today's Potential,Search,1/12/2026
Lululemon,"Shop Shoulder Bags In New Shades, And Bring New EnergyTo Every Day",Search,1/13/2026
Lululemon,"On Accessories - Sign Up For Early Access WhenWinterRollsIn,You'llHeadOutWithThe Season's Best Bags, Water Bottles & Hats",Search,1/13/2026
Lululemon,"Wins - Become A Member WhenWinterRollsIn,You'llHeadOutWithThe Season's Best Bags, Water Bottles & Hats What's New I Men's Gear : Running & Workout Gear",Search,1/13/2026
Lululemon,"We Made Too Much, Moving Fast - Get Free Shipping & Returns Find New Motivation For Running, Training, & Yoga With More Styles Added Every Week. Don't Miss Out On Great Finds That'll Take Every Workout & Rest Day To Another Rating for lululemon.com 4.7\(156)",Search,1/13/2026
Lululemon,"lululemon? Official Site - Sleek Shoulder Bags Are In Space Keeps Your Stuff Close And Comfortable Straps Keep Your Hands Free. Shop Shoulder Bags In New Shades, And Bring New Energy To Every Day Rating for lululemon.com 4.7(159) 95-100%",Search,1/14/2026
Lululemon,lululemon? Official Site - Shop We Made Too Much An Easier Way To Pay Is HereChoose Afterpay Or Klarna At Checkout. Wondering About Your Size? Shop With Us Over Phone Or Video Chat For Free. We've Got You Rating for lululemon.com 4.7 (159) Most items 30+ days,Search,1/14/2026
Lululemon,"Summer Pairs You'll Wear - Famously ComfortableBottoms Freshen UpAnd Stay That Way With The Best In Breathability And Moisture Control. Remove Restrictions In Shorts, Skirts & Leggings Built For A Full Range Of Motion. Free Shipping & Returns. Shop Seasonal Staples. Shop Spring Shorts. Snip It Women's Summer Collection - Women's Shorts -",Search,1/14/2026
Lululemon,"Comfort Is Calling: Answer - Shop Men's Clothing Blend Comfort And Capability With Every Layer. Shop Shirts, Sweatshirts, Jackets & More What's New I Men's Gear : Running & Workout Gear",Search,1/14/2026
Lululemon,"lululemon Official Site -lululemon Purses Shop Purses In New Shades & Bring New Energy To Every Day Shop Purses Shop Purses In New Shades & Bring New Energy To Every Day Crossbody & Belt Bags Phone, Keys, Wallet. Keep Them Close In These Versatile Bags Bags, Backpacks, Wallets Organized And Comfortable. Keeping Items In PlaceOn The Move",Search,1/15/2026
Lululemon,Summer Has Its Layers - These Tops Don't Stop Freshen UpAnd Stay That Way With The Best In Breathability And Moisture Control. These Ultra-Soft Shirts And Tanks Turn The Comfort Level Way Up For Summer. 25+ Years Of Innovation. Shop Spring Shorts Sign Up For Early Access. Members Get Perks Women's Summer Collection : Shop Our Summer Sale,Search,1/15/2026
Lululemon,"lululemon? Official Site - Consistently Comfortable The New EasyFive's Fabric Is Smooth And Wrinkle- Free Straight Out Of The Dryer Men's Clothes For Spring The Seasons Change, The Comfort Stays. Get Into Lightweight Layers Bags, Backpacks, Wallets Organized And Comfortable. Keeping Items In Place On The Move Shop Women's & Men's Pants Women's Spring Collection",Search,2/25/2026
Lululemon,"lululemon Totes & Accessories - lululemon Official Site Make New Moves With lululemon Tote Bags That Function Like They're Made For You. Shop lululemon Tote Bags With Smooth Lines & Smart Details That Unlock Today's Potential Carry-It-All Totes & More Carry Busy Days Forward With Pockets For Your Laptop, Water Bottle, Passport & More Shop Tote Bags In All Sizes Shop lululemon Tote Bags In New Shades & Bring New Energy To Every Day Bags, Backpacks, Wallets Organized And Comfortable. Keeping Items In Place On The Move lululemon 山 Install",Search,2/28/2026
Lululemon,"lululemon Like New likenew.lululemon.com/lululemon/like-new lululemon Like New - lululemon Like New Gear The official lululemon resale shop is your second chance at past favorites Surprising Finds Happen Every Day When You Shop Secondhand. See What You're Missing Men's Gear Under $50 Shirts, Shorts, Trousers & More. Shop These Unique Finds Today Men's ""Reduced"" Shop Shop The Greatest Scores On Gently Used Must-Have Gear For Men Shop Gently Used lululemon Find The Perfect Piece Of Secondhand Gear You Didn't Know You Were Looking For",Search,3/2/2026
Lululemon,"lululemon Like New likenew.lululemon.com/lululemon/like-new Meet lululemon Like New - Trade In Your Gear For Credit With lululemon Like New, You Can Trade In Gear For Credit & Discover Gently Used Gear. Surprising Finds Happen Every Day When You Shop Secondhand. See What You're Missing Trade-In Information Learn About Like New RevivedAndReadyToMove Gently Worn Gear For Resale Women's ""Reduced"" Shop",Search,3/2/2026
Lululemon,"Official Site - lululemon? Women's Track Pants You're ThisClose To Versatile,StreamlinedTrackPants That Look As Good As They Feel. In Track Pants This Lightweight And Stretchy, You're Going Lots Of Places",Search,3/4/2026
Lululemon,Gear ls Here - New Product Drops Ultra-Lightweight. Pockets Galore. This High- Performing Gear Was Made For Runners,Search,3/4/2026
Lululemon,"lululemon? Official Site - New Gear Just Dropped Make New Moves In Track Pants That Fit Like They're Made For You. In Track Pants This Comfortable, No Move Is Off-Limits Rating for lululemon.com 4.7 ↓ (160) 1-3 days lululemon Matching Sets Women's Spring Collectior 山 Install",Search,3/4/2026
Lululemon,"New Gear Just Dropped - Clothing Designed For Tennis Meet Your Match: Our Most Breathable Tennis Gear Holds Steady Under Pressure. Shop Now. Tournament- Tested, Pro-PreferredOur Most Breathable Gear Keeps You in Flow Rating for lululemon.com 4.7 (173)",Search,3/5/2026
Lululemon,"Shop Women's Tennis Skirts - Skirts Designed For Tennis Versatile Tennis Skirts Keep Comfort Consistent, On- And Off-Court. Tennis Skirts Built For Full-Court Movement, With Stretch That Keeps Up. Shop Now Types: Workout, Golf, Yoga, Running, Tennis, Work Travel, Dance, Lounge Rating for lululemon.com 4.7↓ (160) 1-3 days lululemon Tennis Skirts Tennis Pro Leylah Fernandez Lets Her Game- And Her GearDo The Talking. Shop Tennis Pro-Preferred Tennis Skirts Play It Cool In Airy Tennis Skirts That Make Every Rally ABreeze",Search,3/5/2026
Lululemon,"Men's & Women's Running Shorts - New Gear Just Dropped Streamline Your Runs With Sleek, Breathable Layers Plus Pockets. So Many Pockets. Shop Women's Running Shorts Men's Running Shorts Lightweight Running Shorts Sports Bras For Running Shop lululemon? Running Shorts",Search,3/5/2026
Lululemon,lululemon? Official Site - Buy Online Pick Up In-Store Tennis Shorts Designed For Full-Range Movement Point After Point. Meet Your Match: Our Most Breathable Tennis Shorts Hold Steady Under Pressure ShopNow,Search,3/5/2026
Lululemon,"Spins On Tennis New Dresses - Shop lululemon Tennis Dresses Versatile Tennis Dresses Keep Comfort Consistent, On- And Off-Court. Play It Cool In Airy Tennis Dresses That Make Every Rally A Breeze. Types: Shorts, Skirts",Search,3/5/2026
Lululemon,"New Gear Just Dropped - Skirts Designed For Tennis Play It Cool In Airy Tennis Skirts That Make Every Rally A Breeze. Versatile Tennis Skirts Keep Comfort Consistent, On- And Off-Court Styles: Golf Shorts, Golf Pants",Search,3/5/2026
Lululemon,Men's Slides - Plush Fit. Solid Grip. Slide Into Restfeel Between Workouts. Explore Slides With,Search,4/22/2026
Lululemon,2026 Run Collection - Women's Running Gear Shop Ultra-Lightweight Running Gear That Delivers Performance Without Distractions. Dropping Now: Fresh Running Gear In Bold New Colours And Prints,Search,6/4/2026
Lululemon,"Our High Performance Men's Shorts Ar Quick-Drying, And Breathable, Too. Rur",Search,6/16/2026
Lululemon,"Women's Golf Clothes lululemon Lululemon women's run, training, and yoga gear to keep you covered and comfortable no matter how you like to sweat. Shop athleisure and activewear for women. Styles: Align, Wunder Train, Wunder Under Fast & Free,InStill",Search,6/16/2026
Lululemon,"lululemon Like New - On Course For Performance The Back To School Sale Is On Now. Get 15% Off Sitewide With Code EXTRACREDIT. Tough In The Gym. Soft On Your Skin. This Secondhand Gear Women's ""Reduced"" Shop Shop The Easiest Treasure Hunt Ever And Score These Not-So-Hidden Gems Shop Women's New Arrivals Use Code: EXTRACREDIT Women's Gear Under $50 Back to school : 15% off Sitewide",Search,8/4/2026
Lululemon,"Get 15% Sitewide With Code - Back To School Sale On Now The Back To School Sale Is On Now. Get 15% Off Sitewide With Code EXTRACREDIT Code: EXTRACREDIT These Lightweight Layers Keep You Cool In High-Pressure Scenarios Back To School Sale The Sale Is On. Take 15% Off Sitewide With Code EXTRACREDIT Men's ""Reduced"" Shop Shop The Greatest Scores On Gently Used Must-Have Gear For Men Back to school : 15% off Sitewide",Search,8/4/2026
New Balance,4040 Baseball Cleat - Men's Cleats The 4040 Baseball Shoe That Delivers Traction To Bring Ultimate Performance. Check It Out. Combined The Function And Comfort Sought By Every Level Of Baseball Player,Search,3/2/2022
New Balance,New Balance Men's Tennis - Shop Men's Tennis Optimal Support To Guarantee That Every Stride And Stroke Is Done In Confidence. Shop Now New Balance Tennis Keep Your Cool From The First Point To The Final Set With Our Men's Tennis Collection New Balance Men's Wide Width Shoes Coco Gauff Collection,Search,3/2/2022
New Balance,Baseball Shoes - New Balance Baseball For Sprinting To Home Plate Or Making An Insane Catch. New Balance Has The Shoes For You. Power Your Game Shop Men's Baseball Upcoming Launches New Balance Men's Baseball The RC Short 30% Off Select Styles,Search,3/2/2022
New Balance,"Cleats For Men - New Balance Collection With Soccer Apparel & Cleats For Men, Reach Your Fullest Potential On The Field. Shop Now. Gearing Up For A Match Men's Sizes Upcoming Launches Men's Soccer Collection Men's Apparel FuelCell Collection",Search,3/2/2022
New Balance,Soccer Cleats - New Balance Soccer Cleats We Only Make The Best To Give The Star Players Soccer Cleats Available At NewBalance.com. Shop The Furon And The Tekela Soccer Cleats. Learn Men's Cleats Cleats For Soccer Players FuelCell SC Elite The RC Short FuelCell Rebel,Search,3/2/2022
New Balance,"Balance Collection - Cleats For Men With Soccer Apparel & Cleats For Men, Reach Your Fullest Potential On The Field. Shop Now. Gearing Up For A Match, Men's Soccer Collection From New",Search,3/2/2022
New Balance,New Balance Women - Innovative Modern & Chic Extraordinary Comfort For Women Golfers To Play Any Course. Learn More About Women's Golf Women's Newest Arrivals Lifestyle Collection,Search,3/2/2022
New Balance,Kids Lacrosse Cleats - Youth Lacrosse Cleats Maximum Durability And Comfort For Young Players Check Out New Balance Kids Lacrosse Upcoming Launches New Designs And Collaborations. Recent And What's Upcoming Women's New Arrivals Expand Your Wardrobe With Our Newest Shoes And Apparel,Search,3/2/2022
New Balance,Men's Baseball Cleats - Fresh Foam 3000v5 Built For Comfort With Superior Cushioning And Durability. Shop 300Ov5 At Newbalance.com. A Shoe That Has A Reaction-Diffusion Design Based On Movement Data. Only At New Balance. Extended Widths. Extended Sizes. Order Now. Shop Now. 45 D Free Shipping Upcoming Launches Men's A,Search,3/2/2022
New Balance,"FuelCell Foam - On & Off Court Comfortable, Stylish, And Technology-Backed Selections. Shop On And Off Court Looks Performance-First Perspective With New",Search,3/2/2022
New Balance,Furon Soccer Cleats - New Balance Furon The Shoe That Denotes Speed As You Fly Down The Field. The Furon Available At New Balance. The Furon Provides The Simplified Sensation Soccer Players Are Looking For Explosive Furon FuelCell SC Elite Lion Roa,Search,3/2/2022
New Balance,Women's Lacrosse - Lacrosse Cleats For Women PushYourGameToTheNextLevelInNewBalance Women's Lacrosse Collection. Shop Now!,Search,3/2/2022
New Balance,New Balance Women's - Women's Shoes Show Your Opponent Whose The Boss On The Court New Balance Women's Tennis Available Now. Embody The Power Upcoming Launches FreshFoam X 1080 What's N,Search,3/2/2022
New Balance,"New Balance Basketball - Basketball Collection Comfortable, Stylish, And Technology-Backed Selections. Shop On And Off Court Looks Performance-First Perspective With New Balance's vboion",Search,3/2/2022
New Balance,"Men's Lacrosse Shoes - Shop Men's Lacrosse Step Onto The Field Ready To Play In Men's Lacrosse Collection From New Balance. Shop Now. From The First Face-off To The Last Whistle, Feel Your Best In New Upcoming Launches Women's NewArrivals What's New",Search,3/2/2022
New Balance,"Tekela Cleat - Soccer Cleats The Cleat That Will Stand Out As Much As Your Skills Do. Shop Tekela At NewBalance.com. The Cleat That Will Stand Out As Much As Your Skills Do. Shop Tekela At NewBalance.com New Balance Tekela Ideal Cleat For Elite Players Who Want Dynamic Feedback. Check Them Out Shop Tekela For Constant Attacking, These Soccer Cleats Are Driven By Technology. Shop The Tekela The FuelCell Collection Upcoming Launches",Search,3/2/2022
New Balance,"Lacrosse Cleats - New Balance Lacrosse Support And Comfort From Our Lacrosse Collection, So You Can Focus On The Game. Shop Now. New Balance Features Lacrosse Collection For All Your FuelCell Collection The Faster You Starts Now",Search,3/2/2022
New Balance,Men's Baseball Cleats - New Balance Baseball For Every Level Of Player With Comfort And Design Learn More About New Balance Baseball. All Your Upcoming Launches Shop Baseball Footwear Play Tough On & Off the Field,Search,3/2/2022
New Balance,"On-Court Footwear - On-Court Performance Ready, Set, Smash. Bring You're A-Game In New Balance Tennis Shoes. Check It Out. Have Comfort On The Court Waiting For A Serve. Shop New Balance Tennis Collection Women's Apparel Women'sNewArrivals",Search,3/2/2022
New Balance,"Cleats - Soccer Cleats The Cleat That Will Stand Out As MuchAsYour Skills Do. Shop Tekela At NewBalance.com. For Constant Attacking, These Soccer Cleats Are",Search,3/2/2022
New Balance,Turf Shoes - For The Turf We Have You Covered For When You Play On The Turf Shop Turf At New Balance Now. Get Some Turf Beneath Soccer Turf Cleats FuelCell Collection Women's Newest Arrivals Upcoming Launches,Search,3/2/2022
New Balance,Furon Cleat - New Balance Soccer The Shoe That Denotes Speed As You Fly Down The Field. The Furon Available At New Balance. The Furon Provides The Simplified Sensation Fresh Foam X 1080 Our Best Running Shoe. Combined Comfort And Performance,Search,3/2/2022
New Balance,New Balance Cleats - New Balance Soccer We Only Make The Best To Give The Star Players Soccer Cleats Available At NewBalance.com. Shop The Furon And The Tekela Soccer Cleats. Learn More About NewBalance,Search,3/2/2022
New Balance,New Balance Golf - Golf Apparel & Footwear The Latest Technology For Ultimate Comfort On The Course. Check Out New Balance Golf. Be Men's Apparel Women's Apparel Golf WeekendWarrior,Search,3/2/2022
New Balance,Youth Lacrosse Cleats - New Balance Lacrosse Maximum Durability And Comfort For Young Players Check Out New Balance Kids Lacrosse. For Kids To Learn The Natural Motion Of The Game. Shop Kids Upcoming Launches New Designs And Collaborations. Recent And What's Upcoming,Search,3/5/2022
New Balance,"New Balance - New Balance Running Lightweight Sneakers For The Road, Trail Or Track Check Them Out At NewBalance.com. Our Lightweight Running Shoes Go The Distance Men's Running Men's Apparel Women's Newest Arrivals",Search,4/27/2022
New Balance,New Balance 990 - Extended Widths The 990's Aspirational Status Symbol Status Has Never Changed. Shop 990 At New Balance. The 990 Is The Shoe,Search,5/10/2022
New Balance,The 993 - 993 Collection Abzorb Midsole For A Combination Of Cushioning And Compression Resistance. Shop Men's 993. Superior 30% Off Select Styles Men's 993 Sneakers Back to school : 30% off Select Styles CodeNBLEARN-ValidAug4-Aug9,Search,5/10/2022
New Balance,327 Collection - New Balance 327 The 327 Sheds New Light On The 70s As A Time Of Innovation. Shop The 327 At New Balance. This Modern Take On Retro Inspired Runners Provides,Search,5/10/2022
New Balance,"993 Collection - The 993 Ready For A Run Or All-Day Wear, 993 Has You Covered. Shop The 993 New Balance Collection. The 993 Features Responsive Cushioning And Premium Upcoming Launches New Designs And Collaborations. Recent And What's Upcoming What's New Men's Apparel",Search,5/10/2022
New Balance,New Balance 574 - Available In Extended Widths These Casual Shoes For Men Go Well With Whatever The Day Brings You. Shop Men's 574 Shoes. The 574 Offers A Uniquely Versatile Mix Of Styles And Wide Width Shoes The 574 Comfortable Walkil,Search,5/10/2022
New Balance,"New Balance Brentwo 4.8 (26) Sportswear store Los Angeles Call Website Directions New Balance 990 - For Long Days On The Playground, On The Field, Or In The Classroom Products: Sneakers, Women's Clothing Sleepwear & Intimates, Shirts & Tops, Men's Read reviews (26)",Search,5/10/2022
New Balance,"New Balance 990 - Extended Widths The 990's Aspirational Status Symbol Status Has Never Changed. Shop 990 At New Balance. The 990 Is The Shoe So Good, That We've Never Stopped Making It",Search,5/10/2022
New Balance,327 Collection - The 327 The 327 Is The Perfect Blend of Bold And Sporty Style Check Out Women's 327 Sneakers. Inspired By Running Footwear In The '7Os. Shop The Timeless Style Of Women's 327 Shoe. Free 45 Day Returns Shop The Collection. Extended Widths 25% Off Select Styles New Balance 327 327 Lifestyle Sneakers Back to school : 25% off Select Styles Code BTSSale : Valid Aug 12 -Aug 18,Search,5/10/2022
New Balance,New Balance 574 - Clean And Classic Colors These Casual Shoes For Men Go Well With Whatever The Day Brings You. Shop Men's 574 Shoes. The 574 Offers A Uniquely Versatile Mix Of Styles And Remains Comfortable Back to school : 30% off Select Styles Code NBLEARN : Valid Aug 4-Aug 9,Search,5/10/2022
New Balance,Fresh Foam Cruz Collection - Fresh Foam Cruz Stylish Slip-On Sneaker To Keep Your Feet Feeling And Looking Fresh. Shop Fresh Foam Cruz! Shoe That Features Our Award-Winning Fresh Foam Midsole Women's Apparel Women'sNewArrivals Fu,Search,5/10/2022
New Balance,The 574 Is A Fan Favorite For AReason. Check Out The 574 Lifestyle Collection At NB. Said To Be The,Search,5/10/2022
New Balance,"993 -The 993 Ready For A Run Or All-Day Wear, 993 Has You Covered. Shop The 993 New Balance Collection. The 993 Features",Search,5/10/2022
New Balance,New Balance 990 - Women's 990 Sneakers Women's 990 Sneakers Is A Mark Of Quality And Superior Taste. Check Out Women's 990 At NB Clean 990 Series Variety Of Colors Women's Newest Arrivals Comfortable Walking Shoes Upcoming Launches,Search,5/10/2022
New Balance,"New Balance Cruz - Fresh Foam Cruz Collection Blending Performance And Fashion WithTheWomen'sFreshFoamCruz Shop At NewBalance.com. Ultra- Comfy Women's Sneaker For A Cushioned, Stable Ride. Shop",Search,5/10/2022
New Balance,The Classic Fresh Foam Cruz - Fresh Foam Cruz Stylish Slip-On Sneaker To Keep Your Feet Feeling And Looking Fresh. Shop Fresh Foam Cruz! Shoe That Features Verifiedbusiness 30% Off Select Styles Fresh Foam Collection,Search,5/10/2022
New Balance,327 - Big Kids' Sizes Kids' Shoes That Stand The Test Of Time And Trend Shop Kids' 327 Sneakers At New Balance.Resilient And Fashionable Shoe For All-Day Wear. Shop Kids,Search,5/20/2022
New Balance,The 327 - Choose Your Color Kids' Shoes That Stand The Test Of Time And Trend Shop Kids' 327 Sneakers At New Balance. Resilient And Fashionable Shoe For All-Day Wear. Shop Kids' 327 Sneakers At New Balance.New Balance 327 Upcoming Launches What's New FuelCell SC Elite,Search,5/21/2022
New Balance,New Balance - Designed With Runners In Mind FuelCell Propel Men's Running Shoe Makes A Statement With It's Energetic Look. Learn More! FuelCellCollection NewBalanceFuelCellPropel,Search,6/3/2022
New Balance,Wide Width Shoes - Men's Wide Sneakers Shoes That Will Turn Heads And Deliver Long-Haul Comfort. Check Out Men's Wide Shoes. The Largest Selection Of Wide Shoe Sizes In The Shoe Game Shop Fresh Foam X 1080 Fresh Foam Collection Upcor,Search,7/5/2022
New Balance,Width Shoes - New IBalance Wide Shoes It's No Secret That NewBalance Has The Best Sneakers For Wide Feet. Shop Wide Sizes. Shoes With A Huge Range Of Superior Fit And Underfoot Comfort Check Out,Search,7/5/2022
New Balance,New Balance For Women - New Balance Women's Shoes Ideal Balance Of Aesthetics And Function For Every Moment. Check Out Women's Sneakers Sneakers For Women Shop Women's Shoes Women's New Arrivals Fresh Foam Collection What's New,Search,7/5/2022
New Balance,Kids' Shoes - Little Kids' Sizes New Balance Width Shoe Collection ForThe ldeal Fit For You Child. Shop Kids' Wide Shoes. We Have A Pair That's Perfect For Every Child's Needs. Learn Fresh Foam Collection Upcoming Launches Fuelc,Search,7/5/2022
New Balance,"Online - New Balance Official Site A Collection Of New Balance Shoes, Clothing & More Check It Out On New Balance Site. Step Into Comfort And Style - Discover New",Search,7/5/2022
New Balance,Wide Width Shoes - Wide Size Carries A Full Spectrum Of Sizes In Shoes. Shop Extra-Narrow To Extra- Extra Wide Shoes. It's No Secret That New Balance Has The Best Sneakers For Wide Feet. Shop Wide Sizes Fresh Foam Collection FuelCell Collection Upcom,Search,7/5/2022
New Balance,New Balance Men Shoes - NB Sneakers For Men Find Shoes & Apparel That Suit Your Lifestyle. Explore The NB Men's Collection Today. For,Search,7/5/2022
New Balance,"NB Shoes For Toddlers - Kids' New Balance A Collection To Provide Kids With The Size, Fit & Style They Desire. Shop Kids' NB Shoes. When It Comes",Search,7/5/2022
New Balance,Official Site - New Balance Athletic Shoes New Balance Collections For Ultimate Style And Comfort.LearnMore About New Balance,Search,7/5/2022
New Balance,"New Balance Shoes - Women's Shoes Variety Of Options Like Casual Shoes, To Running Shoes, And More. Shop Shoes Now At NB! Responsive Shoes That Will Help You Go The Distance. Check Men's Shoes Women's New Arrivals Men'sNewArrivals Kids' Shoes Men's Apparel",Search,7/5/2022
New Balance,New Balance Kids - Crib & Toddler New Balance Is Proud To Offer Top-Notch Kids' Shoes Clothing And More. Shop Kids' Now! Our Kids' Collection Focuses On Quality And Durability New Balance First Walkers Shop First Walker Shoes New-B Kids' Collection Fresh Foam Collection What's New Upcoming Launches,Search,7/5/2022
New Balance,Wide Width Shoes - Men's Wide Sneakers Shoes That Will Turn Heads And Deliver Long-Haul Comfort. Check Out Men's Wide Shoes. The Fresh Foam Collection Upcoming Launches Fuelc,Search,7/5/2022
New Balance,New Balance Official Site - New Balance Website We Empower People Through Sport And Craftmanship To Create Positive Change. Shop NB.com New Balance Shoes Our Large Collections With The Latest Styles Are Online. Shop Now At NewBalance.com Men'sNewArrivals Move In Comfort With New Balance,Search,7/5/2022
New Balance,New Balance Clothing - Men's Apparel High-Fashion With Support And Next-Level Comfort To Take On Your Day. Shop Clothing At NB. From Men's Apparel Find Everyday Essentials Perfect For Your Athletic Wardrobe Men'sNewArrivals Move In Comfort With New Balance Women's Apparel Hoodies & Sweatshirts,Search,7/5/2022
New Balance,Official Site - New Balance Shoes New Balance Collections For Ultimate Style And Comfort. Learn More About New Balance. Iconic,Search,7/5/2022
New Balance,New Balance Sneakers - Women's Sneakers Responsive Sneakers That Will Help You Go The Distance. Check Out Sneakers At New Balance. Our Athletic Footwear Goes The Distance With You. Shop New Balance,Search,7/5/2022
New Balance,New Balance Athletic Shoes - Athletic Shoes Our Athletic Footwear And Clothing Goes The Distance With You. Shop New Balance Athletics Men's New Arrivals Move In Comfort With New Balance FuelCell SC Elite Best Sellers FuelCell Rebel,Search,7/6/2022
New Balance,"Running Shoes Store - Official Site Running, Walking, Tennis Shoes and More! 3D Foot Scanner for Custom Fitting. Come In Today Find a Shoes For Men Shoes For Women Women SAS",Search,11/2/2022
New Balance,"New Balance 550 - NB 550 Go In Confidence In Our 550 Sneakers. Learn More About The Women's 550 Collection At NB. Extremely Versatile, Classic Silhouette Breaks All Barriers. Shop Women's New Arrivals Expand Your Wardrobe With Our Newest Shoes And Apparel Women's Lifestyle Shoe Wide Range Of Colors Upcoming Launches",Search,12/12/2022
New Balance,"s and toddlers - New Balance Clothing Made With A Great Fit, For Lasting Comfort Shop Clothing at New Balance. Discover The Best ApparelFor",Search,4/21/2023
New Balance,Kids Tops & Shirts - New Balance From Street Style To Classic Comfort To Performance Gear,Search,4/21/2023
New Balance,New Balance Golf Shoes - New Balance Golf Supportive Comfort For A Full Day On The Course Browse New Balance Golf Shoes & Apparel Experience Ultimate Comfort On The Course In The Shop Golf Collection WideWidthShoes Fue,Search,7/7/2023
New Balance,Running - Running Shoes s & Clothing - Run In Comfort Running Shoes Dedicated To A Responsive Run. Shop New Balance's Running Collection Now. Running,Search,7/7/2023
New Balance,I Balance Lifestyle - Shop New Balance e Lifestyle New Balance Lifestyle ls Your Go-To Place For Daily Footwear. Shop The Collection Now! Lifestyle Shoes Are Always Available With A Fresh Colorway. Shop Lifestyle,Search,7/7/2023
New Balance,"Shop Soccer Collection - Ultimate Foot Comfort Set The Pace On The Field With Durable, Performance Ready Cleats. Shop New Balance Soccer. Get Some Turf Beneath Your Feet & Set Your Eye On The Goal Soccer Cleats 25% Off Select Styles Women's Newest Arrivals Comfortable Walking Shoes Back to school : 25% off Select Styles Code BTSSale : Valid Aug 12 - Aug 18",Search,7/7/2023
New Balance,New Balance Baseball - Baseball Run The Bases With Lightweight And Breathable Cleats. Browse New Balance Baseball Shoes Shop Baseball Collection Men's Apparel,Search,7/7/2023
New Balance,"Shoes & Clothing - Run In Comfort Shop Our Collection of Running Shoes, Apparel, and Accessories Dedicated to Performance. Running Shoes Dedicated To A Responsive Run Women's Apparel Women'sNewArrivals Sh",Search,7/7/2023
New Balance,New Balance Lifestyle - Lifestyle Shoes New Balance Lifestyle Is Your Go-To Place For Daily Footwear. Shop The Collection Now!Lifestyle Shoes Are Always Available With A Fresh Colorway. Shop Lifestyle Classics,Search,7/7/2023
New Balance,"New Balance Baseball Cleats - New Balance Baseball Run The Bases With Lightweight And Breathable Cleats. Browse New Balance Baseball Shoes FuelCell Collection The Faster You Starts Now Men's Apparel Find Everyday Essentials Perfect For Your Athletic Wardrobe Comfortable Walking Shoes That Just-Right Fit, That Takes You The Extra Mile",Search,7/7/2023
New Balance,Wide Shoes - Wide Width Shoes Finding A Shoe That Fits Your Foot Silhouette Doesn't Mean That You Need to Forfeit Style. New Balance Carries the Largest Selection of Wide Shoe Sizes in The Shoe Game Women's New Arrivals FreshFoamCollection,Search,7/7/2023
New Balance,"Balance Kids' Shoes - Big Kids & Little Kids Kids' Clothing To Last Through The Longest Days Of Play. Shop New Balance Kids' Apparel. We Offer Top- Notch Kids' Shoes, Clothing And More. Explore The Kids' Collection Today! Extended Widths",Search,7/7/2023
New Balance,"Shoes - Shop Men's Running Shoes Shop Our Collection of Running Shoes, Apparel, and Accessories Dedicated to Performance",Search,7/7/2023
New Balance,"New Balance Women's Sneakers - Shop Women's Sneakers Shop Our Collection of Running Shoes, Apparel, and Accessories Dedicated to Performance. Running Lifestyle Collection Women's Newest Arrivals Comfortable Walking Shoes Running Shoes For Women Women's Apparel",Search,7/7/2023
New Balance,Lifestyle Sneakers - Lifestyle Sneakers and Apparel New Balance Lifestyle ls Your Go-To Place For Daily Footwear. Shop The Collection Now! Lifestyle Shoes Are Always Available With A Fresh Colorway. Shop Upcoming Launches New Designs And Collaborations. Recent And What's Upcoming Men's Apparel Feel Good In What You Wear Workout Favorites & More,Search,7/7/2023
New Balance,"New Balance Tennis - New Balance Tennis Shoes Put Pressure On Your Opponent, Not Your Feet. Shop The New Balance Tennis Collection Now. Find The Perfect Pair 15% Off Back-To-School Shop Back To School Essentials Select Shoes Apparel &Accessories Women's Apparel Athletes Were Made To Play In The Most Comfortable Way",Search,7/7/2023
New Balance,"New Balance Tennis - Emphasize Your Style Put Pressure On Your Opponent, Not Your Feet. Shop The New Balance Tennis Collection Now Upcoming Launches New Designs And Collaborations. Recent And What's Upcoming Men's Apparel Feel Good In What You Wear Workout Favorites & More",Search,7/7/2023
New Balance,"Crib & Toddler - New Balance Kids' Shoes Kids' Clothing To Last Through The Longest Days Of Play. Shop New Balance Kids' Apparel. We Offer Top- Notch Kids' Shoes, Clothing And More. Explore The Kids' Collection",Search,7/7/2023
New Balance,"Tennis Shoes - New Balance Tennis Put Pressure On Your Opponent, Not Your Feet. Shop The New Balance Tennis Collection Now. Find The",Search,7/7/2023
New Balance,Cleats - NewBalance Lacrosse Shoes Bring Out Your Best Performance With The Support Of New Balance's Lacrosse Gear. Shop Now. From The First,Search,7/7/2023
New Balance,New Balance · Free Returns www.newbalance.com/ New Balance Baseball Cleats - New Balance Baseball Run The Bases With Lightweight And Breathable Cleats. Browse New Balance Baseball Shoes. New Upcoming Launches New Designs And Collaborations. Recent And What's Upcoming Women's New Arrivals Expand Your Wardrobe With Our Newest Shoes And Apparel,Search,7/7/2023
New Balance,New Balance Baseball Cleats - Baseball Run The Bases With Lightweight And Breathable Cleats. Browse New Balance Baseball Shoes. New Balance Upcoming Launches New Designs And Collaborations. Recent And What's Upcoming FuelCell Collection The Faster You Starts Now Men's Apparel Find Everyday Essentials Perfect For Your Athletic Wardrobe,Search,7/7/2023
New Balance,New Balance Baseball Cleats - New Balance Baseball Run The Bases With Lightweight And Breathable Cleats. Browse New Balance Baseball Shoes Upcoming Launches New Designs And Collaborations. Recent And What's Upcoming 30% Off Select Styles What's New Men's Apparel,Search,7/7/2023
New Balance,New Balance - Shoes & Apparel Discover The Latest And Greatest From New Balance Shop All Trending Clothes & Apparel. Iconic Styles Back to school : 30% off Select Styles Code NBLEARN : Valid Aug 4 - Aug 9,Search,7/7/2023
New Balance,New Balance Baseball - Shop Baseball Collection Run The Bases With Lightweight And Breathable Cleats. Browse New Balance Baseball Shoes. New Balance Has Cleats For Every Level Of Player. Learn More About New Baseball Gear Leave It All On The Field with New Balance's Collection of Baseball Shoes. Shop Today! Cleats For Elite Players Make A Sharp Statement As You Burn The Bases. Shop New Balance Baseball Cleats Men's Apparel Find Everyday Essentials Perfect For Your Athletic Wardrobe,Search,7/7/2023
New Balance,"Men's Shoes - New Balance For Men Find Your Stride Everywhere, From The Street to the Field To the Track. Shop Men's Today. Step Up and Step Out With New Balance Men's Sneakers and Men's Best Sellers Lifestyle Collection Men's Athletic Sneakers Men's Apparel",Search,7/7/2023
New Balance,New Balance Factory 4.3↓ (182) Sportswear store Vacaville New Balance Baseball - Run The Bases With Lightweight And Breathable Cleats. Browse New Call Website Directions Read reviews (182),Search,7/7/2023
New Balance,"New Balance Soccer Shoes - Shop Soccer Cleats Set The Pace On The Field With Durable, Performance Ready Cleats. Shop New Balance Soccer. Get Some Turf Beneath Your Feet & Set Your Eye On The Goal Soccer Cleats Available Now.Extended Widths. Order Now Upcoming Launches New Designs And Collaborations. Recent And What's Upcoming FuelCell Collection The Faster You Starts Now Comfortable Walking Shoes That Just-Right Fit, That Takes You The Extra Mile",Search,7/7/2023
New Balance,"Soccer Cleats - Shop Soccer Cleats Set The Pace On The Field With Durable, Performance Ready Cleats. Shop New Balance Soccer New Balance Soccer For Players Of All Types & All Games. Check Out The New Balance Soccer Collection Shop Soccer Collection Gearing Up For A Match? New Balance's Soccer Collection Has Got You Covered. Sho Women's Newest Arrivals Expand Your Wardrobe With Our Newest Shoes And Apparel",Search,7/7/2023
New Balance,New Balance Basketball Shoes - New Balance Basketball Technology-Backed Selections Combined With Fresh Style. Shop The Basketball Collection Upcoming Launches Shop Basketball Collection GearForBasketball FuelCellCollection 20% Off,Search,7/8/2023
New Balance,"New Balance Lightweight - Shop Lightweight Running Shoes Shop Our Collection of Running Shoes, Apparel, and Accessories Dedicated to Performance. Running Shoes Dedicated To A Responsive Run. Shop New Balance's",Search,7/8/2023
New Balance,"Emphasize Your Style - New Balance Basketball Durability That Holds Your Pace Of Play, Smooth Enough To Wear Home. Shop Basketball. A Performance-First Perspective. Basketball Shoes Embody The Game Itself. Shop Now. Extended Sizes Extended Widths. NB Hoops Men's Apparel Lifestyle Collection Comfortable",Search,7/8/2023
New Balance,"New Balance Running Shoes - Browse Running Shoes Shop Our Collection of Running Shoes, Apparel, and Accessories Dedicated to Performance. Running Shoes Dedicated To A Responsive Run. Shop New Balance's Running Collection Now. 45 Day Return Window What's New Introducing The RC Short FuelCell Re",Search,7/9/2023
New Balance,Women's Fresh Foam Arishi - Fresh Foam Arishi Sneakers Responsive Running Shoes That Feel Faster-Than- Fast. Shop Women's Fresh Foam Arishi Today! Running Shoes Dedicated To A Responsive,Search,7/16/2023
New Balance,Fresh Foam Arishi Sneakers - New Balance Fresh Foam Arishi Responsive Running Shoes That Feel Faster-Than- Fast. Shop Women's Fresh Foam Arishi Today!,Search,7/27/2023
New Balance,e Trail Running - Run Outdoors InNew Balance For Those That Take Going Off The Beaten Path Literally. Check Out Trail Running Shoes. Offers 360 Degrees Of Comfort That Retains A Natural Feel. Shop Trailing,Search,9/20/2023
New Balance,Fresh Foam Collection - New Balance Shoes Superior Traction And Momentum Needed To Step Up Performance. Shop Distance Running Shoes. Go The Distance With A Pair Of Running Shoes Fresh Foam X 1080 Fresh Foam Collection Introdi,Search,9/20/2023
New Balance,FuelCell Propel - Shop FuelCell FuelCell Foam Delivers A Propulsive Feel To Help Drive You Forward. Shop FuelCell Shoes. FuelCell Provides Comfort And Traction To Keep You Moving At Top Speeds. Shop Now! Shop The Collection. Extended Sizes FuelCell Rebel Everyday Runs Or Long Distances. Rebel v4 Available March 1st FuelCell SC Elite May Lead To Personal Bests. SC Elite Available February 1st,Search,9/20/2023
New Balance,"Women's FuelCell Sneakers - Women Runners Running Shoes Are Soft, Light Cushioned & Breathable. Find Your Perfect Pair Today. Women's FuelCell Shoes Blends Both Function & Fashion. Browse The Collection What's New Fresh Foam Collection FuelCell Rebe",Search,9/20/2023
New Balance,Level Up Your Run - Get Ready To Feel Fast Running Shoes Dedicated To A Responsive Run. Shop New Balance's Running Collection Now,Search,9/20/2023
New Balance,Kids' Fresh Foam Arishi Shoes - Kids' Fresh Foam Collection Provide Your Child With Comfort When Running. Shop The Kids' Fresh Foam Arishi Collection! Give Your Kid Quality Performance Shoes For All Their Adventures,Search,9/21/2023
New Balance,New Balance 550 - Simple & Clean The 550 Offers A Uniquely Versatile Mix Of Styles And Remains Comfortable. Shop Men's 550. These Casual Shoes For Men Go Well With Whatever The Day Brings You. Shop Men's Apparel Find Everyday Essentials Perfect For Your Athletic Wardrobe Upcoming Launches Women's New Arrivals,Search,10/1/2023
New Balance,"Men's Running - Men's Running Shoes Energy Return, Softness And Flexibility In Our Men's Running Shoes. Shop The Collection. Running Men's Apparel Feel Good In What You Wear Workout Favorites & More FuelCell SC Elite May Lead To Personal Bests. SC Elite Available February 1st",Search,10/14/2023
New Balance,"New Balance Men's Shoes - Running Shoes For Men Energy Return, Softness And Flexibility In Our Men's Running Shoes. Shop The Collection. Running Shoes Dedicated To A Responsive Run. Check Out New Balance Men's Running Wide Width Shoes Comfortable Walking Shoes",Search,10/14/2023
New Balance,"Women's Running - Women's Running Shoes For Long Runs Or Speedwork, We Deliver Comfort. Shop Women's Running At New Balance Engineering The Best Running Shoes For You. Shop Women's Running at",Search,10/14/2023
New Balance,New Balance Running Footwear Breathability And Support Trail Shoes Dedicated To A Responsive Run. Shop New Balance's Running Collection Now. Running Shoes Are Soft Men's & Women's Running Shoes Perfect-Fit Running Shoes Fresh Foam Collection,Search,10/14/2023
New Balance,Men's Fresh Foam Arishi - Men's Fresh Foam Arishi Shoes For The Speed Seekers That Desire A Quality Running Shoe. Explore Men's Fresh Foam Arishi. Running Shoes Dedicated To A Responsive Run. Shop New Fresh Foam Collection Wide Width Shoes,Search,10/14/2023
New Balance,"Fresh Foam Arishi Collection - Extreme Comfort For Women On The Go, A Day At The Office Or Trip To The Gym. Shop Fresh Foam Arishi Shoes. From Your Fresh Foam Collection More Miles, More Often More Comfortably FreshFoam Women's Arishi",Search,10/14/2023
New Balance,"Fresh Foam Arishi - The Fresh Foam Collection For Long Runs, Short Walks And Workouts. Shop Fresh Foam Arishi For Everyday Support. Made To Provide A Responsive Feel To Fuel Your Run. Shop",Search,10/14/2023
New Balance,"New Balance FuelCell Shoes - New Balance Running Running Shoes Dedicated To A Responsive Run. Shop New Balance's Running Collection Now. Running Shoes Are Soft, Light, Cushioned & Breathable. Find Your Perfect Pair Today. Extended Widths. 45 Day Return Window. Extended Sizes. Free Returns. Order FuelCell SC Elite FuelCell Rebel Fresh Foa",Search,10/14/2023
New Balance,"Fresh Foam Arishi Collection - The Fresh Foam Collection For Long Runs, Short Walks And Workouts. Shop Fresh Foam Arishi For Everyday Support. Made To Provide",Search,10/14/2023
New Balance,Women's Trail Running Shoes - Women's Hiking & Trail Shoes Feel Comfort In Your Adventures In The Outdoors Check Out Women's Trail Running Shoes. Here to Women's New Arrivals Fresh Foam Collection Women's Apparel,Search,10/14/2023
New Balance,Women's Shoes & Sneakers - Athletic & Casual - New Balance Shop New Collections Featuring The Latest Looks CheckOut ShoesAtNewBalance.FromAthleticsTo Casual New Balance Has This,Search,1/11/2024
New Balance,Athletic & Casual Women's Socks - New Balance Shop New Collections Featuring The Latest Looks Check Out Shoes & Apparel At New Balance. Find,Search,1/11/2024
New Balance,"480 Men's Collection - Explore The 480 Collection New Balance Lifestyle ls Your Go-To Place For Daily Footwear. Shop The Collection Now! The 480's Classic Court Style Is Inspired By Original, Game-Worn Basketball Models. New Balance Running. Established In 1906 Shop 480s Today Shop Innovative Lifestyle Shoes That Blend Athleisure Style And Heritage Design New Balance Men's Lifestyle New Balance 480 Are Your Go-To For Daily Footwear.They'rePerfect ForAnyOutfit! Men's Apparel Upcoming Launches",Search,1/26/2024
New Balance,9060 Women's Collection - Explore The 9060 Collection NewBalance9060sAreYourGo-To For Daily Footwear. They're Perfect ForAny Outfit!New,Search,1/26/2024
New Balance,Balance Lifestyle - Shop 9060s Today New Balance Lifestyle ls Your Go-To Place For Daily Footwear. Shop The Collection Now! New Balance,Search,1/26/2024
New Balance,Balance Lifestyle - New IBalance Kids' Collection New Balance Lifestyle ls Your Go-To Place For Daily Footwear. Shop The Collection Now! New Balance,Search,1/26/2024
New Balance,9060 Women's Collection - Complete Your Look New Balance Lifestyle Is Your Go-To Place For Daily Footwear. Shop The Collection Now! New Balance Upcoming Launches What's New Women's Apparel NewBalanceFirst Walkers Men's Apparel,Search,1/26/2024
New Balance,"2002R - Shop The Lifestyle Collection Rooted In Performance Running, The 2002R Offers A Ready To Wear Take On Technical Design. New Balance Lifestyle ls Your Go-To Place For Daily",Search,1/26/2024
New Balance,Shop 530s Today - Shop The New Balance 530 Put A Retro Spin On Your Step With The New Balance 530 Sneaker Check Out The Collection! Explore The 530 Collection Women's Newest Arriy,Search,1/26/2024
New Balance,The New Balance 530 ls A Versatile Running Shoe With A Stylish Lifestyle Twist. Shop Now! New Balance Lifestyle,Search,1/26/2024
New Balance,"Little & Big Kids' Sizes - Elevate Your Style We Provide Kids With The Sizes, Fits And Styles They Desire. Check Out Kids'480 Shoes. For Kids To Wear All-Day Long And Stay In Style. Shop Kids' New Balance",Search,1/26/2024
New Balance,"Shop 9060s Today - Little & Big Kids' Sizes We Provide Kids With The Sizes, Fits And Styles They Desire. Check Out Kids' 9060 Shoes. For Kids To Wear All-Day Long And Stay In Style. Shop Kids' New New BalanceFirst Walkers Upcoming Launches",Search,1/28/2024
New Balance,"New Balance Footwear - Find The Perfect Fit Check Out Elite Daily Trainers, Racing Shoes Or Trail Shoes. Learn More NewBalance.com.Elevate Your Next Run With A Pair Of New Balance Running",Search,2/7/2024
New Balance,Running - Women's Running Shoes A Technology-Backed Selection Of Running Shoes For Women. Explore The Collection Now. Elevate Your Run With Our Selection Of Cushioned And Responsive Distance,Search,2/8/2024
New Balance,"Track And Cross s Country - Designed For Racers Elevate Your Race With Cross Country And Track And Field Footwear Designed For Speed. A Technology- Backed Selection Of Performance Track Shoes For Men, Women",Search,2/8/2024
New Balance,"Shoes - Daily Run Race Day, Or Trail Elevate Your Run With Our Selection Of Cushioned And Responsive Distance Running Sneakers. A Technology- Backed Selection Of Running Shoes For",Search,2/8/2024
New Balance,Distance - Made For Elevate Your Race With Cross Country Field Footwear Designed For Speed.A Backed,Search,2/8/2024
New Balance,"Women's Fresh Foam X 860 - New Balance Fresh Foam X 860 Lighten Up. Fresh Foam X 1080 Offers An Incredibly Airy, Breathable And Lightweight Feel. The Pinnacle Cushioned Experience With A Medial Post To Provide FreshFoam Collection Women's New Arrivals",Search,3/1/2024
New Balance,Shop Fresh Foam Collection - The Fresh Foam X More A Revolutionary Advancement In Midsole Material That Cushions High Impact Foot Strikes. A New Kind Of Runners High. Explore The Cushioned Fresh Foam X More Running Shoe. Extended Widths. Extended Sizes,Search,3/1/2024
New Balance,"Men's FuelCell Rebel - New Balance FuelCell Rebel Designed To Take You Through Everyday Runs Training Sessions, Or Long Distances. The FuelCell Foam Midsole Delivers A Propulsive Feel To Help",Search,3/1/2024
New Balance,"Men's FuelCell Rebel - Shop Men's Running Sneakers Designed To Take You Through Everyday Runs, Training Sessions Or Long Distances. The FuelCell Foam Midsole Delivers A Propulsive Feel To Help New Balance Running FuelCellRebel Fuelc",Search,3/1/2024
New Balance,"Women's Fresh Foam 1 X 880 An Evolution In Everyday Reliability. Shop The Fresh Foam X 880 Running Shoe Collection. Informed By 3D Pressure Mapping, Fresh Foam Midsole Technology",Search,3/1/2024
New Balance,Find The Perfect Fit - Our Most Cushioned Experience A Revolutionary Advancement In Midsole Material That Cushions High Impact Foot Strikes. Fresh Foam Midsole Technology Is Softness Quantified. Explore The,Search,3/1/2024
New Balance,Shop Fresh Foam Collection - Shop Running Fresh Foam Midsole Technology ls Softness Quantified Explore The Running Shoe Collection. A Revolutionary Advancement In Midsole Material That Cushions High Impact Foot Strikes. Extended Widths NewBalanceFreshFoam Our Most Cushioned E,Search,3/1/2024
New Balance,Men's Fresh Foam X 880 - Men's Footwear Fresh Foam Midsole Technology Is Softness Quantified Explore The Running Shoe Collection Wide Width Shoes Sizes Spanning From Extra-Narrow To Extra- Extra-Wide FuelCellCollection The Faster You Starts Now,Search,3/1/2024
New Balance,"New Balance FuelCell - Shop Running Explore The Responsive FuelCell Collection Of Rebel SC Elite, And Propel Running Shoes. The Lively Responsive Feel Of FuelCell Is Built Differently To FuelCell SC Elite FuelCell Rebel Fresh Foam X 1080 Men's Apparel Fresh Foam Collection",Search,3/1/2024
New Balance,The Fresh Foam X 880 - From Years Of Athlete Research An Evolution In Everyday Reliability. Shop The Fresh Foam X 880 Running Shoe Collection. Informed By 3D Pressure Women'sNewestArrivals New Balance Running,Search,3/1/2024
New Balance,"New Balance Fresh Foam - Lighten Up Informed By 3D Pressure Mapping, Fresh Foam Midsole Technology is Softness Quantified. Find The Perfect Women's New Arrivals Expand Your Wardrobe With Our Newest Shoes And Apparel FuelCell SC Elite FuelCell Rebel Women's Apparel",Search,3/1/2024
New Balance,"The Fresh Foam X 860 - New Balance Fresh Foam X 860 Lighten Up. Fresh Foam X 1080 Offers An Incredibly Airy, Breathable And Lightweight Feel. The Pinnacle Cushioned Experience With A",Search,3/1/2024
New Balance,"The Fresh Foam X 860 - New Balance Running Lighten Up. Fresh Foam X 1080 Offers An Incredibly Airy, Breathable And Lightweight Feel Upcoming Launches New Designs And Collaborations. Recent And What's Upcoming Made in the USA Fresh Foam Collection FuelCell SC Elite",Search,3/1/2024
New Balance,The Fresh Foam X 880 - Shop Running Fresh Foam Midsole Technology Is Softness Quantified Explore The Running Shoe Collection. An Evolution In Everyday Reliability. Shop The Fresh Foam X 880 Running Shoe Collection. New Balance 880. Extended Sizes Fresh Foam X 1080 FuelCell Rebel Upcoming Lau,Search,3/1/2024
New Balance,Women's Fresh Foam X More - Shop Women's Running Shoes A Revolutionary Advancement In Midsole Material That Cushions High Impact Foot Strikes. A New Kind Of Runners High. Explore The Cushioned Fresh Foam X More Running Shoe. NB Tennis,Search,3/1/2024
New Balance,"New Balance FuelCell Rebel - New Balance Running Designed To Take You Through Everyday Runs Training Sessions, Or Long Distances FuelCellRebel FuelCell Collection 20% Off Shop Men's Running Shoes Classic Racing Shoe Inspired",Search,3/1/2024
New Balance,New Balance Fresh Foam - Shop Fresh Foam Collection Fresh Foam Midsole Technology Is Softness Quantified Explore The Running Shoe Collection Women's New Arrivals Expand Your Wardrobe With Our Newest Shoes And Apparel New Balance Gift Ideas Women's Apparel What's New,Search,3/1/2024
New Balance,Variable Widths Available - FuelCell SuperComp Trainer Energy-Return Technology In A High Mileage Training Shoe. Shop The FuelCell SC Trainer. Race-Day Ready Energy Return Technology Comes To A High Mileage,Search,3/3/2024
New Balance,Everyday Wide Width Shoes - Wide Width Shoes No More Poorly Fitting Shoes That Cause Discomfort. Shop New BalanceWomen'sWideSneakers Shoes That Fit Your Foot So You Do Not Have To Forfeit Style. Shop,Search,4/22/2024
New Balance,Everyday Wide Width Shoes - New Balance Wide Shoes - Wide Size Finding A Shoe That Fits Your Foot Silhouette Doesn't Mean That You Need to Forfeit Style. Sneakers That Will Turn Heads And Deliver Long-Haul Comfort Shop,Search,4/22/2024
New Balance,I Shoes - Everyday Wide Width ENRINAC OurWideMen'sShoesHaveNewBala Designs. Check Out Men's Wide Shoes,Search,4/22/2024
New Balance,NEW BALANCE Wide Size Shoes - Wide Width Shoes OurWideMen'sShoesHaveNewBalanceElevated Designs. Check Out Men's Wide Shoes. Finding A Shoe That Fits,Search,4/22/2024
New Balance,"Numeric 272 - Shop The Skate Collection The 272 Features A Clean, One-Piece Toe That Is Reinforced For Durability. With Design Cues From Some Of New Balance's Classic Running Silhouettes",Search,5/13/2024
New Balance,New Balance Skate - NB Numeric 440 Experience Superior Quality And Design With The Numeric 440. Free Shipping For Members A Cupsole Skate Shoe Designed For The Everyday Skater Upcoming Launches New Designs And Collaborations. Recent And What's Upcoming Women's New Arrivals Expand Your Wardrobe With Our Newest Shoes And Apparel Men's Apparel FuelCell Rebel,Search,5/13/2024
New Balance,New Balance Skate - NB Numeric Jamie Foy 306 Offers A More Durable And Breathable Take On The Traditional Vulcanized Skate Shoe Upcoming Launches New Designs And Collaborations. Recent And What's Upcoming Jamie Foy's Pro Model Skate Shoes What's New,Search,5/13/2024
New Balance,"NB Numeric Jamie Foy 306 - New Balance Skate Offers A More Durable And Breathable Take On The Traditional Vulcanized Skate Shoe. Shop Innovative Skate Shoes That Blend Performance And Heritage Design. Mens, Womens & Kids Shoes. NB Tennis 20% Off Select Clothing Women's Apparel Upcom",Search,5/13/2024
New Balance,Jamie Foy 306 - New Balance Skate Experience Superior Quality And Design With The Numeric 306. Free Shipping For Members Offers A More Durable And Breathable Take On The Upcoming Launches What's New Women'sAppar,Search,5/13/2024
New Balance,Numeric 480 - New Balance Skate The 480's Classic Court Style Is Inspired By Original Game-Worn Basketball Models. Shop Innovative Upcoming Launches FreshFoamX1080 What's N,Search,5/13/2024
New Balance,"New Balance Running - Women's FuelCell Rebel Designed To Take You Through Everyday Runs, Training Sessions Or Long Distances. The FuelCell Foam Midsole New Balance FuelCellRebel Shop Women's Running Sneakers FuelCell Collection Women's Newest Arrivals",Search,6/10/2024
New Balance,"New Balance Running - Shop Women's Running Shoes Designed To Take You Through Everyday Runs, Training Sessions Or Long Distances. The FuelCell Foam Midsole Delivers A Propulsive Feel To Help Women's FuelCell Rebel New Balance FuelCell Rebel Women's Newest Arrivals Women's Apparel",Search,6/15/2024
New Balance,New Balance Shorts - New Balance Shorts Collection For Lounging Around The House Or A Long Run. Learn More About Shorts At New Balance. Seamlessly Made Comfortable And Performance-Enhancing Athletic Shorts. Shop Shorts Shorts For Men Shop Men & Women's Shorts,Search,7/8/2024
New Balance,"New Balance Women's Clothing - New Balance Women's Apparel At New Balance, We're Proud To Stand For More Than Just Sneakers. Check Out Women's Gear Shop Women's Clothing Apparel for Women Men's Apparel Lifestyle Collection Comfortable Walking Shoes",Search,7/9/2024
New Balance,New Balance Athletic Shorts - Shop Men & Women's Shorts For Lounging Around The House Or A Long Run. Learn More About Shorts At New Balance. Seamlessly Shorts For Women Shorts For Men Men's Apparel Women's Newest Arrivals,Search,7/18/2024
New Balance,"Running Shoes & Clothing - Run Your Way Shop Our Collection of Running Shoes, Apparel, and Accessories Dedicated to Performance. Running Shoes Dedicated To A Responsive Run. Shop New Balance's Upcoming Launches Men's & Women's Running Sh",Search,7/25/2024
New Balance,Coco Gauff Tennis Shoes - Shop Coco Gauff Tennis Shoes The Signature Shoe Combines Her Unmistakable Style With High-Performance Features Women's Newest Arrivals Expand Your Wardrobe With Our Newest Shoes And Apparel Coco Gauff CG2,Search,8/21/2024
New Balance,"Vaulted Heel -Numeric 272 Clothing store - Woodstock The 272 Features A Clean, One-Piece Toe That Is Reinforced For Durability. With Design Cues From Some Of New Balance's Classic Running Silhouettes Extended Widths. NB Tennis. Extended Sizes Established In 1906. New Balance Tennis. Shop The Made With NB Skate Pros With NB Numeric Team I",Search,9/20/2024
New Balance,New Balance Skate - New Balance Numeric Experience Superior Quality And Design With The Numeric 272. Free Shipping For Members The New Balance 272 Is A Vulcanized Shoe Built Unlike Upcoming Launches Skateboarding Shoes Input From NB Numeric Team,Search,9/21/2024
New Balance,990 - Classic Colorway NewBalance Strives To Create The Most Innovative Products.Check Out NewBalance99o Now,Search,10/1/2024
New Balance,"Corre con Comodidad - Corre a Tu Manera Calzado de Running Suave, Ligero, Acolchado y Transpirable. Encuentra Hoy Tu Par Perfecto",Search,11/4/2024
New Balance,Running para Mujer - Running para Mujer New Balance Disenamos el Mejor Calzado de Running para Ti Compra Running de Mujer en NewBalance.com. Mejora Tu Carrera con un Par de Zapatillas de Running para Mujer New Balance. Compra Ya. New Balance Proximos Lanzamientos Lo Ultimo para Hombres Tarjetas de Regalo Ropa de Hombre,Search,11/4/2024
New Balance,Running - Calzado de Running Premium Logra el Equilibrio Perfecto entre Comodidad y Rendimiento en el Running con New Balance,Search,11/4/2024
New Balance,"Senderismo o Montana - Opciones Soporte y Estabilidad En Caminatas o Carrera de Montana, el Calzado New Balance para Sendero Es Duradero. Logra el Equilibrio Perfecto entre Comodidad y Rendimiento en el Running conNewBalance",Search,11/4/2024
New Balance,New Balance 9060 - Coleccion New Balance 9060 Compra Calzado Lifestyle Innovador. Combina Estilo Deportivo Casual y Diseno Tradicional. La 9060 Es una Nueva Expresion del Estilo Compra Calzado para Mujeres Proximos Lanzamientos Estilos lconicos para Mujeres Lo Ultimo para Hombres Tarjetas de Regalo,Search,11/4/2024
New Balance,Compra la Coleccion 9060 Hoy Compra Calzado Lifestyle Innovador. Combina Estilo Deportivo Casual y Diseno Tradicional,Search,11/4/2024
New Balance,9060 - Calzado para Ninos por Edad La 9060 Es una Nueva Expresion del Estilo Refinado de la Clasica Serie 99X. Compra Ya. New Balance,Search,11/4/2024
New Balance,Fresh Foam X 1080 - Anchos Variables Disponibles Logra el Equilibrio Perfecto entre Comodidad y Rendimiento en el Running con New Balance. New Balance Ofrece con Orgullo Productos,Search,11/4/2024
New Balance,"Corre a Tu Manera - Ligero y Adaptable Compra Calzado de Running para la Carrera, Probado por los Atletas del Equipo New Balance New Balance para Running Lo Ultimo para Hombres",Search,11/5/2024
New Balance,"New Balance: Calzado Running - Calzado Running Hombre y Mujer Calzado de Running Suave, Ligero, Acolchado y Transpirable. Encuentra Hoy Tu Par Perfecto Lo Ultimo para Hombres Muévete con Comodidad con New Balance Ropa de Hombre Encuentra Esenciales para el Dia Perfectos para Tu Ropa Deportiva Calzado y Ropa para Running Zapatillas para Running",Search,11/5/2024
New Balance,New Balance 9060 - Coleccion New Balance de Ninos Calzado Resistente para Que Tus Hijos Se Luzcan Jugando. Compra las 9060 en New Balance Verifiedbusiness 20% Off Spend $150 And Get 20% Off. Shop New Balance Shoes And Apparel Proximos Lanzamientos Free Shipping New Balance Gift Ideas,Search,11/5/2024
New Balance,"New Balance Lifestyle p/Ninos - Compra la Coleccion 9060 Hoy Ofrecemos las Tallas, los Calces y los Estilos Que los Ninos Desean.Mira el Calzado 9060 Proximos Lanzamientos Nuevos Disenos y Colaboraciones Actuales y Lo Que Se Viene Lo Ultimo para Hombres Muévete con Comodidad con New Balance Tallas Ninos Pequenos/Grandes Explora la Coleccion 9060",Search,11/6/2024
New Balance,Cleats For Every Player - Baseball Collection OurCollectionPromisesComfortAnd Support Throughout Even The Most High Pressure Games. Cleat And Turf Options Designed For Multi-Talented Players To Perform On Any Surface,Search,2/14/2025
New Balance,Compra las New Balance 2002R - Compra Hoy las 2002R Basada en Carreras de Alto Rendimiento. La 2002R Ofrece un Diseno Técnico Listo para Usar Lo Ultimo para Hombres Muévete con Comodidad con New Balance Coleccion para Hombres 2002R Explora la Coleccion 2002R Ropa de Hombre,Search,3/15/2025
New Balance,Balance Lifestyle p/Ninos - Tallas Ninos sPeguenos/Grandes ColeccionNewBalance2o02R:CalzadoconEstilo para Que los Ninos Usen Todo el Dia. New Balance Lifestyle Es Tu Calzado,Search,3/16/2025
New Balance,New Balance Lifestyle de Mujer - Tu Nuevo Estilo Favorito New Balance Lifestyle Es Tu Calzado ldeal para Uso Diario. Compra la Coleccion Ahora,Search,3/16/2025
New Balance,"Balance - Big Kids' & Little Kids' Shoes Our Kids'Sneaker Collection Includes First Walkers Little Kid and Big Kid Sizes. Fun, Fresh, And Functional Check",Search,3/17/2025
New Balance,New Balance Tennis Shoes - On-Court Performance Our Collection Has Something For Everyone From New Athletes To Seasoned Professionals. Opt For Superior Control And Comfort With Our Innovative Collection,Search,5/1/2025
New Balance,Tennis Collection - On- Court Performance - N Something For Everyone From New Ath Seasoned Professionals. Keep Your Co First Point To The,Search,5/1/2025
New Balance,"Shop New Balance e Tennis-New Balance & Coco Gauff The Signature Shoe Combines Her Unmistakable Style With High-Performance Features. Built For Explosive Play On The Court, And Unmistakable",Search,6/2/2025
New Balance,Shop New Balance Tennis - High- Performance Features Inspired By Coco's Personal Style And Her Favorite Off- Court New Balance Models Coco Delray Men's Apparel Women's Newest Arrivals Lifestyle Collection,Search,6/2/2025
New Balance,New Balance Back to School - Back to School Shopping From Backpacks To Apparel New Balance Has All The Styles For The School Year Ahead! Time To Upgrade & Update With New Balance Back To School Styles This,Search,6/26/2025
New Balance,Kids' New Balance - Back to School Shopping From Backpacks To Apparel New Balance Has All The Styles For The School Year Ahead! Styles For Climbers and Runners. Shop New Balance Back To School,Search,6/26/2025
New Balance,New Balance Soccer - New Balance Soccer Shoes Get Some Turf Beneath Your Feet & Set Your Eye On The Goal. Soccer Cleats Available Now. Set The Pace On The Field With Durable Performance Ready Cleats. Shop Shop Soccer Cleats Shop Tekela Comfortable Walking Shoes,Search,7/24/2025
New Balance,"New Balance Lifestyle - Lifestyle And Fashion Sneakers New Balance Lifestyle Is Your Go-To Place For Daily Footwear. Shop The Collection Now! New Balance Find The Perfect Fit The 471 Transforms “70s Running Heritage Into A New, Everyday Go-To",Search,9/19/2025
New Balance,New Balance Lifestyle - Men's and Women's Lifestyle New Balance Lifestyle Is Your Go-To Place For Daily Footwear. Shop The Collection Now! New Balance Lifestyle Shoes Are A Staple In An Elevated Wardrobe. Shop The,Search,9/19/2025
New Balance,Shop The T500 Collection - Elegant Simplicity New Balance Lifestyle ls Your Go-To Place For Daily Footwear. Shop The Collection Now! New Balance Lifestyle Shoes Are Explore Lifestyle Classics Upcoming Launches Women's Apparel Lifestyle And Fashion Sneakers,Search,9/19/2025
New Balance,Women's Lifestyle - Shop The Lifestyle Collection New Balance Lifestyle Is Your Go-To Place For Daily Footwear. Shop The Collection Now! An Effortlessly Refined Combination of Timeless Sport Style and,Search,9/24/2025
New Balance,Women's Lifestyle - Women's Lifestyle New Balance Lifestyle ls Your Go-To Place For Daily Footwear. Shop The Collection Now! New Balance Lifestyle Shoes Are A Staple InAn Elevated Wardrobe,Search,9/24/2025
New Balance,Men's Lifestyle - Shop The Lifestyle Collection New Balance Lifestyle Shoes Are A Staple In An Elevated Wardrobe. Shop The Collection. The 471 Transforms,Search,9/24/2025
New Balance,New Balance T500 - New B Women's Lifestyle New Balance Lifestyle Ils Your Go-To Pl Footwear. Shop The Collection Now! Ne Lifestyle 20% Off 20% Off Your Order Of $150 Or More. Shop New Balance Shoes & Clothing New Balance T500 Shop The T500 Collection Women's Apparel,Search,9/24/2025
New Balance,New Balance 471 Collection - New Balance 471 New Balance Lifestyle Is Your Go-To Place For Daily Footwear. Shop The Collection Now! New Balance 471 Upcoming Launches The 471 New Balance Women's Lifestyle Lifestyle Collection,Search,9/24/2025
New Balance,New Balance T500 Collection - Men's Lifestyle New Balance Lifestyle Is Your Go-To Place For Daily Footwear. Shop The Collection Now! New Balance Lifestyle Shoes Are A Staple In An Elevated Wardrobe. Shop The New Balance T500 Shop The T500 Collection Upcoming Launches Shop The Lifestyle Collection,Search,9/24/2025
New Balance,Shop Shoes & Apparel - Give The Perfect Gift A Gift Card - The Perfect Gift When You Don't Know Their Size. Send The Perfect Gift. Shop New Balance 20% Off Comfortable Walking Shoes Women's NewestArrivals Fresh Foam Collection Men's Apparel,Search,10/16/2025
New Balance,e Online -New Balance Walking Shoes New Balance's Collection Of Walking Shoes Is Here To Support You Every Step Of The Way,Search,10/20/2025
New Balance,New Balance 1000 - New Balance Lifestyle The 1000 Reintroduces Turn Of The Millennium Design Learn More About The 1000 Sneaker. The New Balance 1000 A Turn Of The Millennium Classic Out Of The Archives The 1000 Upcoming Launches,Search,11/6/2025
New Balance,"New Balance 1000 - New Balance Lifestyle The 1000 Reintroduces Turn Of The Millennium Design Learn More About The 1000 Sneaker. The Reintroduced 1000 Brings A Premium Look And Feel To Futuristic, Technical Design. Extended Widths. Mens Womens & Kids Shoes. Established In 1906. Extende New Balance 1000 A Turn Of The Millennium Classic Out Of The Archives The 1000 For A New Era Of Boundary Pushing Everyday Style. Shop The 1000 Collection",Search,11/6/2025
New Balance,"A New Kind Of Classic - Shop The Lifestyle Collection The Reintroduced 1000 Brings A Premium Look And Feel To Futuristic, Technical Design. The 1000 Reintroduces Turn Of The Millennium Design, Learn",Search,11/7/2025
New Balance,"Lifestyle - The 740 The740ReintroducesACultFavorite,ForANew Generation of Everyday Style. The Reissued 740 Brings A Longtime Cult Favorite Back From The",Search,11/10/2025
New Balance,"New Balance 1080v15 - New Balance Running Collection A Whole New Way Of Looking At The Most Comfortable Running Shoe We Can Make, Period. A New Way To Experience Everything You Rely On In An Everyday Running Shoe. Extended Widths. New Infinion Foam Midsole. Contoured Details. Established In 1906",Search,1/20/2026
New Balance,"New Balance 1080v15 - Introducing The 1080v15 A Whole New Way Of Looking At The Most Comfortable Running Shoe We Can Make, Period NewBalance1080v15 Upcoming Launches In It For The Long Run New Balance Running Collection",Search,1/20/2026
New Balance,"Level Up Your Run A Whole New Way Of Looking At The Most Comfortable Running Shoe We Can Make, Period. Long-Lasting",Search,1/20/2026
New Balance,"Running Collection - Balance New 1080v15 - Run Your Way Long-Lasting Performance, With Enhanced Cushioning And Energy Return. Infinion Foam Is Designed To MakeMoreRunsFeelLikeYourFirst Run. New Infinion Foam Midsole",Search,1/20/2026
New Balance,New Balance Running Shoes - Shop New Balance Running Shoes A New Way To Experience Everything You Rely On In An Everyday Running Shoe Women's Apparel Men's Apparel Upcoming Launches New Balance 1080v15,Search,1/22/2026
New Balance,204L Collection - New Balance Lifestyle The 204L Is An Unexpected Combination of '70s Structure And 2000s Running-lnspired Tech. The 204L Takes Classic New Balance Styles From Across,Search,1/26/2026
New Balance,204L Collection - Shop The Lifestyle Collection The 204L Is An Unexpected Combination of '70s Structure And 2000s Running-lnspired Tech,Search,1/26/2026
New Balance,Men's Lifestyle Collection Balance Lifestyle The New Balance Lifestyle Collection. A On Classic Looks. Shop Mens Styles or newbalance.com,Search,2/9/2026
New Balance,Official Site - New and Classic Styles The New Balance Lifestyle Collection. An Elevated Take On Classic Looks. New Balance Lifestyle - A Staple In An,Search,2/9/2026
New Balance,Women's Lifestyle The New Balance Lifestyle Collection. A On Classic Looks. Shop Women's Style,Search,2/9/2026
New Balance,Hoodies & Sweatshirts - Shop New Balance Clothing New Balance Lifestyle -A Staple In An Elevated Wardrobe. The New Balance Lifestyle Collection. An ElevatedTake On Classic Looks.Extended Sizes,Search,2/9/2026
New Balance,I Classic Styles New Balance Lifestyle - A Staple In An I Wardrobe. Shop Online at newbalance.J,Search,2/9/2026
New Balance,Balance: Calzado Running - Apuesta por el Largo Plazo Nueva Forma de Ver la Zapatilla de Running Mas Comoda Que Somos Capaces de Crear. Y Punto,Search,2/11/2026
New Balance,New Balance Lifestyle - Shop The Lifestyle Collection New Balance Lifestyle Is Your Go-To Place For Daily Footwear. Shop The Collection Now. The Comfort Of Up to 30% Off Select Clothing & Accessories And 25% Off Select Shoes New Balance 992 Exemplifies Craftsmanship Inside And Out,Search,2/23/2026
New Balance,New Balance 992 - New Balance Lifestyle The 992's Lasting Appeal Is Thanks To An Ultra-Modern Yet Easily Wearable Design. The Comfort Of ABZORB At The Heel And Forefoot. Free Returns Shop The 992 Collection New Balance Lifestyle Shoes Are A Staple In An Elevated Wardrobe. Shop The Collection New Balance 992 Exemplifies Craftsmanship Inside And Out Upcoming Launches New Designs And Collaborations. Recent And What's Upcoming,Search,2/23/2026
New Balance,"New Balance Men's Lifestyle - Shop The 992 Collection New Balance Lifestyle Shoes Are A Staple In An Elevated Wardrobe. Shop The Collection. New Balance Lifestyle Is Your Go-To Place For Daily Footwear. Shop The Collection Now. Mens, Womens & Kids Shoes Extended Widths. Established In 1906. Free Returns Up to 30% Off Select NewBalance992Collection",Search,2/23/2026
New Balance,The Ellipse - Introducing The Ellipse You Don't Have To Choose Between Responsiveness and Cushioning With The New Ellipse Upcoming Launches Up to 30% Off Select New Balance Ellipse Men's and Women's Running Find The Perfect Fit,Search,3/5/2026
New Balance,New Balance Running - Shop The Running Collection Cushioning For Everyday Miles With An Exciting Trampoline-Like Underfoot Feel. Introducing The Ellipse Women's Apparel Men's and Women's Running Men's Apparel,Search,3/5/2026
New Balance,New Balance Running - Men's Running Collection You Don't Have To Choose Between Responsiveness and Cushioning With The New Ellipse. Cushioning For Everyday Miles With An Exciting Trampoline-Like,Search,3/6/2026
New Balance,New Balance - New Balance Sportswear - New Balance Ellipse The latest arrivals in athletic apparel. High-quality craftsmanship for every athlete Women New balance Sale is on Men's Shoes Kids' Shoes & Clothing Run in New Balance,Search,4/18/2026
New Balance,New Balance - NewBalance Official Site - New Balance? Shoes Athletic Footwear and Fitness Apparel - NewBalance New Balance Athletic Footwear and Fitness Apparel Get Gift Cards Women's Shoes Women's Collection Running Shoes,Search,4/18/2026
New Balance,"Shop the New E Balance eWebsite -New Balance Shop the New Balance Premium Range of Shoes Sneakers and Athletic Wear Shoes, Sneakers, & Athletic Wear - New Balance. Shop Online. Track An Order.Download OurApp",Search,4/27/2026
New Balance,New Balance - Official Site - Free Shipping & Returns Shop the official New Balance site for performance running shoes and iconic lifestyle gear Iconic style meets modern technology. Explore the Made in UsA collection at New Balance. Check Order Status. Free Shipping Available. View Size Guide. Get Gift Cards Rating for newbalance.c... Return policy 4.7↓ (312) Most items 45+ days Men's Shoes Running Shoes Women's Shoe,Search,5/20/2026
New Balance,"New Balance Official Site Shop the New Balance Footwear Collection for Men Women & Kids New Balance Athletic Footwear and Fitness Apparel Rating for newbalance.com 4.7↓ (313) Shoes, Sneakers & Wear Avoid Last Minute Stress and Get Started on Your Gift List Now New Balance? Shoes Athletic Footwear and Fitness Apparel - NewBalance",Search,5/25/2026
New Balance,"New Balance - Shop Online For New Arrivals - New Season, New Style Avoid Last Minute Stress and Get Started on Your Gift List Now Athletic Footwear and Fitness Apparel Shoes, Sneakers & Wear Shop the New Balance Footwear Collection for Men, Women & Kids NewBalance Shoes & Apparel New Balance Athletic Footwear and Fitness Apparel",Search,5/25/2026
New Balance,"New Balance ABZORB Collection Introducing The ABZORB 2010, Signature Comfort With A New Look. Shop Now. Shop The ABZORB 2010 Before The ABZORB 2010 Upcoming Launches Wide Width Shoes Comfortable Walking Shoes",Search,6/30/2026
New Balance,Men's Shoes & Sneakers -Athletic & Casual -New Balance,Search,7/8/2026
New Balance,NewBalance BackTo School- We're Back. Back To School Explore The New Balance Back-To-School Collection! Men's Back-To-School New Balance Kids'Collection Back To School Collection Women's Back-To-School Running Essentials,Search,7/9/2026
New Balance,New Balance Shoes - We're Back Back To School - Shop Running Find School Year Accessories & Shoes From New Balance Back-To-School Collection. Shop Now. From New Balance Back to School Time To Upgrade & Update With New Balance Back-To-School Gear This Year New Balance School Shoes Shop Performance Essentials For The New School Year Running Essentials The Fast Track Shop Now,Search,7/9/2026
New Balance,"New Balance - Shoes, Sneakers Wear - Comfort Engineered Here Shop the latest shoe collections & apparel. Perfect fit for performance & street style. Upgrade your athleisure wardrobe. New sneakers & comfortable clothing available",Search,7/16/2026
New Balance,Shop New Balance Now - Comfortable Shoes for All Find your fit with a range of widths and styles designed for all-day wear. Discover shoes engineered for lasting comfort and everyday performance Rating for newbalance.c... Call wait time 4.7 (306) About 1 minute,Search,7/18/2026
New Balance,"Comfort You Can Count On - Sneakers for Real Life All-day comfort and timeless style, ready for whatever your day brings. From casual errands to relaxed weekends, these shoes keep you going strong Rating for newbalance.c... Order accuracy 4.7 (306) 95-100%",Search,7/18/2026
New Balance,Shop New Balance Online - Up To 40% Off Select Styles Discover Top New Balance Deals Online. Compare Prices On Classic Sneakers & Running Shoes Experience All-day Comfort With Fresh Foam. Browse Top Athletic Footwear EasilyOn Mobile Rating for newbalance.c... Return policy 4.7 → (303) Most items 45+ days,Search,7/21/2026
New Balance,"New Balance - Buy New Balance shoes today New Balance Men's Shoes: Casual Shoes, Cleats, and More Shoes, Sneakers, & Athletic Wear - New Balance Official New Balance Site. Shop Official Sale Styles Men's Shoes Men's Shoes & Sneakers -Athletic & Casual - New Balance Shoes, Sneakers & Wear Go Anywhere in Style with Premium & Comfortable Sneakers by New Balance",Search,7/28/2026
New Balance,Official Store New Balance - New Balance Free Shipping Buy New Balance sneakers online. Latest styles & great deals available.Discover New Balance Canada Stylish Rating for newbalance.c... Call wait time 4.7→ (302) About 1 minute,Search,7/28/2026
New Balance,Shop New Balance shoes & apparel. Premium comfort &performance.Ordernow!,Search,8/1/2026
New Balance,New Balance Official Site - Sale: Extra 20% Off Free shipping & returns for members. Enjoy early access to new launches. Join for free. Find your perfect fit with our Rating for newbalance.c... Average delivery time 4.7 \ (296) 1-4 days Shop New Balance Sale Shop New Arrivals,Search,8/10/2026
Nike,Nike Jordan 4 - Tienda Oficial Jordan Mexico Adquiere parte de la historia y herencia Jordan con una comodidad que dura todo el dia,Search,10/25/2021
Nike,"Nike Metcon. Nike MX El Nike Metcon se ha creado especialmente para tu forma de entrenar, con un ajuste firme, estabilidad inquebrantable y una traccion incomparable que marca la diferencia en el gimnasio Para Mujer Para Hombre",Search,10/25/2021
Nike,Nike - Online Store - Members Get Exclusive Offers Any Place. Any Time. Any Condition. Be Your Best Every Time With Nike Shoes And Clothing. The Official Website. Home Of Everything Nike. Shop The Latest Download the Nike App View 4 prices from 5.00,Search,10/25/2021
Nike,Nike - Online Store - Shop The Latest And Greatest Any Place. Any Time. Any Condition. Be Your Best Every Time With Nike Shoes And Clothing. The Official Website. Home Of Everything Nike. Shop The Latest Releases Nike Football Nike Training Nike Lifestyle Nike By You Designed in Europe,Search,10/25/2021
Nike,"Nike - Online Store - The Official Nike Site Shop Now At The Official Nike Site. Buy Today To Get Free Delivery And Returns. Discover The Latest Innovations At Nike.com. Shop Online With Free Delivery. Pay With PayPal Nike Shoes, Clothing And More Nike Lifestyle Shop Nike Products Nike Training Nike Football",Search,10/25/2021
Nike,"Nike Tienda Oficial - Nike México Encuentra lo mejor de Nike, con productos nuevos cada semana y disfruta del envio gratis. Encuentra la innovacion que buscas en la Tienda Oficial Para Mujer Para Hombre Para Ninos Calzado Rebajas",Search,10/25/2021
Nike,"The Official Nike Site - Discover Nike lcons - Get Exclusive Access to Nike The Official Website. Home Of Everything Nike. Shop The Latest Releases. When You Choose Nike, You Choose Your Best Self. Shop On The Nike App. 10% Student Discount. Discover Nike SNKRS App Customise On Nike By You Nike - HU Online Store Dance Collection Shop Nike Bestsellers Nike For Men Fleece Collection",Search,10/25/2021
Nike,De officiele Nike website - Nike: shop de collectie Bezoek de officiele Nike? website en geef jezelf een frisse look met de nieuwste items. De officiele website met alles van Nike. Shop de nieuwste Nike voor dames Nike voor heren,Search,10/25/2021
Nike,"Nike Style nxin - """"} 7u 'nunn nnxn C i' C L' C Cxi' I u.ac C G C.L,' CI XU LGL.O. LXULIC. Z LULG L.IO'",Search,10/25/2021
Nike,"Nike woohoo - I love Nike Come visit Nike Payment Options Available. Check Order Status. Find A Store. Highlights: Order Status Option Available, Free Shipping Available, Gift Cards Available Rating for nike.com 4.6 (1,967) 1-4 days All Sale New Releases Sale Shoes",Search,10/25/2021
Nike,Nike - Online Store - The Official Nike Site The Official Website. Home Of Everything Nike. Shop The Latest Releases. Any Place. Any Time. Any Nike For Men Nike For Women Nike For Kids Nike Football Nike Training,Search,10/25/2021
Nike,Nike - Online Store - Nike: Shop The Collection Any Place. Any Time. Any Condition. Be Your Best Every Time With Nike Shoes And Clothing. The Rating for nike.com 4.8 (20),Search,10/25/2021
Nike,Site officiel de Nike France - Boutique en ligne Nike Découvrez des nouveaux modeles en exclusivité et commandez en ligne sur le Nike Store. Partout. Tout le temps. Par tous les temps. Restez au top avec les collections Nike. Retours gratuits 30 jours Nike pour homme Nike pour femme Nike pour enfant Nike Football NIKE By You,Search,10/25/2021
Nike,"Nike - Online Store - Shop Nike Styles Any Place. Any Time. Any Condition. Be Your Best Every Time With Nike Shoes And Clothing. The Official Website. Home Of Everything Nike. Shop The Latest Releases. Pay with PayPal. Free Fast Delivery. 10% Student Discount. Types: Shoes, Tops",Search,10/25/2021
Nike,Nike - Online Store - The Official Nike Site Any Place. Any Time. Any Condition. Be Your Best Every Time With Nike Shoes And Clothing. The Official Website. Home Of Everything Nike. Shop The Latest Nike For Women Nike For Kids Nike For Men,Search,10/25/2021
Nike,"Nike I Tienda Oficial - Nike México - Nike.Com I Envios Gratis Encuentra lo mejor de Nike, con productos nuevos cada semana y disfruta del envio gratis. iUnete a nosotros! y accede como miembro a productos y beneficios Para Mujer Obten la mejor innovacion de Nike Disfruta del envio gratis Para Hombre Encuentra Ahora Productos Para Hombre En Nuestra Pagina Web Rebajas Para Ninos Y Ninas",Search,10/25/2021
Nike,"Nike México - Nike Air Max Encuentra lo mejor de Nike, con productos nuevos cada semana y disfruta del envio gratis. Encuentra la innovacion que buscas en la Tienda Oficial. Adquiérelos ahora en Nike.com",Search,10/25/2021
Nike,The Official Nike Site - Nike - Online Store Any Place. Any Time. Any Condition. Be Your Best Every Time With Nike Shoes And Clothing Rating for nike.com 4.8 (58) 1-2 days Nike For Men Nike For Women Nike For Kic View 5 prices from E0.00,Search,10/25/2021
Nike,"NlKE: obuca i sportska odjeca Nenadmasna tehnologija. Kupite online najnovije iz ponude Nike za muskarce, zene i djecu",Search,10/25/2021
Nike,Nike - Online Store - The Official Nike Site Any Place. Any Time. Any Condition. Be Your Best Every Time With Nike Shoes And Clothing. The Official Website. Home Of Everything Nike. Shop The Latest Free Delivery And Returns Check The Latest Nike Styles Discover Air Max Dn National Team 2024 Kits,Search,10/25/2021
Nike,Nike - Online Store - Shop Nike Bestsellers Any Place. Any Time. Any Condition. Be Your Best Every Time With Nike Shoes And Clothing. The Nike For Women Shop Iconic Styles For Women And Find The Full Collection At Nike,Search,10/25/2021
Nike,Nike - Online Store - The Official Nike Site The Official Website. Home Of Everything Nike. Shop The Latest Releases. Any Place. Any Time. Any Condition. Be Nike For Men Nike For Women Nike For Kids Nike Football Shop The Nike Collection,Search,10/25/2021
Nike,NiKE Espana: tienda online - Comprar productos Nike En el sitio oficial de Nike encontraras el universo Nike iDescubre ya las novedades! Tecnologia insuperable Compra online las novedades para Nike para mujer Nike para hombre Nike para ninos,Search,10/25/2021
Nike,Nike - butik online - Tidlosa ikoner. Nya Egendesigna i Nike By You Var som helst. Nar som helst. Hur som helst. Prestera standigt med Nikes klader och skor. Den officiella webbplatsen. Hem for allt fran Nike. Kop de senaste modellerna idag. Gratis snabbleverans. Handla i Nike- appen. Bli Nike-medlem Nike for man Nike for kvinnor Nike for barn,Search,10/25/2021
Nike,Nike - Online Store - Shop The Latest And Greatest The Official Website. Home Of Everything Nike. Shop The Latest Releases. Any Place. Any Time. Any Condition. Be Your Best Every Time With Nike Shoes,Search,10/25/2021
Nike,"Sito ufficiale Nike - NlKE: store online italiano Per qualsiasi allenamento, scegli scarpe e abbigliamento Nike. Visita il sito ufficiale. Il sito ufficiale I'origine di Nike. Acquista subito le Nike per bambini Scopri scarpe, capi e accessori della collezione Nike bambini Back To School Inizia I'anno con stile, scopri gli outfit in Nike Scarica I'app Nike Installa",Search,10/25/2021
Nike,NlKE - Online Store - Shop Nike Styles Any Place. Any Time. Any Condition. Be Your Best Every Time With Nike Shoes And Clothing. The Official Website. Home Of Everything Nike. Shop Nike For Men Nike Football Nike For Women Nike Back To School Nike By You,Search,10/25/2021
Nike,Nike - Online Store - Shop The Latest And Greatest The Official Website. Home Of Everything Nike. Shop The Latest Releases. Any Place. Any Time. Any Condition. Be Your Best Every Time With,Search,10/25/2021
Nike,Nike - Online Store - Nike: Shop The Collection The Official Website. Home Of Everything Nike. Shop The Latest Releases. Any Place. Any Time. Any Condition. Be Your Best Every Time With Nike Shoes And Clothing Nike For Women Nike For Men Nike For Kids Nike Football Nike Training,Search,10/25/2021
Nike,web oficial de Nike Nikeisthebest,Search,10/26/2021
Nike,Nike Clothing Is Designed For Performance And Total Comfort. Gear Up On Nike.com,Search,11/30/2022
Nike,"Shop The Latest Nike Basketball Styles Designed For Performance. Available On Nike.com. Gear Up For Sport And Style With Nike Products Designed For Performance And Rating for nike.com 4.7 \ (6,413) 1-3 days 山 Install",Search,11/30/2022
Nike,"Shop The Latest Innovations From The NikeLab Collection. Available Now On Nike.com. Shop The Official Nike Store For The Latest Nike Shoes, Styles & Gear. Live Support Available. Models: Air Force 1 VaporMax Nike: Shop Clothes & Snea",Search,11/30/2022
Nike,"nike well collective - williamsburg/ Nike Well Collective - Williamsburg Shop The Official Nike Store For The Latest Nike Shoes, Apparel & Gear",Search,11/30/2022
Nike,"Giannis Antetokounmpo Shoes Nike.com Shop The Latest Nike Basketball Styles Designed For Performance. Available On Nike.com. Shop The Official Nike Store For The Latest Nike Shoes, Styles & Gear",Search,11/30/2022
Nike,"Shop The Official Nike Store For The Latest Nike Shoes, Apparel & Gear. Gear Up For Sport And Style With Nike Products Designed For Performance And Comfort. Live Support Available Rating for nike.com 4.6 1 (1,919) Most items 60+ days",Search,11/30/2022
Nike,"Womens Dri-FIT Running Shorts Nike.com Shop The Official Nike Store For The Latest Nike Shoes, Apparel & Gear. Shop The Official Nike Store For The Latest Nike Shoes, Styles & Gear. Live Support Available. Styles: Shoes, Clothing, Accessories, Sport Rating for nike.com 4.7 1 (6,660) 1-3 days",Search,11/30/2022
Nike,"Shop The Official Nike Store For The Latest Nike Shoes, Apparel & Gear. Gear Up For Sport And Style With Nike Products Designed For Performance And Based on user reviews, shoppers appreciate Nike's nigh-quality athletic apparel and footwear, fast shippin 山 Install",Search,11/30/2022
Nike,"Gear Up For Soccer. Get Everything You Need For Your Best Season Ever. Shop The Latest Soccer Gear For A Fresh Start On The Field. Start Back Strong. Live Support Available. Models: Air Force 1, VaporMax, Air Max, Pegasus, Joyride, Vaporfly, React",Search,11/30/2022
Nike,"Shop New Nike Markdowns With 1,200+ Items Match Your Style And Complete Your Look. Find The Items That Match Your Style And Complete Your Look. Shop Clearance Now. Live Support Available. Styles: Accessories,Apparel",Search,11/30/2022
Nike,Nike Clearance Gear Gives You A Chance To Add Top- Flight Products To Your Collection. Nike Clearance Gives You A Chance To Add Top-Flight Products To Your Collection Nike Kid's Clearance Mini sized variety of classic and contemporary designs Nike NewReleases Nike Clearance Shoes Nike Men's Clearance,Search,11/30/2022
Nike,"Shop The Official Nike Store For The Latest Nike Shoes, Apparel & Gear. Shop The Official Nike Store For The Latest Nike Shoes, Styles & Gear. Live Support Available. Models: Air Force 1, VaporMax, Air Max Pegasus, Joyride, Vaporfly, React Verifiedbusiness Rating for nike.com 4.6 1 (1,919) 1-4 days",Search,11/30/2022
Nike,Explore The Latest Innovations In Performance From The Nike Running Collection. Shop The Official Nike Store For,Search,11/30/2022
Nike,"Trail Running Shoes Nike.com Shop The Official Nike Store For The Latest Nike Shoes,Apparel & Gear Rating for nike.com 4.7 1 (6,182)",Search,11/30/2022
Nike,"Shop The Official Nike Store For The Latest Nike Shoes, Apparel & Gear. Gear Up For Sport And Style With Nike Products Designed For Performance And Comfort. Live Support Available. Models: Air Force 1 VaporMax, Air Max, Pegasus, Joyride, Vaporfly, React Rating for nike.com 4.7 \ (6,241) 95-100%",Search,11/30/2022
Nike,"Shop The Official Nike Store For The Latest Nike Shoes, Apparel & Gear. Shop The Official Nike Store For The Latest Nike Shoes, Styles & Gear. Live Support Available Nike Air Force 1 Shop the legendary Air Force 1. Add a classic to your rotation",Search,11/30/2022
Nike,"Designed And Created To Enable Outstanding Performance, The Nike Cheerleading Collection. Shop The Official Nike Store For The Latest Nike Shoes Styles & Gear. Live Support Available. Styles: Shoes Clothing, Accessories, Sport Rating for nike.com 4.7 1 (6,206) 95-100%",Search,11/30/2022
Nike,"Shop The Latest Nike Baseball Styles Designed For Performance. Available Now On Nike.com. Shop The Official Nike Store For The Latest Nike Shoes, Styles & Gear",Search,11/30/2022
Nike,"Shop The Official Nike Store For The Latest Nike Shoes, Apparel & Gear. Shop The Official Nike Store For The Latest Nike Shoes, Styles & Gear. Live Support Available Rating for nike.com 4.7 1 (6,660) +%66",Search,11/30/2022
Nike,Nike Unite - Tempe/Town Lake 4.5 (74) : Sporting goods store Open 24 hours Call Directions,Search,11/30/2022
Nike,"Rafael Nadal Shoes & Clothing Nike.com Shop The Official Nike Store For The Latest Nike Shoes, Apparel & Gear. Gear Up For Sport Based on user reviews, shoppers appreciate Nike's high-quality athletic apparel and footwear,... More v",Search,11/30/2022
Nike,"Gear Up Like The Pros With Nike Golf Shoes. Designed With Performance & Comfort In Mind. Gear Up For Sport And Style With Nike Products Designed For Performance And Comfort. Live Support Available Models: Air Force 1, VaporMax, Air Max, Pegasus Rating for nike.com 4.7 \ (6,241) Most items 60+ days",Search,11/30/2022
Nike,"Nike Men's Clothing Is Designed For Performance And Total Comfort. Gear Up On Nike.com. Shop The Official Nike Store For The Latest Nike Shoes, Styles & Gear Shop New Markdowns Nike Best Sellers Nike New Releases Nike Air Force 1 Nike?ElectricPack",Search,11/30/2022
Nike,"Nike Clothing Is Designed For Performance And Total Comfort. Gear Up On Nike.com. Shop The Official Nike Store For The Latest Nike Shoes, Styles & Gear. Live Support Available. Models: Air Force 1, VaporMax, Air Max,Pegasus",Search,11/30/2022
Nike,"Nike Men's Shoes Are Designed For Performance And Total Comfort. Gear Up On Nike.com. Gear Up For Sport And Style With Nike Products Designed For Performance And Comfort. Live Support Available Styles: Shoes, Clothing, Accessories Rating for nike.com 4.7 1 (6,103) 95-100%",Search,11/30/2022
Nike,"Mens Training & Gym Shoes Nike.com Nike Men's Shoes Are Designed For Performance And Total Comfort. Gear Up On Nike.com. Shop The Official Nike Store For The Latest Nike Shoes, Styles & Gear Live Support Available. Styles: Men's, Women's, Boys' Rating for nike.com 4.7 1 (6,230) 95-100%",Search,11/30/2022
Nike,"Nike Clearance Gear Gives You A Chance To Add Top- Flight Products To Your Collection. Now With Over 1,200 Newly Marked Down Products, You Rating for nike.com 4.6 \ (1,927) +%66 Nike Men's Clearance Nike Clearance Shoes",Search,11/30/2022
Nike,"Shop The Latest Nike Golf Styles Designed For Performance.Available Now On Nike.com.Shop The Official Nike Store For The Latest Nike Shoes, Styles & Gear",Search,11/30/2022
Nike,"Shop The Official Nike Store For The Latest Nike Shoes, Apparel & Gear. Shop The Official Nike Store For The Latest Nike Shoes, Styles & Gear Nike New Releases LeBron James Collection Air Zoom Freak",Search,11/30/2022
Nike,"Shop The Official Nike Store For The Latest Nike Shoes, Apparel & Gear. Shop The Latest Styles Designed For On & Off The Court. Every Day At Nike.com. Live Support Available. Models: Air Force 1 VaporMax, Air Max, Pegasus, Joyride, Vaporfly, React",Search,11/30/2022
Nike,"Discover Nike Clearance Featuring Footwear, Apparel And Accessories On Sale. Now With Over 1,200 Newly MarkedDownProducts,YouCan Nike Kid's Clearance Mini sized variety of classic and contemporary designs",Search,11/30/2022
Nike,"Tank Tops & Sleeveless Shirts. Nike.com Shop New Nike Markdowns With 1,200+ Items Match Your Style And Complete Your Look. Nike Clearance Gives You A Chance To Add Top-Flight Products To",Search,11/30/2022
Nike,"Shop The Official Nike Store For The Latest Nike Shoes, Apparel & Gear. Gear Up For Sport And Style With Nike Products Designed For Performance Nike New Releases Featuring our latest innovations for running training & sportswear Nike? Electric Pack Nike Air Force 1 Nike Best Sellers Nike: Shop Shoes & Clothes Google Play",Search,11/30/2022
Nike,"Shop The Latest Nike Golf Styles Designed For Performance. Available Now On Nike.com. Shop The Official Nike Store For The Latest Nike Shoes, Styles & Gear. Live Support Available. Styles: Shoes, Clothing Accessories, Sport Rating for nike.com 4.7 \ (6,624) +%66 山 Install",Search,11/30/2022
Nike,"Shop The Official Nike Store For The Latest Nike Shoes, Apparel & Gear. Gear Up For Sport And Style With Nike Products Designed For Performance And Rating for nike.com 4.7 (6,681) 95-100% All Nike Football Cleats :NikeNew Releases",Search,11/30/2022
Nike,Air Max Shoes From Nike. Gear Up For Sport,Search,11/30/2022
Nike,Shop The Latest Nike Golf Styles Designed For Performance.Available Now On Nike.com,Search,11/30/2022
Nike,"Shop The Official Nike Store For The Latest Nike Shoes, Apparel & Gear. Gear Up For Sport And Style With Nike Products Designed For Performance And Rating for nike.com 4.7→ (6,303)",Search,11/30/2022
Nike,"Womens Sale Running Shoes Nike.com Discover Nike Clearance Featuring Footwear, Apparel And Accessories On Sale. Nike Clearance Gives You A Chance To Add Top-Flight Products To Your Collection Live Support Available. Styles: Accessories, Apparel Based on user reviews, shoppers appreciate Nike's high-quality athletic apparel and footwear,.. More",Search,11/30/2022
Nike,"Clearance Nike Air Max Shoes Shop New Nike Markdowns With 1,200+ Items Match Your Style And Complete Your Look. Gear Up For Sport And StyleWith Nike Products Designed For Performance And Comfort. Live Support Available Styles: Accessories, Apparel, Shoes, Sport Rating for nike.com 4.7 1 (6,246) Most items 60+ days",Search,11/30/2022
Nike,"Cold Weather Running Clothing Nike.com Every Run Covered. The Latest Nike Running Styles To Keep You Moving Forward. Shop The Official Nike Store For The Latest Nike Shoes, Styles & Gear Nike Pegasus Collection Lightweight yet secure. Looks as fast as it feels NikeNewReleases Featuring our latest innovations for running training & sportswear React Flyknit Collection Our softest, smoothest and most resilient foam",Search,11/30/2022
Nike,"Shop The Official Nike Store For The Latest Nike Shoes, Apparel & Gear. Gear Up For Sport And Style With Nike Products Designed For Performance And Comfort. Live Support Available. Styles: Shoes Clothing, Accessories, Sport Rating for nike.com 4.7 1 (6,288) 95-100%",Search,11/30/2022
Nike,Every Run Covered. The Latest Nike Running Styles To KeepYouMovingForward,Search,11/30/2022
Nike,"Gear Up For Sport & Style With Nike Golf Shoes Designed For Performance & Comfort. Gear Up For Sport And Style With Nike Products Designed For Performance And Comfort. Live Support Available Models: Air Force 1, VaporMax, Air Max, Pegasus Rating for nike.com 4.7 ↓ (6,206) 95-100%",Search,11/30/2022
Nike,"Zoom Vomero Running Shoes Nike.com Every Run Covered. The Latest Nike Running Styles To Keep You Moving Forward. Gear Up For Sport And Style With Nike Products Designed For Performance What people like Based on user reviews, shoppers appreciate Nike's high-quality athletic apparel and footwear, fast shippin",Search,11/30/2022
Nike,"Shop The Official Nike Store For The Latest Nike Shoes, Apparel & Gear. Gear Up For Sport And Style With Nike Products Designed For Performance And",Search,11/30/2022
Nike,Shop The Latest Nike Golf Styles Designed For Performance.Available Now On Nike.com. Gear Up For Sport And Style With Nike Products Designed For Performance And Comfort,Search,11/30/2022
Nike,We Have You Covered. Shop Latest Nike Gear For Every Occasion On Nike.com. Gear Up For Sport And Style With Nike Products Designed For Performance,Search,11/30/2022
Nike,Nike Clothing Is Designed For Performance And Total Comfort. Gear Up On Nike.com. Gear Up For Sport And Style With Nike Products Designed For Performance AndComfort,Search,11/30/2022
Nike,"Gear Up Like The Pros With The Nike Lacrosse Collection. Designed For Performance. Shop The Official Nike Store For The Latest Nike Shoes, Styles & Gear",Search,11/30/2022
Nike,"Challenge Your Limit & Reach New Training Goals With The Latest Nike Training Shoes. Gear Up For Sport And Style With Nike Products Designed For Performance And Comfort Rating for nike.com 4.7 1 (6,644) 1-3 days",Search,11/30/2022
Nike,"Mens Sale Training & Gym Shoes Nike.com Discover Nike Clearance Featuring Footwear, Apparel And Accessories On Sale. Now With Over 1,200 Newly Marked Down Products, You Can Find Products That You'll Love. Live Support Available",Search,11/30/2022
Nike,"Babies & Toddlers Kids Shoes Nike.com Shop The Official Nike Store For The Latest Nike Shoes, Apparel & Gear. Shop The Official Nike Store",Search,11/30/2022
Nike,"Shop The Official Nike Store For The Latest Nike Shoes, Apparel & Gear Based on user reviews, shoppers appreciate Nike's high-quality athletic apparel and footwear,... More",Search,11/30/2022
Nike,"Baseball & Softball Cleats Nike.com Shop The Official Nike Store For The Latest Nike Shoes, Apparel & Gear. Gear Up For Sport And Style With Nike",Search,11/30/2022
Nike,"Shop Womens' Golf Shoes Designed With Comfort Style & Performance In Mind. Gear Up For Sport And Style With Nike Products Designed For Performance And Comfort. Live Support Available. Styles: Shoes Clothing, Accessories, Sport Based on user reviews, shoppers appreciate Nike's high-quality athletic apparel and footwear, fast shippin 山 Install",Search,12/1/2022
Nike,"Shop The Official Nike Store For The Latest Nike Shoes, Apparel & Gear. Shop The Official Nike Store For The Latest Nike Shoes, Styles & Gear. Live Support Available. Styles: Shoes, Clothing, Accessories, Sport Rating for nike.com 4.71(6,206) Most items 60+ days",Search,12/1/2022
Nike,Nike Clearance Gear Gives You A Chance To Add Top- Flight Products To Your Collection. Nike Clearance Gives You A Chance To Add Top-Flight,Search,12/1/2022
Nike,"Shop The Official Nike Store For The Latest Nike Shoes, Apparel & Gear Rating for nike.com 4.6 1 (1,870) Nike Matching Sets Shop the latest women's apparel: matching sets for everyday wear",Search,12/6/2022
Nike,"Gear Up Like The Pros With Nike Womens' Golf Shoes Designed For Performance & Comfort Rating for nike.com 4.6 ↓ (1,870) Nike New Releases Featuring our latest innovations for running training & sportswear Nike Best Sellers Shop our best selling shoes, gear & clothing Available now at Nike",Search,12/11/2022
Nike,"Shop The Official Nike Store For The Latest Nike Shoes, Apparel & Gear Nike Air Force 1 Shop the legendary Air Force 1. Add a classic to your rotation NikeNew Releases New shoes, clothes & gear for your sport & everyday comfort & style Nike Best Sellers See Price In Cart",Search,1/13/2023
Nike,"Nike Clearance Gear Gives You A Chance To Add Top- Flight Products To Your Collection. Find The Items That MatchYour Style And Complete Your Look Rating for nike.com 4.7 (6,273)",Search,1/14/2023
Nike,"Shop The Official Nike Store For The Latest Nike Shoes, Apparel & Gear. Gear Up For Sport And Style With Nike Products Designed For Performance And Comfort",Search,2/9/2023
Nike,Tenis Nike Dunk Oficial - Tienda Nike México Oficial Encuentra Tus Productos Nike Dunk En La Tienda Oficial. Ingresa Y Compra Con Envios Gratis Dunk Envio gratis y Meses Sin Intereses Compra los clasicos Nike,Search,6/3/2023
Nike,"Nike? Official Site - Sitio Oficial Nike Lo Ulitimo en Calzado, Ropa y Equipamiento Nike para Hombre, Mujer y Ninos. Compra Ahora. Shop the official Nike Store for the latest shoes & gear, from classic to modern Los Mas Vendidos de Nike Nuevos Lanzamientos Nike Nike New Releases Membresia de Nike Coleccion de Otono Nike",Search,6/22/2023
Nike,"Nike? Official Site - Compra en Nike.com Lo Ultimo en Calzado, Ropa y Equipamiento Nike para Hombre, Mujer y Ninos. Compra Ahora Valoracion de nike.com 4,6 (1.928) Los Mas Vendidos de Nike Nuevos Lanzamientos Nike Shop Nike? Shop Nike.com Coleccion de Otono Nike",Search,6/22/2023
Nike,"Nike México Oficial - Compra Nike l Envios sin costo Como Miembro obtienes recompensas. 3 y 6 Msl en compras de $3,oo0 o mas y envio gratis. Encuentra SNKRS Lanzamientos exclusivos Encuentra la innovacion que buscas Nuevos Lanzamientos",Search,10/14/2023
Nike,<Rating (Reviews)> · <Category> <Open Hours> -<Distance>,Search,11/10/2023
Nike,"Shop Back To School Essentials - Back to School & Sport Look smart and play hard in fresh gear to hit the books or the field. Shop on Nike? today. Everything you'll need for the most exciting day of school & beyond Shop on Nike today. Live Support Available. Types: Student Discount, Military Discount",Search,11/17/2023
Nike,"Nike Official Site - Shop The Newest Nike? Styles Look smart and play hard in fresh gear to hit the books or the field. Shop on Nike? today Rating for nike.com 4.6 ↓ (1,865) Nike Kids' Clearance Nike? Backpacks, Shoes, & More Nike? Back To School Gear Nike Clearance Shoes",Search,11/17/2023
Nike,"Nike I Sitio Web Oficial Encuentra tus productos Nike en la Tienda Oficial Ingresa y Compra con Envios Gratis Disponible en Nike.com. Envios de 1 a 4 dias. Nuevos Lanzamientos Modelos: Air Max, Air Force 1, Court Vision, Pegasus Metcon, React Infinity Valoracion de nike.com Politica de devoluciones 4,8 (137) Mas de 30 dias parala m",Search,12/8/2023
Nike,México - Nike Air Force Eleva cualquier look con un clasico. Air Force 1 en la Tienda Oficial deNikeMéxico,Search,2/16/2024
Nike,"Sitio Oficial Nike? - Compra Nike? en Linea Compra Modelos Exclusivos Creados con la Ultima Tecnologia e Innovaciones de Nike? Ahora Valoracion de nike.com 4,6 → (1.967) Tenis Nike para Ninos Tenis Nike para Hombre Nuevos Tenis Nike Tenis Nike para Mujer Disponible en App St Descargar",Search,10/17/2024
Nike,"Sitio Oficial Nike? - Compra Nike? en Linea Compra Modelos Exclusivos Creados con la Ultima Tecnologia e Innovaciones de Nike? Ahora Valoracion de nike.com 4,6 (1.998) Nuevos Tenis Nike Nike? Air Max Dn Nike Membership Tenis Nike para Mujer Disponible en App St Descargar",Search,10/17/2024
Nike,Compra Nike en Linea - Compra Tenis Hecho para Ti Compra Modelos Exclusivos Creados con la Ultima Tecnologia e Innovaciones de Nike Ahora Tenis Nike para Mujer Tenis Nike para Hombre Tenis Nike para Ninos Lo Ultimo en Tenis Nike? Tenis y Zapatos Nike?,Search,10/17/2024
Nike,"Nike I Tienda Oficial - Tienda Oficial Nike Encuentra lo mejor de Nike, con productos nuevos cada semana y disfruta del envio gratis. Encuentra la Valoracion de nike.com Politica de devoluciones 4,7 (94) Mas de 30 dias parala m",Search,4/16/2025
Nike,Nike - Online Store - The Official Nike Site Discover Products Online At Nike.com. Shop The Official Nike Site. Designed with All Your Needs in Mind Become a Member at Nike.com. Free Delivery For Members. Click & Collect. Pay with PayPal Nike Clothing Nike Shoes Shop At Nike.com Download the Nike App,Search,7/1/2025
Nike,The Official Nike Site - Trusted By Athletes Precision and Performance: the Best Nike Sports Gear forEveryPlayer,Search,9/19/2025
Nike,Nike Air Max: Iconic Styles - Trusted By Athletes Precision and Performance: the Best Nike Sports Gear for Every Player New Releases Shop the Air Max Collection Nike Shoes,Search,9/19/2025
Nike,"The Official Nike Site - Nike - Online Store Discover Products Online At Nike.com. Shop The Official Nike Site. Shop Nike Official. Click & Collect Pay with PayPal. Types: Running, Football, Training & Gym, Basketball, Tennis, Yoga, Golf, Skateboarding Sportswear Rating for nike.com 4.4(25) 1-2 days",Search,9/19/2025
Nike,The Official Nike Site - Unlock Nike Exclusives TransformYour Game & Deliver YourBest Performance with Nike Basketball. Become an Icon Both on & Off Court with the Nike Basketball Collection. Click & Collect. Free Delivery For Members. Pay with PayPal,Search,9/19/2025
Nike,"e P-6000 - Nike e Sportswear Discover P-6000 Online At Nike.com. Shop The Official Nike Site. Shop Nike P-6000. Click & Collect. Pay with PayPal. Types: Running, Football, Training & Gym",Search,9/19/2025
Nike,"The Official Nike Site - Nike Air Force 1 Collection Discover Nike Air Force 1 Online At Nike.com. Shop The Official Nike Site. Your Path To Victory Starts Here: Explore Nike Sportswear. Click & Collect. Pay with PayPal. Types: Running, Football, Basketball",Search,9/19/2025
Nike,The Official Nike Site - Nike England 2026 Kit All England. All-Out Attack. Shop Nike England 2026 National Team Kit. Designed With Aero-Fit To Keep,Search,9/20/2025
Nike,"Qué es la fascitis plantar? iComo se curar? Nike puede MX Esta condicion dolorosa puede sabotear tus entrenamientos, por suerte, existen estrategias para volver a ponerte en marcha",Search,10/7/2025
Nike,Nike - Online Store - The Official Nike Site Prepare for Matchday and Beyond with Official Nike Football Gear. Gear up for Glory on the Pitch. Discover Your Style at Nike.com. Click & Collect. Free Delivery For Members.Become ANike Member,Search,10/22/2025
Nike,"Paris Saint-Germain 26/27 - Découvre Nouveau PSG Découvre PsG sur Nike.com. Commande sur le site officiel Nike. Prepare-toi pour le match et pour le reste Découvre I'équipement de foot Nike officiel. Click & Collect. Payer avec PayPal. Types: Running, Football Training, Basketball, Tennis, Yoga, Golf, Skateboarding Note associée a nike.com Conditions de retour 4,0 (11) 30 jours ou plus pour la p",Search,10/22/2025
Nike,"4.0 (1,719) Sporting goods store Milano Call Website Directions Shop The Latest And Greatest - Discover Products Online At Nike.com. Shop The Official Nike Site Read reviews (1,719)",Search,10/22/2025
Nike,ES - Online Store Discover Products Online At Nike.com. Shop The Official Nike Site,Search,10/22/2025
Nike,Nike DE - Das Neueste und Beste Entdecke Produkte online auf Nike.com - der offiziellen Nike Website. Fur deine Anforderungen entwickelt Click & Collect. Zahle mit PayPal Nike Schuhe Nike - Online-Store Offizielle Nike Website Nike Kleidung Nike New Release,Search,10/22/2025
Nike,Nike - Online Store Discover Products Online At Nike.com. Shop The Official Nike Site,Search,10/22/2025
Nike,Iconos atemporales. Nuevos looks. Compra en Nike.com,Search,10/22/2025
Nike,Nike Men's Tops Discover Nike PLACEHOLDER 1 Online At Nike.com. Shop At Nike.com,Search,10/22/2025
Nike,The Official Nike Site - The Latest Nike Styles Precision and Performance: the Best Nike Sports Gear for Every Player Nike Men's Clothing Nike Men's Vintage Sweatshirts Shop Nike Men's NewReleases Nike Men's Shoes,Search,10/22/2025
Nike,Nike - Tienda online - Sitio web Nike oficial Preparate para el dia del partido y mas con la nueva equipacion de Nike Football Comprar en Nike.com Descubre Football tops en Nike.com y compra en la pagina oficial de Nike Comprar Nike Football tops Equipate para alcanzar la gloria en el campo Descubre tu estilo en Nike.com Nike nuevo Lo ultimo de Nike. Un clasico atrevido,Search,10/22/2025
Nike,"Site Nike officiel - Commande sur Nike.com Découvre les produits sur Nike.com. Commande sur le site officiel Nike. Concus pour répondre a tous tes besoins. Click & Collect. Payer avec PayPal. Types: Running, Football, Training, Basketball, Tennis, Yoga Golf",Search,10/22/2025
Nike,Nike - Online Store - Shop Nike Men's Football Tops Prepare for Matchday and Beyond with Official Nike Football Gear. Gear up for Glory on the Pitch. Discover Your Style at Nike.com. Pay with PayPal,Search,10/22/2025
Nike,The Official Nike Site - Designed For Big Moments Prepare for Matchday and Beyond with Official Nike Football Gear. Gear up for Glory on the Pitch. Discover Your Style at Nike.com. Become A Nike Member,Search,10/22/2025
Nike,"Nike France - Nike - Online Store Shop Nike Official. Timeless Icons. New Looks. Shop At Nike.com. Click & Collect. Pay with PayPal. Types: Running, Football, Training & Gym, Tennis Nike Shoes Nike Clothing NewReleases Shop Classic And Iconic Styles Unlock NikeExclusives",Search,10/22/2025
Nike,"Il sito Nike ufficiale - Acquista online su Nike.com Scopri i prodotti online su Nike.com. Acquista sul sito Nike ufficiale. lcone senza tempo. Nuovi look. Acquista su Nike.com. Click & Collect. Paga con PayPal. Types: Running, Calcio, Allenamento & Gym, Basket, Tennis Yoga, Golf, SB, Sportswear",Search,10/22/2025
Nike,Nike Football: Play with Style - Enhance Your Game Prepare for Matchday and Beyond with Official Nike Football Gear,Search,10/22/2025
Nike,"Barcelona 25/26 - Score Big Offer Landing Soon. Get a Head Start and Explore Your Favourite Styles. Shop Women's Nike F.c. Barcelona Kit. Click & Collect. Become A Nike Member. Pay with PayPal. Types: Running, Football, Training & Gym Basketball, Tennis, Yoga, Golf, Skateboarding",Search,10/23/2025
Nike,"The Official Nike Site - Score Up to 50% Off This is Your Moment. Valid Until 2 Dec 9am CET, While Stocks Last. Prepare for Matchday and Beyond with Official Nike Football Gear. Become A Nike Member Click & Collect. Pay with PayPal. Types: Running, Yoga Rating for nike.com 4.8 (104) Most items 30+ days Nike Men's Football Kits DiscoverNikeMen'sFootball KitsOnlineAt Nike.com. Shop At Nike.com Up to 50% Off Lock In Thousands Of Styles. Get Ready To Score Big Up to 50% off Selected Styles Valid Nov 17 - Dec 2",Search,10/23/2025
Nike,Nike Football Clothing DiscoverNike PLACEHOLDER 1 Online At Nike.com. Shop At Nike.com,Search,10/24/2025
Nike,Nike - Online Store - Discover the Lastest from Nike Designed with All Your Needs in Mind. Become a Member at Nike.com. Discover Products Online At Nike.com. Shop The Nike Shoes Nike Clothing Shop At Nike.com,Search,10/24/2025
Nike,Nike - Online Store - Take Your Skills To The Limit Prepare for Matchday and Beyond with Official Nike Football Gear,Search,10/24/2025
Nike,Nike - Online Store - Game-Day Essentials Prepare for Matchday and Beyond with Official Nike Football Gear. Gear up for Glory on the Pitch. Discover Your Style at Nike.com. Click & Collect Nike Men's Football Tops MensFootball Kits,Search,10/24/2025
Nike,Nike - Oficjalne produkty Nike Przegladaj Nike website. Cztonkostwo daje bezptatna dostawe i bezptatne zwroty na Nike.com,Search,10/24/2025
Nike,The Official Nike Site - Discover the Lastest from Nike Prepare for Matchday and Beyond with Official Nike Football Gear. Gear up for Glory on the Pitch. Discover Your Style at Nike.com. Click & Collect. Pay with PayPal,Search,10/24/2025
Nike,"Nike Football - The Official Nike Site Prepare for Matchday and Beyond with Official Nike Football Gear. Gear up for Glory on the Pitch. Discover Your Style at Nike.com. Free Delivery For Members Click & Collect. Pay with PayPal. Types: Running Football, Training & Gym, Basketball, Tennis, Yoga Rating for nike.com 4.8 (10) Nike - Online Store Nike Football Kits Game-D:",Search,10/24/2025
Nike,"Barcelona 25/26 - Camiseta barcelona Descubre Camiseta barcelona en Nike.com y compra en la pagina oficial de Nike. Preparate para el dia del partido y mas con la nueva equipacion de Nike Football. Click Valoracion de nike.com 4,8 (140) Marca como el FC Barcelona Nueva eguipacion Barcelona Botas de futbol Nike Nike nuevo",Search,10/24/2025
Nike,The Official Nike Site - Discover the Lastest from Nike Precision and Performance: the Best Nike Sports Gear forEveryPlayer,Search,10/24/2025
Nike,The Official Nike e Site - The Latest Nike Styles Designed with All Your Needs in Mind. Become a Member at Nike.com Nike Shoes Nike Online Shop Nike Official,Search,10/24/2025
Nike,"The Official Nike Site - Netherlands 25/26 Discover Men's nike netherlands away kit Online At Nike.com. Shop The Official Nike Site. Shop Men's nike netherlands away kit. Members Get Free Delivery And Returns At Nike.com. Click & Collect. Pay with PayPal Free Delivery For Members. Types: Running, Football New Releases Nike Netherlands 2025 Kit Mens",Search,10/25/2025
Nike,Nike - Online Store - Shop Nike Men's Football Jerseys Prepare for Matchday and Beyond with Official Nike Football Gear Mens Football Kits Own the Field with Nike. Take Your Skills to the Limit The Official Nike Site,Search,10/27/2025
Nike,1 Online At Nike.com. Shop At Nike.com,Search,10/27/2025
Nike,Nike PT - Loja online - O s site oficial da Nike Descobre produtos em Nike.com. Compra no site oficial da Nike,Search,10/27/2025
Nike,Shop Nike Men's - Shop Nike Sportswear Precision and Performance: the Best Nike Sports Gear forEveryPlayer,Search,10/27/2025
Nike,Trusted By Athletes - Nike Headwear - Discover The Latest From Nike Precision And Performance: The Best Nike Sports Gear ForEveryPlayer Shop Nike Caps Nike Sportswear Shop Air Max 95,Search,10/27/2025
Nike,Men's Nike Sportswear - Shop Nike Men's Precision and Performance: the Best Nike Sports Gear forEveryPlayer,Search,10/27/2025
Nike,The Official Nike e Site - Enhance Your Game Prepare for Matchday and Beyond with Official Nike Football Gear Nike - Online Store Nike Football Jerseys Nike,Search,10/27/2025
Nike,Game-Time Gear - Take Your Skills To The Limit Prepare for Matchday and Beyond with Official Nike Football Gear. Gear up for Glory on the Pitch. Discover Your Style at Nike.com. Click & Collect. Free Delivery For Members Nike - Online Store Nike Football: Play with Style Become a Nike Member New Releases Womens Football Kits,Search,10/27/2025
Nike,Discover At Nike.com - Elevate Your Style Precision and Performance: the Best Nike Sports Gear for Every Player Nike Men's Shoes Nike Men's Boots Classic And Iconic Styles,Search,10/27/2025
Nike,Nike Golf Clothing DiscoverNikef PLACEHOLDER 1 Online At Nike.com. Shop At Nike.com,Search,10/27/2025
Nike,Trusted By Athletes - Elevate Your Style Precision and Performance: the Best Nike Sports Gear forEveryPlayer,Search,10/27/2025
Nike,Take Your Skills To The Limit - Nike: Support Your Team Prepare for Matchday and Beyond with Official Nike Football Gear. Gear up for Glory on the Pitch. Discover Your Style at Nike.com. Click & Collect. Pay with PayPal Rating for nike.com 4.5 1 (25) +%96,Search,10/27/2025
Nike,"Tienda Oficial Nike Encuentra tus productos Nike en la Tienda Oficial Ingresa y Compra con Envios Gratis Disponible en Nike.com. Nuevos Lanzamientos. Envios de 1 a 4 dias Modelos: Air Max, Air Force 1, Court Vision, Pegasus Calzado Rebajas SNKRS Ropa Nike I Sitio Web Oficial",Search,11/15/2025
Nike,"Meses Sin Intereses - Obtén beneficios exclusivos Estrena tecnologia y estilo con productos 100% originales y envio gratuito para miembros Registrate como Miembro: Meses Sin Intereses con tarjetas Valoracion de nike.com 4,7 (106)",Search,11/16/2025
Nike,"Caitlin Clark From Anywhere - Shop the Latest Nike? Release Explore latest Caitlin Clark gear from Nike? with iconic style and performance for fans. Browse new basketball apparel, shirts, hoodies & jerseys for every Caitlin Clark fan. Live Support Available. Types: Student Discount Military Discount, First Responder Discount Rating for nike.com 4.7 (6,710) +%66",Search,12/25/2025
Nike,Shop Nike? Football Gear - Football's Biggest Weekend - Nike? Just Do It Get ready for football's biggest weekend with Nike? football apparel. Shop Nike? football gear designed for championship Nike New Releases Nike?Football Game Day Starts with Nike Nike Men's Clearance Nike Promos & Coupons,Search,1/29/2026
Nike,"Shop official Nike NBA gear and represent your team with pride. Gear Up For Sport And Style With Nike Products Designed For Performance And Comfort Rating for nike.com 4.7 (6,273) 95-100%",Search,2/19/2026
Nike,"Apparel & Gear Support your NBA team with official Nike? gear and represent with pride. Gear Up For Sport And Style With Nike Products Designed For Performance And Comfort Rating for nike.com 4.7 (6,164) 1-3 days",Search,2/20/2026
Nike,"Gear up in official Nike NBA gear and represent your team on game day. Gear Up For Sport And Style With Nike Products Designed For Performance And Comfort Live Support Available. Styles: Men's, Women's, Boys' Girls' Rating for nike.com 4.7 1 (6,273) Most items 60+ days",Search,2/25/2026
Nike,"Shop Nike? Back To School - Back To School Shoes & More Use promo code DAYONE to get an extra 25% off on select styles. Score up to 50% off select Nike styles this Back to School season. Live Support Available Types: Student Discount, Military Discount, First Responder Discount, Member Exclusive Nike Promos & Coupons Nike Backpacks, Shoes",Search,7/20/2026
Nike,Shop Nike? Back To School - Nike? Winflo Running Shoes Use promo code DAYONE to get an extra 25% off on select styles,Search,7/21/2026
Nike,"Shop Nike? Back To School - Shop Nike Pegasus 41 Use promo code DAYONE to get an extra 25% off on select styles. Shop Nike? Men's Pegasus running shoes that align with your pace and go the distance. Nike? Shoe Finder Rating for nike.com 4.7 (6,206) Shop Nike Pegasus 42 Nike Free Men's Shoes",Search,7/21/2026
Nike,Shop Nike? Back To School - Nike? Official Site Use promo code DAYONE to get an extra 25% off on select styles. Start the school year strong with women's Nike? gear for school and sport. Shop now. Live Support Available Shop Kids School Deals Save an extra 25% off Nike? Back to School for kidswithcodeDAYONE Nike Kids' Clearance,Search,7/21/2026
Nike,Shop Nike? Back To School - Nike? x LEGO? Partnership Use promo code DAYONE to get an extra 25% off on select styles. Nike x The LEGO? GroupInspiring a world where sport and creative play always wins Shop Nike Pegasus 42 Full-length Air Zoom cushioning. ReactX foam Foreverydayroadruns Nike Kids Shoes Shop kids Nike shoes. Find styles & sizes for all ages,Search,7/21/2026
Nike,Shop Nike? Back To School - Nike? Soccer Cleats & More Use promo code DAYONE to get an extra 25% off on select styles Nike Soccer Cleats Shop Nike Soccer Cleats Nike Soccer Shoes Shop Nike Pegasus 42 Nike: Engineered for Athletes,Search,7/21/2026
Nike,"Shop Nike? Back To School - Browse Women's Golf Apparel Use promo code DAYONE to get an extra 25% off on select styles. Designed and created to enable outstanding performance, the Nike golf collection Empower your game. Live Support Available. Athletes' top pick Rating for nike.com 4.7 ↓ (6,273) Most items 60+ days",Search,7/21/2026
Nike,Shop Nike? Back To School - Nike Skateboarding Collection Use promo code DAYONE to get an extra 25% off on select styles. Nike? skateboarding gear inspired by the pros. Shop your style now. Athletes' top pick. Empower your game. Live Support Available. Styles: Bottoms Tops,Search,7/21/2026
Nike,Shop Nike Back To School - Shop Nike? Pullovers Use promo code DAYONE to get an extra 25% off on selectstyles,Search,7/21/2026
Nike,Shop Nike? Back To School - Women's Nike Motiva Shoes - Nike Use promo code DAYONE to get an extra 25% off on select styles. The Nike Motiva pairs plush cushioning with a Shop Nike? Zoom Skylon 11 Nike New Releases Shop Nike Pegasus 42 Browse Women's Shoes Nike? Official Site,Search,7/21/2026
Nike,"Shop Nike? Back To School - Shop Jordan 3 Use promo code DAYONE to get an extra 25% off on select styles. Built on defiance, tradition, and a legacy larger than game. Women's Jordan shoes. Live Support Available. Styl NikeNewReleases Jordan Women's Collection",Search,7/21/2026
Nike,Shop Nike? Back To School Use promo code DAYONE to get an extra 25% off on select styles. Men's boots made for any adventure Shop Nike? Boots Nike Men's Shoes Shop Men's School Deals,Search,7/21/2026
Nike,"Shop Nike? Back To School - Nike? Official Site Use promo code DAYONE to get an extra 25% off on select styles Based on user reviews, shoppers appreciate Nike's high-quality athletic apparel and footwear, fast shippin",Search,7/21/2026
Nike,"Shop Nike? Back To School - Nike? Softball Cleats & More Use promo code DAYONE to get an extra 25% off on select styles. Shop thenewNike?softballcleatsfor ultimate cushioning & stability. Live Support Available. Athletes' top pick Rating for nike.com 4.7 (6,149)",Search,7/21/2026
Nike,"Shop Nike? Back To School - Browse Kids Football Gear Use promo code DAYONE to get an extra 25% off on select styles. Designed and created to enable outstanding Based on user reviews, shoppers appreciate Nike's high-quality athletic apparel and footwear,... More v Kids Nike Football Gear Shop Kids School Deals Nike Football Gear Men's Nike Football Gear Back to School Savings Nike: Engineered for Athletes 山 Install",Search,7/21/2026
Nike,"Shop Nike Back To School - Shop Jordan Clothes Use promo code DAYONE to get an extra 25% off on select styles. Built on defiance, tradition, and a legacy larger than Kids' Jordan Clothing Shop Kids School Deals",Search,7/21/2026
Nike,Shop Nike Back To School - Shop Nike? Easy On/Off Shoes Use promo code DAYONE to get an extra 25% off on select styles Elevate your shoe collection with the latest Nike men's easy on/off footwear. Shop now. Live Support,Search,7/21/2026
Nike,"Shop Nike? Back To School - Nike? Revolution Shoes Use promo code DAYONE to get an extra 25% off on select styles. Shop Revolution running shoes that align with your pace and are made to go the distance. Nike? Shoe Finder Rating for nike.com 4.7 \ (6,241)",Search,7/21/2026
Nike,"Shop Nike? Back To School - Shop Nike? Dunk Retros Use promo code DAYONE to get an extra 25% off on select styles. The Dunk Shoe has earned its status as a sneaker icon. Shop now at Nike? Live Support Available. Styles: Dun Based on user reviews, shoppers appreciate Nike's nigh-quality athletic apparel and footwear,... More v",Search,7/21/2026
Nike,"Shop Nike? Back To School - Shop Jordan 5 Use promo code DAYONE to get an extra 25% off on select styles. Built on defiance, tradition, and a legacy larger than game. Shop Men's Jordan shoes. Live Support Available. Styles: Air Jordan 1, Air Jordan 11 JordanMid,JordanLow Rating for nike.com 4.7 (6,288) 1-3 days",Search,7/21/2026
Nike,"Shop Nike? Back To School - Shop Nike? Pegasus 42 Use promo code DAYONE to get an extra 25% off on select styles. Nike? Pegasus 42 balances cushioning and support, ideal for logging miles at any pace. Running Shoe Best Sellers Rating for nike.com 4.7 (6,158)",Search,7/21/2026
Nike,"Shop Nike? Back To School - Nike? Soccer Gear & More Use promo code DAYONE to get an extra 25% off on select styles. Designed and created to enable outstanding performance. Shop now at Nike?. Live Support Available. Styles: Cleats, Bottoms, Tops Jerseys Nike Soccer Accessories Gear up for all your training, practices and competitions Browse Kids Soccer Gear",Search,7/21/2026
Nike,"Shop Nike Back To School - Shop Nike? Air Monarchs - Nike? Just Do It Use promo code DAYONE to get an extra 25% off on select styles. Shop Nike Air Monarch training shoes Enhanced flexibility, comfort & support. Live Support Available Rating for nike.com 4.7 \ (6,206)",Search,7/21/2026
Nike,Shop Nike Back To School - Shop Nike Leather Shoes Use promo code DAYONE to get an extra 25% off on select styles Elevate your shoe collection with the atest Nike? men's leather footwear Shop now. Live Support Available,Search,7/21/2026
Nike,"Shop Nike? Back To School - Shop Nike?Tracksuits Use promo code DAYONE to get an extra 25% off on select styles. Nike? offers ultimate selection of Nike? clothing, shoes & more. Shop Nike? apparel. Live Support Available. Styles: Dresses, Sets, Tracksuits Rompers",Search,7/21/2026
Nike,"Shop Nike Back To School - Nike? Official Site Use promo code DAYONE to get an extra 25% off on select styles Women's slides designed for comfort at every step. Shop now at Nike? Live Support Available Rating for nike.com 4.7 \ (6,246)",Search,7/21/2026
Nike,"Shop Nike Back To School - Shop Nike? Fleece Sweatpants Use promo code DAYONE to get an extra 25% off on select styles. Get geared up & take on any activity in style. Available now at Nike?. Live Support Available. Styles: Joggers Rating for nike.com 4.7 \ (6,206)",Search,7/21/2026
Nike,Shop Nike Back To School - Shop Nike?Fleece Shorts Use promo code DAYONE to get an extra 25%off on select styles,Search,7/21/2026
Nike,"Shop Nike Back To School - Nike? Official Site - NIKEiD Is Now Nike By...: Use promo code DAYONE to get an extra 25% off on select styles Rating for nike.com 4.7 1 (6,273) Most items 60+ days",Search,7/21/2026
Nike,"Shop Nike? Back To School - Browse Men's Swimsuits Use promo code DAYONE to get an extra 25% off on select styles. Comfortable, performance fit built for in & out of the water. Shop now at Nike. Live Support Available. Styles: Swim Tops, Swim Bottoms Accessories Rating for nike.com 4.7 \ (6,273) 1-3 days Men's Swim Tops Boys & Girls Swimwear Sh",Search,7/21/2026
Nike,Shop Nike Back To School - Shop Nike? Quest Running Shoes Use promo code DAYONE to get an extra 25% off on select styles. Shop Nike? Quest running shoes that align with your pace and are made to go the distance,Search,7/21/2026
Nike,"Shop Nike? Back To School - Nike? Custom Basketball Shoe - NIKEiD Is Use promo code DAYONE to get an extra 25% off on select styles. Shop your true style now with the Nike By You A'ja Wilson Collection Unleash your inner-athlete with A'ja Wilson shoes, apparel &more",Search,7/21/2026
Nike,Shop Nike? Back To School - Shop Nike Running Shoes Use promo code DAYONE to get an extra 25% off on select styles Air Zoom Alphafly Women's Running Shoes Men's Running Shoes Shop Nike? Running Shoes,Search,7/21/2026
Nike,"Shop Nike? Back To School - Nike? Official Site Use promo code DAYONE to get an extra 25% off on select styles. Designed for maximum power, speed & traction. Shop track & field gear at Nike? Rating for nike.com 4.7 (6,182) 山 Install",Search,7/21/2026
Nike,"Shop Nike? Back To School - Nike? Metcon Training Shoes Use promo code DAYONE to get an extra 25% off on select styles. Shop limited select styles & see new prices when added to your cart. Live Support Available. Styles: Air Rating for nike.com 4.7 \ (6,273)",Search,7/21/2026
Nike,Shop Nike? Back To School - Shop Nike?Dance Shoes Use promo code DAYONE to get an extra 25% off on select styles. Shoes designed for performance and total comfort New Nike? Sportswear - Nike best selling shoes,Search,7/21/2026
Nike,Shop Nike? Back To School - Shop Nike Jackets & Vests Use promo code DAYONE to get an extra 25% off on select styles. Shop your style with the latest jackets & vestsfromNike?.Browsethe collection now. Live Support 山 Install,Search,7/21/2026
Nike,"Shop Nike? Back To School - Nike? Masters Golf Shoes Use promo code DAYONE to get an extra 25% off on select styles Designed and created to enable outstanding performance, the Nike? golf collection. Live Support Availab Nike Golf Shoes Nike New Releases Nike? Masters Gear Nike Golf Polos Men's Golf Collection",Search,7/21/2026
Nike,) Back To School - Ace the Nike? Tennis - Browse Court Men's Use promo code DAYONE to get an extra 25% off on select styles. Dominate every surface and ace your look. Shop Nike? tennis collection for men,Search,7/21/2026
Nike,Shop Nike? Back To School Use promo code DAYONE to get an extra 25% off on select styles. Nike x The LEGO? Grouplnspiring a world where Nike? x LEGO? Partnership Shop Nike Pegasus 42,Search,7/21/2026
Nike,Shop Nike Back To School - Shop Jordan Jumpmans Use promo code DAYONE to get an extra 25% off on select styles Jordan New Releases Shop the Jordan collection on Nike. Explore the atestJordanproducts Men's Jordan Shoes,Search,7/21/2026
Nike,"Shop Nike? Back To School - Shop Jordan 6 Use promo code DAYONE to get an extra 25% off on select styles. Built on defiance, tradition, and a legacy larger than game. Shop Men's Jordan shoes. Live Support Available. Styles: Air Jordan 1, Air Jordan 11 JordanMid,JordanLow,JordanRetro Rating for nike.com 4.7 (6,241) 1-3 days",Search,7/21/2026
Nike,"Shop Nike? Back To School - Nike? Official Site Use promo code DAYONE to get an extra 25% off on select styles. Be comfortable and confident in whatever you wear. Fleece shorts made to move with you. Live Support Available. Styles: Joggers, Sweatpants Training Tights, Yoga Pants, Shorts Plus Size Pants & Tights New NikeSKIMS Styles Nike? Just Do It Shop Nike? Fleece Shorts",Search,7/21/2026
Nike,"Shop Nike? Back To School - Shop Nike? Dance Shoes Use promo code DAYONE to get an extra 25% off on select styles. Shoes designed for performance and total comfort. Gear up at Nike?. Live Support Available Styles: C1TY, Cortez, Huarache, Motiva, Presto, Shox VaporMax Rating for nike.com 4.7 → (6,206) 1-3 days Browse Nike Gear For Athletes A'ja Wilson Colle",Search,7/21/2026
Nike,"Shop Nike? Back To School - Shop Jordan 8 Use promo code DAYONE to get an extra 25% off on select styles. Built on defiance, tradition, and a legacy larger than game. Shop Nike Jordan shoes. Live Support Available. Styles: Air Jordan 1, Air Jordan 11 JordanMid,JordanLow,JordanRetro Rating for nike.com 4.7 ↓ (6,273) 1-3 days",Search,7/21/2026
Nike,Shop Nike Back To School - Shop )DunkLow Nike? Tops Use promo code DAYONE to get an extra 25% off on selectstyles,Search,7/21/2026
Nike,"Shop Nike? Back To School - Shop Jordan 8 Use promo code DAYONE to get an extra 25% off on select styles. Built on defiance, tradition, and a legacy larger than game. Shop Men's Jordan shoes. Keep the legacy alive with a pair of Jordan 8's. Shop now",Search,7/21/2026
Nike,"Shop Nike? Back To School - Browse Women's Soccer Gear Use promo code DAYONE to get an extra 25% off on select styles. Designed and created to enable outstanding performance. Shop now at Nike?. Athletes top pick. Empower your game. Live Support Available Styles: Cleats, Bottoms, Tops, Accessories, Jerseys Rating for nike.com 4.7 (6,273) Most items 60+ days",Search,7/21/2026
Nike,"Shop Nike Back To School - Browse Lacrosse Cleats Use promo code DAYONE to get an extra 25% off on select styles. Designed and Rating for nike.com 4.7 \ (6,273) Most items 60+ days Women's Lacrosse Shoes Men's Lacrosse Shoes",Search,7/21/2026
Nike,Shop Nike Back To School - Browse Women's Golf Shoes Use promo code DAYONE to get an extra 25% off on select styles. Hit the links with the latest Nike golf gear to chase,Search,7/21/2026
Nike,Shop Nike Back To School - Shop Nike? Air Max 270 Use promo code DAYONE to get an extra 25% off on select styles. Add a classic to your sneaker rotation with a pair of Air Max 270 from Nike?. Live Support Available. Styles: Air Max 9,Search,7/21/2026
Nike,"Shop Nike Back To School - Nike? Kids' Daily Shoes Use promo code DAYONE to get an extra 25% off on select styles Rating for nike.com 4.7 (6,158) 95-100% Shop Kids School Deals Newwomen'sshoes",Search,7/27/2026
Nike,"Shop Nike Back To School - Shop Nike? Online Use promo code DAYONE to get an extra 25% off on select styles. Shop running shoes built for marathon training and race day at Nike. Nike? Running Shoes Running Shoe Best Sellers. Made for your pace. Nike? Shoe Finder. Perfect for your workout. Athletes' top Rating for nike.com 4.7 (6,182) 1-3 days",Search,7/27/2026
Nike,Shop Nike Back To School - Free Shipping On Orders $75+ Use promo code DAYONE to get an extra 25% off on select styles. Nike cushioned running,Search,7/27/2026
Nike,"Shop Nike? Back To School - Nike? Kids' Futsal Shoes Use promo code DAYONE to get an extra 25% off on select styles. Shop Nike? kids futsal shoes designed for every Rating for nike.com 4.7 (6,140) 95-100% Nike Soccer Shoes Find the soccer cleats that align with your style of play at Nike",Search,7/27/2026
Nike,Shop Nike Back To School - Free Shipping On Orders $75+ Use promo code DAYONE to get an extra 25% off on select styles. Shop the running shoes that provide,Search,7/27/2026
Nike,Shop Nike? Back To School - Nike Pickleball Shoes Use promo code DAYONE to get an extra 25% off on select styles. Dominate every surface and ace your look. Shop Nike? pickleball gear. Athletes' top pick Empower your game. Live Support Available,Search,7/27/2026
Nike,Shop Nike? Back To School - Shop Nike?Online Use promo code DAYONE to get an extra 25% off on selectstyles,Search,7/27/2026
Nike,"Shop Nike Back To School - Shop Nike? Online Use promo code DAYONE to get an extra 25% off on select styles. Run faster in Nike? running shoes designed for speed and responsiveness. Nike? Shoe Finder. Nike? Running Shoes. Shop Shoes by Type Made for your pace. Running Shoe Best Sellers Rating for nike.com 4.7 → (6,195) 95-100%",Search,7/27/2026
Nike,"Shop Nike? Back To School - Nike? Women's Running Shoes Use promo code DAYONE to get an extra 25% off on select styles. Run faster in Nike? running shoes designed for speed and responsiveness. Running Shoe Best Sellers. Nike? Running Shoes. Made for your pace. Perfect for your workout. Athletes' top pick Rating for nike.com 4.7 ↓ (6,206) 95-100% Nike Running Shoe Finder Shop Nike? Running",Search,7/27/2026
Nike,Shop Nike? Back To School - Nike Men's Activewear Use promo code DAYONE to get an extra 25% off on select styles. Shop Nike? men's apparel for training,Search,7/28/2026
Nike,) Back To School - Free Shipping On Orders $75+ Use promo code DAYONE to get an extra 25% off on select styles. Shop Nike? women's shoes designed for daily wear and lasting comfort,Search,7/28/2026
Nike,Shop Nike Back To School - Nike? For Every Run Use promo code DAYONE to get an extra 25% off on select styles. Shop men's running shoes that provide the everyday versatility you need at Nike. Athletes' top pick. Made for your pace. Running Shoe Best Sellers Shop Shoes by Type. Perfect for your workout,Search,7/28/2026
Nike,"Shop Nike Back To School - Shop Nike? Online Use promo code DAYONE to get an extra 25% off on select styles. Shoes designed for travel, commuting and total comfort. Gear up at Nike?. Live Support Available Rating for nike.com 4.7 \ (6,149) +%66 A'ja Wilson Collection Newwomen's shoes",Search,7/28/2026
Puma,RS-X Collection - RSX PUMA Join the PUMA family. Shop the classics & new releases at PUMA.com Men'sNewArrivals Our Latest in Footwear & Apparel. Men's New Arrivals Now Available PUMA Suede Collection A kick that's truly for all time. Complete your look on PUMA.com PUMA RS X3 Shop PUMA For Classic Looks,Search,10/25/2021
Puma,"PUMA Toddler Shoes - PUMA? Kids - Official Store PUMA Infant & Toddler Sets For Your Trendsetter In Training. Shop Online Now. Browse Shoes, Clothes And More. Looks For The Whole Family. $20 Expedited Shipping Up To 60% Off PUMA.com New To Sale PUMA Running",Search,10/25/2021
Puma,"Official PUMA? Store - PUMA Kid Shoes Join the PUMA family. Shop the classics & new releases at PUMA.com Sport Meets Streetstyle. Shop Kids Shoes, Clothes And More. Pay With Apple Pay Overnight Ship Available. $20 Expedited Shipping. Free Shipping Over $60 Rating for puma.com 4.7 (13) New To Sale Men's New Arrivals PUMA Suede Co",Search,10/25/2021
Puma,Explore New Arrivals - Official PUMA? Apparel Store The Fastest Sports Brand in the World. Shop PUMA? Now. Performance Gear Built for Speed. Shop PUMA - Overnight Ship Available. $20 Expedited Shipping. Free + Easy Returns. Free Shipping Over $60. Pay With Apple Pay Rating for puma.com 4.6↓ (42) 1-5 days Women's New Arrivals PUMA Suede Collection,Search,10/25/2021
Puma,"PUMA USA - Official PUMA? Store Shop PUMA.com. Give your friends $25 off their first order and earn $25 The Fastest Sports Brand in the World. Shop PUMA? Now. $20 Expedited Shipping Rating for puma.com 4.7 1 (43) Most items 45+ days US PUMA Store Give $25 Off, Get $25 Off Shop PUMA? Online Women's New Arrivals",Search,10/25/2021
Puma,"PUMA Running Shoes - Official PUMA? Store Try our top-rated NITRO ™ running shoes risk-free - no strings attached, for up to 30 days Hit the road. Trail. Or anything in between. Go the distance in PUMA Rating for puma.com 4.7 (45) Most items 45+ days",Search,10/25/2021
Puma,PUMA Roma - Classic PUMA Shoes 4.6 advertiser rating Join the PUMA family. Shop the classics & new releases at PUMA.com Performance Gear Built for Speed. Shop PUMA - Forever Faster Men's New Arrivals : New To Sale : Log In,Search,10/25/2021
Puma,"Official PUMAR Store - PUMA? Apparel, Shoes & More Join the PUMA family. Shop the classics & new releases at PUMA.com Performance Gear Built for Speed. Shop PUMA - Forever Faster. $20 Expedited Shipping. Fr PUMA.com Semi-Annual Sale Give $25 Off, Get $25 Off End of Season - Up to 60% off hundreds of sty Valid Dec 18 - Feb 1",Search,10/25/2021
Puma,"PUMA? México - PUMA? México Hasta -50% Off Descubre los Ultimos Lanzamientos y Colecciones Exclusivas. Compra en PUMA? Tienda Online Running, training, lifestyle y mas en PUMA.com. Envio gratis en compras mayores a $1,299. Estilos: Basquetbol, Futbol Hasta 50% Off en tacos de futbol seleccionados* Conoce los Modelos en PUMA.com Hasta 50% de descuento en seleccionados Valido desde el 23 may hasta el 3 jun",Search,10/25/2021
Puma,"Tienda Oficial PUMA? - Compra y Ahorra Hoy Compra PUMA? Y Obten Un Estilo Clasico. Zapatos Ropa, Accesorios, Y Mas. El Deporte Se Encuentra Con El Estilo Callejero. Devoluciones Gratis Zapatos Para Mujeres Zapatos Para Hombres Zapatos & Ropa De PUMA? PUMA Para Correr Venta de Media Temporada",Search,10/25/2021
Puma,"PUMA Indoor Soccer Shoes - PUMA Soccer Shoes Turf Join the PUMA family. Shop the classics & new releases at PUMA.com The Fastest Sports Brand in the World. Shop PUMA? Now. Overnight Ship Available PUMA Mens Soccer Cleats Give $25 Off, Get $25 Off",Search,10/25/2021
Puma,PUMA Slides - PUMA Flip Flops Join the PUMA family. Shop the classics & new releases at PUMA.com The Fastest Sports Brand in the World. Shop PUMA? Now. Overnight Ship Available Free + Easy Returns PUMA Black Friday Sale Take up to 50% off must-have gifts Shop now to save and score Men's New Arrivals PUMA Sandals PUMA Running Black Friday : Up to 50% off must-have styles Valid Nov 24 - Nov 30,Search,10/25/2021
Puma,Jersey Man City - BVB Jersey Unete a la familia de PUMA. Compra los lasicos y lo ultimo en PUMA.com Equipo de Desempeno para un Estilo de Vida,Search,10/25/2021
Puma,Performance on All Levels - PUMA Indoor Soccer Cleats Join the PUMA family. Shop the classics & new releases at PUMA.com Performance Gear Built for Speed. Shop PUMA - Forever Faster. Free + Easy Returns. Free Shipping over $50. Overnight Ship Available. $20 Expedited Shipping PUMA Suede Collection : PUMA Running,Search,10/25/2021
Puma,"Official PUMA? Store - Shop Official PUMA Gear - Step Up Your Routine Crafted with Performance Fabrics. Shop the Official PUMA? Store Now. The Fastest Sports Brand in the World. Shop PUMA? Now. Overnight Ship Available $20 Expedited Shipping. Pay With Apple Pay Women's New Arrivals Our Latest in Footwear &Apparel.Women's New Arrivals NowAvailable PUMA? Shoes, Apparel, & More Apparel, Shoes & More New To Sale",Search,10/25/2021
Puma,PUMA Cleats - PUMA Soccer Cleats Join the PUMA family. Shop the classics & new releases at PUMA.com Performance Gear Built for Speed. Shop PUMA - Forever Faster,Search,10/25/2021
Puma,"PUMA Flagship - New.. : 4,5 ↓ (788) Tienda de ropa de deportes New York Sitio Llamar Ruta Leer resenas (788) Acerca de este negocio",Search,10/25/2021
Puma,"Puma Training Shoes - Shop PUMA? Training Shoes Join the PUMA family. Shop the classics & new releases at PUMA.com Verified business PUMA 30% Off Sale Styles Give $25 Off, Get $25 Off New To Sale 30% off select styles CodeREFRESH:ValidJan8-Jan12",Search,10/25/2021
Puma,Sneakers - Explore NewArrivals Get the Latest in Performance and Lifestyle. Shop New PUMA Collections Now. Join the PUMA family. Shop the classics & new releases at PUMA.com,Search,10/25/2021
Puma,"PUMA Gorros - Calcetines PUMA Hechos de Materiales para Desempeno. Disenado con el Estilo en Mente. Equipamiento deportivo para un Estilo de Vida Rapida. Compra en PUMA. Devoluciones Gratis. Envio Rapido Por Solo $20. Envio al Dia Siguiente. Envio Gratis En $60+ Bolsos, Gorros y Mas en PUMA? Compra PUMA? Ofertas de otono - 50% de descuento en sele Valido desde el 14 sept hasta el 21 sept",Search,10/25/2021
Puma,"PUMA RSX - PUMA Puzzle Unete a la familia de PUMA. Compra los lasicos y lo ultimo en PUMA.com Equipamiento deportivo PUMA.com Hasta 40% Off PUMA Para Correr Zapatos Para Hombres PUMA Para Entrenar Compra Nuevos Estilos PUMA I Clothes & Sho Descargar 4,7(106.499)",Search,10/25/2021
Puma,"PUMA Baby Shoes - PUMA Infant PUMA? Infant & Toddler Sets For Your Trendsetter In Training. Shop Online Now. Browse Shoes, Clothes And PUMA? Infant & Toddler Sets PUMA Baby Clothes",Search,10/25/2021
Puma,"Shop PUMA Soccer - Gear Up With PUMA Soccer Seen on the highlight reels of the game's most exciting players, shop PUMA Soccer The Fastest Sports Rating for puma.com 4.6 (61) Most items45+days",Search,10/25/2021
Puma,PUMA Women's - Shop PUMA? Shoes Get the Latest in Performance and Lifestyle. Shop New PUMA Collections Now * Verified business Rating for puma.com 4.6 ↓ (30) PUMA 30% Off Sale Celebrate Lunar New Year with 30% off orders of $100+ at PUMA.com Women's New Arrivals Our Latest in Footwear & Apparel. Women's NewArrivals NowAvailable 30% off orders $100+ Code LUCKY . Valid Jan 27 - Jan 31,Search,10/25/2021
Puma,"PUMA Running - PUMA Mens Running Shoes Try our top-rated NITRO ™ running shoes risk-free - no strings attached, for up to 30 days Push the pace PUMA performance running is built for speed and style",Search,10/25/2021
Puma,Official PUMA? Store - PUMABack Pack Crafted with Performance Fabrics. Designed With Style In Mind Rating for puma.com 4.7(15),Search,10/25/2021
Puma,"PUMA? Tienda Oficial - PUMA? México - Tienda Online Llego el Black Friday a PUMA Mexico. Hasta 50% off en Seleccionados. Aplican T&C. Conoce los Tenis de PUMA?. Tenis para Running, Entrenamiento, Lifestyle y mas. Coleccion PUMAx Formula 1. Conoce los Lanzamientos. Colecciones Exclusivas. Envio Gratis* Nuevas Colecciones PUMA? Black Friday PUMA Hasta 50% de descuento en seleccionados por Valido desde el 25 nov hasta el 1 dic",Search,10/25/2021
Puma,Join the PUMA family. Shop the classics & new releases at PUMA.com,Search,10/25/2021
Puma,PUMA.com - Future Rider Unete a la familia de PUMA. Compra los lasicos y lo ultimo en PUMA.com La Marca Deportiva Mas Rapida del Mundo. Compra PUMA? Ahora. Envio Rapido Por Solo $20 Zapatos Para Mujeres Consigue Nuestras Colecciones El Deporte Se Encuentra Al Estilo PUMA Zapatillas De Tenis PUMA Suede 40% de descuento en 4 é mas articulos Codigo STOCKUP . Valido desde el 12 jul hasta el 21 jul,Search,10/25/2021
Puma,"PUMA Performance - Available On PUMA.com Find inspiration & explore workout tops, training hoodies & active collections on PUMA.com Free + Easy Returns. Overnight Ship Available. $20 Expedited Shipping PUMA Running Go the distance. Shop the latest in PUMA Running on PUMA.com PUMA Sport Train With PUMA Men's New Arrivals 40% off 4+ items Code STOCKUP . Valid Jul 12 - Jul 21",Search,10/25/2021
Puma,"PUMA.com - PUMA Kids Join the PUMA family. Shop the classics & new releases at PUMA.com Sport Meets Streetstyle. Shop Kids Shoes, Clothes And More. Overnight Ship Available",Search,10/25/2021
Puma,"15% Off en tu Primera Compra - Envio Gratis sobre $1,299 MXN Descubre los Ultimos Lanzamientos y Colecciones Exclusivas. Compra en PUMA? Tienda Online",Search,10/25/2021
Puma,PUMA.com - PUMA Suede A kick that's truly for all time. Put your own spin on a PUMA classic in the Suede Worn by icons of every generation. Explore the classic Suede on PUMA.com PUMASuede For Women 50% Off Sale PUMA Su,Search,10/25/2021
Puma,15% Off en tu Primera Compra - PUMAR México Encuentra todo para entrenar en PUMA? Store Oficial Obtén 15% Off en tu primer compra T&C Descubre los Ultimos Lanzamientos y Colecciones Exclusivas Compra en PUMA? Tienda Online. PUMA? Speedcat PUMA? x Formula 1 PUMA la Marca mas Rapida Conoce la Nueva Coleccion Formula 1 PUMA? x Suede XL Futbol PUMA? Tienda Oficial PUMA?,Search,10/25/2021
Puma,"Hasta 50% Off en Seleccionados - PUMA? México Encuentra todo para entrenar en PUMA Store Oficial Obten 15% Off en tu primer compra T&C Running training, lifestyle y mas en PUMA.com. Envio gratis en compras mayores a",Search,10/25/2021
Puma,Official PUMA Site - Official PUMA? Store Shop PUMA.com. Give your friends $25 off their first order and earn $25 Join the PUMA family. Shop the classics &new Up to 60% off PUMA.com CodeBIGDEAL : ValidApr 15-Apr 21,Search,10/25/2021
Puma,PUMA Workout Shoes - Puma Workout Shoes Join the PUMA family. Shop the classics & new releases at PUMA.com The Fastest Sports Brand in the World. Shop PUMA? Now. Free + Easy Returns. Pay With Apple Pay,Search,10/25/2021
Puma,"Tienda Oficial PUMA? - Compra y Ahorra Hoy Compra PUMA Y Obten Un Estilo Clasico. Zapatos Ropa, Accesorios, Y Mas. El Deporte Se Encuentra Con El Estilo Callejero. Envio Rapido Por Solo $20 Zapatos Para Mujeres Consigue Nuestras Colecciones El Deporte Se Encuentra Al Estilo Zapatos Para Hombres Compra Nuevos Estilos PUMA Para Correr",Search,10/25/2021
Puma,"Official PUMA? Apparel Store - Shop Official PUMA Gear Performance Gear Built for Speed. Shop PUMA - Forever Faster. The Fastest Sports Brand in the World Shop PUMA? Now. $20 Expedited Shipping. Pay With Apple Pay Rating for puma.com 4.6 Give $25 Off, Get $25 Off Dads & Grads Deal Nev",Search,10/25/2021
Puma,"Mexico - Tienda Online - PUMA? Tienda Oficial PUMA Tenis, Sudaderas, Playeras y mucho mas. Conoce los ultimos anzamientos ahora",Search,10/25/2021
Puma,Shop PUMA - Shop PUMA Shoes Join the PUMA family. Shop the classics & new releases at PUMA.com The Fastest Sports Brand in the World. Shop PUMA? Now. Free + Easy Returns. $20 Expedited Shipping. Free Shipping Over $60. Pay With Apple Pay. Overnight Ship Available. Types: Classics Men's New Arrivals Women's New Arrivals PUMA Suede Collection New To Sale PUMA Running,Search,10/25/2021
Puma,A kick that's truly for all time. Put your own spin on a PUMA classic in the Suede Worn by icons of every generation. Explore the,Search,10/25/2021
Puma,PUMAUSA - Siempre Mas F Rapido con PUMA Unete a la familia de PUMA. Compra los lasicos y lo ultimo en PUMA.com,Search,10/25/2021
Puma,"US PUMA Store - US PUMA Sale Shop PUMA.com. Give your friends $25 off their first order and earn $25 50% Off Select Styles Shop 50% off select styles, spend $100+ and get a $15 backpack 50% off select styles Valid Jul 22 - Jul 30",Search,10/25/2021
Puma,PUMA? Men - Official PUMA? Apparel Store Join the PUMA family. Shop the classics & new releases at PUMA.com Shop PUMA Markdown Sale Gifts For Athletes,Search,10/25/2021
Puma,"PUMA Shoes For Women - Official PUMA? Apparel Store Join the PUMA family. Shop the classics & new releases at PUMA.com Performance Gear Built for Rating for puma.com 4.6\ (42) New To Sale Stock Up & Save Sale Give $25 Off, Get $25 Off 40% off 4+ items Code STOCKUP . Valid Jul 12 - Jul 21",Search,10/25/2021
Puma,"PUMA Official Site - Official PUMA? Store Shop PUMA.com. Give your friends $25 off their first order and earn $25 Join the PUMA family. Shop the classics & new releases at PUMA.com 50% Off PUMA Sitewide Men'sNewArrivals New To Sale Give $25 Off, Get $25 Off",Search,10/25/2021
Puma,"Explore New Arrivals - Step Up Your Routine Get Cozy in Our Essential Loungewear Styles with Hoodies, Tees, Sweatpants and More. Join the PUMA family. Shop the classics & new releases at PUMA.com Free + Easy Returns PUMA Sweatshirt PUMA Hoodie Men'sNewArrivals Give $25 Off, Get $25 Off",Search,10/25/2021
Puma,"PUMA Toddler - PUMA? Toddler PUMA? Infant & Toddler Sets For Your Trendsetter In Training. Shop Online Now. Browse Shoes, Clothes And More. Looks For The Whole Family. $20 Expedited Shipping. Free Shipping Over $60. Pay With Apple Pay",Search,10/25/2021
Puma,"PUMA Sportswear - Shop Now On PUMA.com Find inspiration & explore workout tops, training hoodies & active collections on PUMA.com Elevate your routine with workout tops, track pants & gear from PUMA training collection. Free + Easy Returns. Overnight Ship Available Rating for puma.com 4.6→ (37) PUMAAthletic Wear Men's New Arrivals PU",Search,10/25/2021
Puma,PUMA Slides - Shop PUMA Shoes Join the PUMA family. Shop the classics & new releases at PUMA.com The Fastest Sports Brand in the World. Shop PUMA? Now. Free + Easy Returns,Search,10/25/2021
Puma,Playera Chivas - Camisa AC Milan Unete a la familia de PUMA. Compra los lasicos y lo ultimo en PUMA.com Equipo de Desempeno para un Estilo de Vida Rapida Zapatos Para Hombres Compra Nuevos Estilos,Search,10/25/2021
Puma,"PUMA? México - Tienda Online - PUMA? Tienda Oficial MX PUMA? Tenis, Sudaderas, Playeras y mucho mas Conoce los ultimos lanzamientos ahora. PUMA? Shorts, Pants, Chamarras y todo lo que necesitas para entrenar. Compra online ahora. Rebajas - hasta 50% Off*",Search,10/25/2021
Puma,PUMA 4XLT - PUMA 3XL A look that's fit for everyday. Check out new Big & Tall styles from PUMA. Get in gear with fresh new apparel from our Big & Tall collection. Pay With Apple Pay. $20 Expedited Shipping Women'sNew Arrivals : Men's New Arrivals,Search,10/25/2021
Puma,"Compra la Marca Deportiva Mas Rapida del Mundo PUMA? Motorsport. Ropa, Zapatos y Fanwear Inspirados por la Pista. Vive la Vida de Lujo. Compra Ahora. Envio al Dia Siguiente. Devoluciones Gratis Comprar Con Apple Pay. Envio Rapido Por Solo $20 Compra Nuevos Estilos : Zapatos Para Hombres",Search,10/25/2021
Puma,a Oficial PUMA? - Compra Tienda PUMAR En Linea Unete a la familia de PUMA. Compra los lasicos y lo ultimoenPUMA.com,Search,10/25/2021
Puma,PUMA Soccer Cleats - PUMA Mens Soccer Cleats Join the PUMA family. Shop the classics & new releases at PUMA.com PUMA Soccer Shoes Crafted with Performance Fabrics Shop PUMA Soccer Performance Gear Built for Speed. Shop PUMA Men's New Arrivals Our Latest in Footwear & Apparel.Men's New ArrivalsNowAvailable,Search,10/25/2021
Puma,PUMA Hoops - Official PUMA? Store The Fastest Sports Brand in the World. Shop PUMA? Now. PUMA Hoops is Here. Don't Flinch - Shop PUMA Now. $20 Expedited Shipping. Free Shipping Over $60 Rating for puma.com 4.6 ↓ (37),Search,10/25/2021
Puma,"PUMA Baby Clothes - PUMA Baby Sneakers PUMA? Infant & Toddler Sets For Your Trendsetter In Training. Shop Online Now. Browse Shoes, Clothes And More. Looks For The Whole Family. Free + Easy Returns PUMA? Infant & Toddler Sets PUMA.com 50% O",Search,10/25/2021
Puma,PUMA Back Pack - PUMA Hats Crafted with Performance Fabrics. Designed With Style InMind Men'sNewArrivals·Women'sNewArrivals,Search,10/25/2021
Puma,"Official PUMA? Store - Shop Official PUMAR Gear Get the Latest in Performance & Lifestyle. Shop New PUMA Collections Now. Shop PUMA.com. Give your friends $25 off their first order and earn $25. Pay With Apple Pay Give $25 Off, Get $25 Off New To Sale PUMA Running Men's NewArrivals Up to 40% off your order Code SAVEMORE - Valid Sep 11- Sep 16",Search,10/25/2021
Puma,Unete a la familia de PUMA. Compra los lasicos y lo ultimoenPUMA.com,Search,10/25/2021
Puma,PUMA Hoops - Official PUMA? Store The Fastest Sports Brand in the World. Shop PUMA? Now. PUMA Hoops is Here. Don't PUMA Running PUMA Suede Collection New To Sale Men's New Arrivals,Search,10/25/2021
Puma,Unete a la familia de PUMA. Compra los lasicos y lo ultimo en PUMA.com La Marca Deportiva Mas Rapida del Mundo. Compra PUMA? Ahora. Envio Rapido Por Solo $20 Zapatos Para Hombres PUMA Zapatillas De Tenis,Search,10/25/2021
Puma,"Tenis PUMA De Basquetbol - Tienda Oficial PUMA? Unete a la familia de PUMA. Compra los lasicos y lo ultimo en PUMA.com La Marca Deportiva Mas Rapida del Mundo. Compra PUMA? Ahora. Envio Gratis En $60+ Envio Rapido Por Solo $20 Valoracion de puma.com 4,6 (39) Zapatos Para Hombres PUMA? Basquetbol",Search,10/26/2021
Puma,HELLO KITTY PUMA La Marca Deportiva Mas Rapida del Mundo. Compra PUMA? Ahora. Explora Nuevos Estilos en PUMA.com Envio Rapido Por Solo $20. Envio Gratis En $60+ Zapatos Para Mujeres Consigue Nuestras Colecciones El Deporte Se Encuentra Al Estilo PUMA Para Correr Compra Nuevos Estilos Zapatos Para Hombres Download the PUMA Descargar,Search,10/27/2021
Puma,PUMA x Scoot Henderson Encuentra PUMA Hoops. No Lo Dejes Pasar. Compra PUMAAhora Zapatos Para Hombres · PUMA Para Correr,Search,10/27/2021
Puma,Compra Accesorios de PUMA? en Linea Zapatos Para Hombres,Search,10/28/2021
Puma,"PUMA x Lamelo Ball Puma Encuentra PUMA Hoops. No Lo Dejes Pasar. Compra PUMAAhora. La Marca Deportiva Mas Rapida del Mundo. Compra Valoracion de puma.com Exactitud en la entrega d 4,6 ↓ (31) 95-100 % Zapatos Para Hombres Zapatos Para Mujeres",Search,10/31/2021
Puma,PUMA Running - Performance Running Shoes s & Apparel La Marca Deportiva Mas Rapida del Mundo. Compra PUMA?Ahora,Search,11/1/2021
Puma,"Ya Esta PUMA Hoops, No Lo Dejes Pasar. La Marca Deportiva Mas Rapida del Mundo.Compra PUMA? Ahora",Search,11/4/2021
Puma,2026 National Team Jerseys & Kits PUMAUS La Marca Deportiva Mas Rapida del Mundo. Compra PUMA?Ahora,Search,11/10/2021
Puma,Men's Team Jerseys & Kits I PUMA La Marca Deportiva Mas Rapida del Mundo. Compra PUMA? Ahora. PUMA.com es el Destino Para Ropa Zapatos y Mas. Envio Gratis En $60+ Zapatos Para Hombres Ultima Coleccion Para hombres Ropa Nueva Disponible Hoy Compra Nuevos Estilos PUMA Para Correr PUMA Para Entrenar,Search,11/10/2021
Puma,2026 National Team Jerseys & Kits PUMAUS Equipamiento deportivo para un Estilo de Vida Rapida Compra en PUMA. Compra Estilos Clasicos en PUMA.com,Search,11/10/2021
Puma,La Marca Deportiva Mas Rapida del Mundo. Compra PUMA? Ahora. PUMA.com es el Destino Para Ropa Zapatosy Mas,Search,11/10/2021
Puma,Men's Shoes and SneakersIPUMA Hechos de Materiales para Actuacion. La Marca Deportiva Mas Rapida del Mundo. Compra PUMA? Zapatos Para Hombres PUMA Para Correr PUMA Para Entrenar,Search,11/10/2021
Puma,Men's Shoes and SneakersIPUMA La Marca Deportiva Mas Rapida del Mundo. Compra PUMA? Ahora. PUMA.com es el Destino Para Ropa ZapatosyMas,Search,11/10/2021
Puma,Women's Classic Shoes & Sneakers PUMA La Marca Deportiva Mas Rapida del Mundo. Compra PUMA Ahora. PUMA.com es el Destino Para Ropa ZapatosyMas,Search,11/10/2021
Puma,Equipamiento deportivo para un Estilo de Vida Rapida Compra en PUMA,Search,11/10/2021
Puma,"4,5 (813) : Tienda de ropa de deportes Abierto Llamar Como llegar",Search,11/10/2021
Puma,Hechos de Materiales para Actuacion,Search,11/10/2021
Puma,La Marca Deportiva Mas Rapida del Mundo. Compra PUMA?Ahora,Search,11/10/2021
Puma,Lifestyle Clothing I PUMA La Marca Deportiva Mas Rapida del Mundo. Compra PUMA? Ahora. PUMA.com es el Destino Para Ropa Zapatos y Mas,Search,11/10/2021
Puma,"PUMA.com - A Loja Oficial PUMA - Produtos PUMA Originais, Lancamento Exclusivas Parcele suas Compras em A Classificacao de puma.c... Tempo medio de entrega 4,0 (26) 1 a 5 dias",Search,11/17/2021
Puma,Confira os ProdutosPUMApara o seu noSiteOficialPUMA?,Search,11/17/2021
Puma,"Loja Oficial PUMA.com - Funcionalidade e Estilo - Ténis e Conheca a Loja Oficial PUMA.com Brasil - Frete Gratis a partir R$499,90 Classificacao de puma.com 4,0 (26)",Search,11/17/2021
Puma,"Loja Oficial PUMA.com - 5% Off Pagamento com PIX* Produtos Originais, Lancamentos e Colecoes Exclusivas. 5% Off Pagamento com PiX* Ténis Masculinos Casuais Ténis Femininos Casuais PUMA? Mulher PUMA? Ténis Puma Masculino Modelos de Ténis PUMA?",Search,11/17/2021
Puma,"PUMA.com - A Loja Oficial PUMA? Loja Oficial Confira Produtos PUMA Para o Seu Esporte. Produtos Exclusivos na Loja Online Parcele Suas Compras em Até 10x No Cartao. Conheca Explore, Inspire-se. Site Oficial PUMA",Search,11/17/2021
Puma,"PUMA Brasil I Loja Oficial - PUMA? Brasil Compre no Site Oficial. Lancamentos, Colecoes Exclusivas,Collabs e Produtos com Desconto! Conheca a Loja Oficial PUMA.com Brasil - Frete Gratis a partir R$499,90",Search,11/17/2021
Puma,PUMA Running Shoes - Official PUMA? Running Shoes Run PUMA?. Shop our collection of premium running shoes designed for all types of runners. Explore PUMA NiTRO Running. Durable shoes engineered for Long Distance Running Go the distance in Deviate NITRO running shoes,Search,2/17/2022
Puma,"Kids PUMA Socks - PUMA Socks For Kids Crafted with performance fabrics for ultra-breathable comfortable socks. Shop now PUMAAnkle Socks Give $25 Off, Get $25 Off PUMA No-Show Socks",Search,6/6/2022
Puma,PUMA No-Show Socks - PUMA Socks For Women Crafted with performance fabrics for ultra-breathable comfortable socks. Shop now Everyday essentials Verifiedbusiness 30% off select styles CodeREFRESH:ValidJan8-Jan12,Search,6/6/2022
Puma,Ucretsiz Kargo. Garanti Bonus'a Ozel Pesin Fiyatina 6 Taksit. 60 Gun iade. ikonik Modeller Simdi Alisverise Basla Bultene Kaydol %15 indirim Erkek Giyim Kadin Giyim Erkek Aksesuar,Search,8/13/2022
Puma,Official PUMA? Store - Shop Official PUMAR Gear Get the Latest in Performance & Lifestyle. Shop New PUMA Collections Now. Crafted with Men's New Arrivals Our Latest in Footwear & Apparel. Men's New Arrivals Now Available PUMA Suede Collection PUMA Training Spring Sale : 30% off your purchase Code BLOOM : Valid Mar 20 - Mar 23,Search,8/13/2022
Puma,"Shoes, Apparel, & More - New Arriva Crafted with Performance Fabrics. Shop the Official PUMA? Store Now. The Fastest Sports Brand in the World. Shop PUMA? Now. Free + Easy Returns. Pay With Apple Pay Women's New Arrivals Our Latest in Footwear & Apparel. Women's NewArrivalsNowAvailable The (Not So) Private Sale New To Sale PUMARunning",Search,8/13/2022
Puma,Turkiye - Simdi Alisverise Basla Sadece Puma Turkiye'ye Ozel Surpriz Koleksiyonlari Kesfetmek icin Acele Edin. Ucretsiz Kargo. Garanti Bonus'a Ozel Pesin Fiyatina 6 Taksit. 60 gun iade Puma En Yeni Modeller. En Trend Urunleri Kesfet Puma Turkiye - Spor Urunleri. Puma Outlet,Search,8/13/2022
Puma,"Tabela de Medidas Puma PUMA? Roupas, Calcados e Acessorios. Parcele em Até 1Ox Sem Juros no Cartao Compre na Loja Oficial",Search,8/24/2022
Puma,Official PUMAApp - Shop the PUMA App The PUMAApp is a new way to shop PUMA. The best looks are catered specifically to you PUMA.com 50% Off Sale Big savings on PUMA.com today. Get up to 50% off with code SAVE Download the PUMAApp PUMA Running Up to 50% off Select Styles Code SAVE - Valid Apr 27 - May 8 PUMA I Shop Clothes & Tra,Search,9/19/2022
Puma,I Sleek Low Profile Shoes PUMA Hechos de Materiales para Actuacion. Compra los Clasicos y Lo Ultimo en PUMA.com,Search,11/12/2022
Puma,Hechos de Materiales para Actuacion. Compra los Clasicos y Lo Ultimo en PUMA.com,Search,11/12/2022
Puma,"Ropa para ninas PUMA La Moda Deportiva y Callejera. Compra Zapatos, Ropa y Mas para ninas. Compra los Clasicos y Lo Ultimo en PUMA.com",Search,11/12/2022
Puma,"s para ninos PUMA La Moda Deportiva y Callejera. Compra Zapatos, Ropa y Mas para Ninos. Compra los Clasicos y Lo Ultimo en PUMA.com",Search,11/12/2022
Puma,PUMA Tienda online Hechos de Materiales para Actuacion. Compra los Clasicos y Lo Ultimo en PUMA.com,Search,11/12/2022
Puma,"PUMA x BMW M Motorsport - BMW M Motorsport Apparel PUMA - The Fastest Sports Brand In The World Street-Ready Gear Inspired By The Track. Shop PUMA? x BMW M Motorsport For Luxury Footwear Apparel, Official Merch And More. Pay With Apple Pay Rating for puma.com 4.6 (31) 6 hours Men's New Arrivals PUMA Suede Collection",Search,1/30/2023
Puma,t Collection - Official PUMAR Store Shop PUMA? Motorsport. Luxury GearInspired ByThe Track,Search,1/30/2023
Puma,Mercedes-AMG Motorsport - Shop Official PUMA? Motorsport Shop PUMA? - Forever Faster. Street-Ready Footwear Apparel &More Inspired By The Track 40% off +30% off sale styles CodePUMAFAM:ValidJun6-Jun10,Search,1/30/2023
Puma,PUMA for Scuderia Ferrari - Shop Official PUMA? Motorsport Shop PUMA? - Forever Faster. Street-Ready Footwear Apparel & More Inspired By The Track. Shop The Fastest,Search,1/30/2023
Puma,PUMA? x Porsche Design - Puma Porsche Design PUMA? - The Fastest Sports Brand In The World Street-Ready Gear Inspired By The Track. Shop PUMA? x Porsche Design For Luxury Footwear Apparel,Search,1/30/2023
Puma,Train In PUMA? - PUMA Training Shoes Take your workout to the next level. The latest in performance tech from PUMA Training Crush your next workout. Premium training Long Distance Running - Competitive Running,Search,1/31/2023
Puma,"Men's Training Shoes - Cross-Training Shoes Take your workout to the next level. The latest in performance tech from PUMA? Training Training Shoes Long Distance Running Give $25 Off, Get $25 Off Train In PUMA? Competitive Running",Search,1/31/2023
Puma,"PUMA Online - Official shopping site Shop The Official South African PUMA Store Now PUMA - Performance On All Levels. Types: ULTRA FUTURE,KING,Padel",Search,2/9/2023
Puma,"PUMAx LaMelo Ball - LaMelo Ball Shoes These ""1 of 1"" kicks will have you hitting shots from anywhere. Shop now Packed with next-level PUMA Hoops tech to help you dominate the court End of Season : Up to 60% off +30% with code Code NEWYEAR - Valid Dec 18 - Jan 3",Search,3/24/2023
Puma,"LaMelo Ball Shoes - PUMA x LaMelo Ball These ""1 of 1"" kicks will have you hitting shots from anywhere. Shop now Packed with next-level PUMA Hoops tech to help you dominate the court. Overnight Ship Available Rating for puma.com 4.6",Search,3/24/2023
Puma,Outlet PUMA? - Site Oficial PUMA Confira os Produtos PUMA para o seu Esporte. Compre no Outlet PUMA? Aproveite as Ofertas! Colecao Palmeiras 23/24 Frete Gratis no PUMA.com Reserve ja seu Novo Manto do Verdao PUMA? Mulher Jaquetas Masculinas PUMA Colecao Neymar Jr,Search,5/23/2023
Puma,"Conheca a Loja Oficial PUMA.com Brasil - Trocas e Devolucoes Gratis em até 30 Dias. Produtos Originais Lancamentos e Colecoes Exclusivas. 5% Off Classificacao de puma.c... Precisao do pedido 4,5 (10) 95-100%",Search,6/7/2023
Puma,"Loja Oficial PUMA.com - Site Oficial PUMAR Produtos Originais, Lancamentos e Colecoes Exclusivas. 5% Off Pagamento com PiX* PUMA? Mulher Ténis Masculinos Casuais PUMA? Brasil I Compre Online Ténis Femininos Casuais Chuteiras da PUMA?",Search,7/13/2023
Puma,"/ Gear Is Here - Man City Jerseys Are Here From authentic jerseys to t-shirts, grab what every Man City fan needs. Only at PUMA.com Support the team you love with",Search,8/11/2023
Puma,"New Chivas Jerseys Are Here - Chivas Gear Is Finally Here Home or away, you're ready to rep Chivas. Get your hands on the right gear at PUMA.com PUMA Chivas jerseys are Rating for puma.com 4.8 (12) 50% off select styles Valid Aug 22 - Aug 29",Search,8/11/2023
Puma,"Man City Jerseys Are Here - New Man City Gear Is Here Grab some Manchester City gear and support your favorite team with home and away jerseys. From authentic jerseys to t-shirts, grab what every Man City fan needs. Only at PUMA.com. Overnight Ship Available. $20 Expedited Shipping. Free Shipping Ov Rating for puma.com 4.6↓ (43) Men's New Arrivals Man City Away Jerseys Are He",Search,8/11/2023
Puma,"New Chivas Jerseys Are Here - Rep Chivas Gear At PUMA.com Home or away, you're ready to rep Chivas. Get your hands on the right gear at PUMA.com PUMA Chivas jerseys are available now at PUMA.com",Search,8/12/2023
Puma,"New AC Milan Jerseys Are Here - AC Milan Gear Is For The Pitch Gear up and rep your favorite team. AC Milan jerseys jackets, and tees are available now M is for Milan. Rep AC PUMA Suede Collection A kick that's truly for all time. Complete your look on PUMA.com Men'sNewArrivals Give $25 Off, Get $25 Off Go For The Goal With AC Milan",Search,8/13/2023
Puma,PUMA x Christian Pulisic - Grab Your Pulisic Gear Shop the PUMA x Christian Pulisic signature collection for performance ULTRA cleats. Explore the collection inspired by Christian Pulisic's very own Rating for puma.com 4.7\ (61),Search,8/30/2023
Puma,"Show your support for Neymar Jr. and grab his very own soccer gear, only at PUMA.com",Search,8/30/2023
Puma,"Grab Pulisic Cleats And More - Grab Your Pulisic Gear Play on the pitch like Christian Pulisic with his own line of gear, available at PUMA.com Give $25 Off, Get $25 Off Men'sNewArrivals Pulisic Jerseys Are At PUMA",Search,8/30/2023
Puma,Puma Argentina - PUMA Argentina: Tienda Online Conocé los lanzamientos primero en PUMA?. Elegi el modelo y compra con envio ahora. PUMA? Zapatillas Buzos y todo lo que necesitas para entrenar. Compra PUMA Hombre PUMAR Mujer PUMA.com Tienda Oficial Online Outlet PUMA.com,Search,12/18/2023
Puma,"PUMA? Argentina - Sitio Oficial PUMAR Cyber Sale en Puma. Encontra Hasta un 70% Off en Seleccionados y pagos en 12 cuotas. PUMA? Zapatillas, Buzos, Accesorios y mucho mas. Conocé los ultimos Cyber Sale Outlet PUMA.com Zapatillas PUMA Hombre Zapatillas PUMA? Mujer PUMA? Hombre",Search,12/18/2023
Puma,PUMA? Peru - PUMA? PeruITienda online No te pierdas lo ultimo en moda que PUMA? trae para ti. Obtén 20% Off en tu primera compra PUMA? x Hello Kitty Lo mas Rosa Llego a PUMA? Conoce la Nueva Coleccion PUMA Mujer PUMA Speedcat PUMA Sporting Cristal Dia de la Madre : 30% de descuento en todo Codigo PUMA-MOM - Valido desde el 25 abr hasta el 1,Search,3/11/2024
Puma,"PUMA Tienda Oficial - PUMA Peru Tienda online No te pierdas lo ultimo en moda que PUMA trae para ti. Obtén 20% Off en tu primera compra Running training, lifestyle y futbol en PUMA.com Dia de la Madre : 3o% de descuento en todo Codigo PUMA-MOM : Valido desde el 25 abr hasta el 1",Search,3/12/2024
Puma,15% Off en tu Primera Compra - Tus Favoritos con Descuento Encuentra todo para entrenar en PUMA? Store Oficial Obten 15% Off en tu primer compra T&C,Search,3/19/2024
Puma,"Hasta 50% en Seleccionados* - PUMA México Encuentra todo para entrenar en PUMA? Store Oficial Obtén 15% Off en tu primer compra T&C Calzado Ropa y Accesorios para Hombres, Mujeres y Ninos en PUMA? PUMA? x Harry Potter PUMA? x Hello Kitty",Search,3/20/2024
Puma,Official PUMA Australia Store - Trendy Sneakers Collection Shop the Latest Range of Sneakers & Casual Shoes for Men. Trending Styles & Collection. Hotselling Slipstream,Search,4/4/2024
Puma,"PUMA Official Website - Shoes Clothing & Sportswear Shop the Latest Lifestyle & Performance collection for Men, Women & Kids. Forever Faster. Shop Latest Range of PUMA Shoes, Clothing & Sportswear Online 100",Search,4/22/2024
Puma,"PUMA? Shoes, Apparel, & More - Shop PUMA? Apparel & Footwear Get the Latest in Performance & Lifestyle. Shop New PUMA Collections Now Give $25 Off, Get $25 Off Men'sNewArrivals New To Sale",Search,4/26/2024
Puma,"PUMA Palermo - Palermo Sneakers The Palermo mixes soccer heritage with playful, soft colors Shop now on PUMA.com Shop PUMA Palermo Palermo Shoes PUMA Suede For Men",Search,5/3/2024
Puma,"Scoot Zeros - PUMA Scoot Zeros Inspired by Scoot's personal mantra, ""O.D.D: Overly Determined to Dominate."" Shop now. Shop this performance-minded Men's New Arrivals :PUMA Suede Collection",Search,5/3/2024
Puma,"PUMA Palermo - Shop Now On PUMA.com The Palermo mixes soccer heritage with playful, soft colors Shop now on PUMA.com The icon of soccer culture is back. Shop the Palermo today Give $25 Off, Get $25 Off PUMA Suede For Wom",Search,5/3/2024
Puma,"PUMA - Monroe 4.5→ (79) Sportswear store Monroe Shop PUMA Hoops - Inspired by Scoot's personal mantra, ""O.D.D: Overly Determined to Dominate."" Call Website Directions Read reviews (79)",Search,5/3/2024
Puma,"PUMA? Brasil - Loja Oficial PUMA? Brasil Produtos Originais, Lancamentos e Colecoes Exclusivas. 5% Off Pagamento com PiX* Conheca a Loja Oficial PUMA.com Brasil - Frete Gratis a partir R$499,90. Colecoes Exclusivas Loja Oficial PUMA Brasil Produtos Originais, Lancamentos e Colecoes Exclusivas. 5% Off Pagamento com PiX* Conheca a Loja Oficial PUMA.com Brasil - Frete Gratis a partir R$499,90. Colecoes PUMA? Mulher Ténis Masculinos Casuais Ténis Femininos Casuais PUMA? Moletons",Search,5/6/2024
Puma,"PUMA Motorsport Collection - Shop PUMA? Motorsport Shop PUMA? - Forever Faster. Street-Ready Footwear Apparel & More Inspired By The Track. Footwear Apparel And Fanwear Inspired By The Track. Live In Luxury. Shop Now Save 30% Off Orders $125+ Give $25 Off, Get $25 Off",Search,6/3/2024
Puma,"On PUMA.com - PUMA-180 Sneakers From retro-inspired styles to modern takes on skate culture, we've got the shoes for you",Search,6/17/2024
Puma,"Inspired By Skate Culture - Shop Now On PUMA.com From retro-inspired styles to modern takes on skate culture, we've got the shoes for you. No kickflip is complete without the right pair of kicks. Shop the PUMA-180 on PUMA.com",Search,6/18/2024
Puma,"Bienvenido a PUMA? - Calzado, Ropa y Accesorios La Tienda Online donde encontraras las novedades y los clasicos PUMA? PUMA colabora con grandes disenadores. Sus creaciones te",Search,8/5/2024
Puma,PUMA Hoops - The Latest Hoops Looks Elevate the court with the latest hoops looks from PUMA.com. PUMA.com has the latest hoops styles for you. Shop now Men'sNewArrivals Women's New Arrivals Trend Alert: Bright Tones PUMA Running PUMA Training,Search,10/2/2024
Puma,"Clothing, Shoes, Accessories - Find Everything You Need Elevate Your Style With Cutting-Edge Sportswear, Designed For Comfort And Top Performance. Discover High- Performance Athletic Gear, Perfect For Both Training And Everyday",Search,10/24/2024
Puma,"Clothing, Shoes, Accessories - Shop High Quality Products Elevate Your Style With Cutting-Edge Sportswear Designed For Comfort And Top Performance. Discover High-Performance Athletic Gear Men's Sale Sale Soccer Men's Clothing Men's Shoes And Sneakers",Search,10/25/2024
Puma,PUMA - Clarksburg 4.5↓ (221) Sportswear store Clarksburg Call Website Directions Read reviews (221),Search,10/30/2024
Puma,"Clothing, Shoes, Accessories - Shop High Quality Products Elevate Your Style With Cutting-Edge Sportswear, Designed For Comfort And Top Performance",Search,1/18/2025
Puma,"Find Everything You Need - Shop High Quality Products Elevate Your Style With Cutting-Edge Sportswear Designed For Comfort And Top Performance. Discover High-Performance Athletic Gear, Perfect For Both Training And Everyday Wear",Search,1/20/2025
Puma,"PUMA? IndiaIOfficial Site - PUMAR Online - Shop Now PUMA India's official site - sneakers, apparel & sportswear. Shop now! PUMA? official store - sportswear, shoes & athleisure. Order now! Women Official PUMA? Online Store Shop PUMA? India Online Shop The Outlet New Arrivals",Search,2/9/2025
Puma,Get Upto 50% Off - Buy running shoes for men Explore sports shoes for men. Get Upto 50% Off. Free Delivery & Returns Shop Best Running Shoes forMenfromour2026latest collection at PUMA India Online,Search,3/17/2025
Puma,The PUMA Speedcat - High Speed Style Fan favorites return in brand new colorways. Shop PUMA.com today and rewrite the classics. Speedcat,Search,7/1/2025
Puma,<Rating (Reviews)> · <Category> <Open Hours> -<Distance>,Search,7/1/2025
Puma,Official PUMA Online Store - PUMA ZA Official Website Buy PUMA sneakers & apparel now. Don't miss out on latest arrivals! Explore new PUMA footwear & apparel today. Easy returns guaranteed. Original Styles. While Stocks Last. Free Returns. Sport & Design Rating for puma.com 4.3(18) PUMA Store Online ZA Shop official PUMA South Africa online. Free deliveryaboveR500 PUMAMen Shop PUMA South Africa Football Boots,Search,10/29/2025
Puma,Shop PUMA Running - New In Running From Running shoes built for every runner. S PUMA.com Shop what's new in PUMA Engineered Rating for puma.com 4.6 (61) 1-5 days,Search,11/10/2025
Puma,"Find the Perfect Fit Today - Shop the Latest Training Gear Explore top-rated athletic styles for men & women Comfort meets performance. Find versatile sneakers perfect for work, gym, and street. Shop now & save! Stylish Footwear for Any Day Elevate Your Street St",Search,12/10/2025
Puma,"Just Landed: The e Eclipse Pack - The Eclipse Pack is Here We're bringing stealthy back. Shop now, only at PUMA.com Rating for puma.com 4.7 (54)",Search,1/8/2026
Puma,"Tienda Oficial Online - Sitio OficialPUMA? Estrena calzado y ropa, visita PUMA.com y descubre las novedades Running, training, lifestyle y mas en PUMA.com. Envio gratis en compras mayores a",Search,2/5/2026
Puma,"Tienda Oficial Online - Obtén envio gratis Estrena calzado y ropa, visita PUMA.com y descubre las novedades Running, training, lifestyle y mas en",Search,2/5/2026
Puma,4.8 (4) : Sportswear store Open 24hours Call Directions,Search,2/25/2026
Puma,"La Tienda de Primavera de PUMA - Ya llego: Tienda de Primavera Compra ropa deportiva nueva para la temporada. Ya disponible Valoracion de puma.com Politica de devoluciones 4,7↓ (54) Mas de 45 dias para la m Download the PUMA : Descargar Spring Sale - 30% off 30% Off Sitewide Code SPRING . Valid Mar 6 -Mar 9",Search,2/25/2026
Puma,Donde deporte y calle se unen - Vive el lado mas brillante Compra tonos vibrantes en la Tienda de Primavera en PUMA.com,Search,2/25/2026
Puma,"Color Your World With PUMA - Live on the Bright Side Shop vibrant shades from the Spring Shop, only at PUMA.com. Fashion meets function in the Spring Shop Explore now Rating for puma.com 4.6 (61) Most items45+ days",Search,2/26/2026
Puma,Jersey & Kit I PUMA US Shop Morocco's 2026 national team kit and jersey lineup. Explore official match gear built for pride and oerformance,Search,2/28/2026
Puma,"Motorsport Apparel & Gear Team IPUMA US Shop official McLaren motorsport hoodies, t-shirts and clothes from PUMA, featuring racing team gear. Explore performance-driven styles for every fan",Search,2/28/2026
Puma,"Color Your World With PUMA - Where Sport Meets Street Shop vibrant shades from the Spring Shop, only at PUMA.com. Fashion meets function in the Spring Shop Explore now Rating for puma.com 4.7→ (61) PUMAI Clothes & Sneakers A 山 Install",Search,3/1/2026
Puma,"Vive el lado mas brillante - La audacia no tiene limites Moda y funcionalidad en la Tienda de Primavera Explora ya. Destaca con estilos audaces de la Tienda de Primavera. Estilos: Hombres, Mujeres, Ninos Rebajas",Search,3/2/2026
Puma,"The PUMA Speedcat - The Speedcat Wedge, Reimagined Discover the legendary PUMA Speedcat and the sleek Speedcat Ballettwo bold icons blending motorsport heritage with modern fashion PUMA Speedcat & Speedcat Ballet Sneakers I Iconic PUMAI Clothes & Sneakers A 山 Install",Search,3/3/2026
Puma,Performance Running Shoes - Sport Inspired Streetwear Discover Running Shoes And Apparel For Training And Everyday Wear. Upgrade Your Style With Comfortable Sneakers And Activewear. Free Shipping Available. Get TheApp. View Newsroom,Search,3/14/2026
Puma,"Puma? - Shop All Sale/PUMA Explore discounted clothing, shoes, and accessories for a chic style Upgrade your wardrobe with PUMA Women Men Men's Sale Clothing Kids Do You",Search,3/16/2026
Puma,"Portugal Jerseys & 2026 s Kits - Home Away & Black IPUMAUS Shop Portugal jerseys and official 2026 Portugal kits including home, away, and black styles. Find authentic performance gear for fans and players",Search,3/24/2026
Puma,"New Season, Classic Styles - The Original Trendsetters Low-profile classics return in new spring shades. Shop now. Shop low-profile favorites, out now in new spring shades Icons in the Making. Timeless With a Twist. Step into Spring Rating for puma.com 4.7 (61)",Search,4/1/2026
Puma,"New Season, New Sets - Fits for the Whole Fam Make it a matching moment with T7 kids' styles. Shop now. Get the family ready for Spring with kids' T7 styles Free Shipping Over $60. Free + Easy Returns Rating for puma.com 4.6 1 (57)",Search,4/1/2026
Puma,Sets - T7: The Next Generation Our iconic T7 collection returns with all-new kids' styles,Search,4/1/2026
Puma,"Speedcat Wedge Is Here - The Speedcat Wedge, Reimagined A sleek icon, lifted: Speedcat Wedge brings polish and edge Classic Speedcat attitude, elevated in red and black. Overnight Ship Available. Free + Easy Returns",Search,4/1/2026
Puma,"Speedcat Wedge Leather Hop on the Y2K trend with the all-new leather edition The all-new leather edition is out now, only at PUMA.com Rating for puma.com 4.6 \ (61) Most items 45+ days",Search,4/16/2026
Puma,Showtime Pack - It's Showtime High-energy colorways inspired by the world's biggest stage Bold Fast-R3 and Deviate Elite 4 make every Rating for puma.com 4.6→(59) PUMA Running PUMA Training Women's New,Search,4/16/2026
Puma,Up to 50% Off - Official PUMA? Store Don't miss your chance to save up to 30% on select styles. $20 Expedited Shipping Up to an extra 30% Off Sale Don't miss your chance to save up to 30% on select styles. $20 Expedited Shipping Puma Official Site,Search,4/23/2026
Puma,PUMA Summer Shop - In Season. In Style Fresh fits and footwear built for summer days and nights Heat-ready styles made to move all summer long Rating for puma.com Orderaccuracy 4.6 → (61) 95-100% ± Install,Search,5/1/2026
Puma,"PUMA Suede - Suede by Charles F Stead The PUMA Suede, reimagined with Charles F. Stead leather",Search,5/1/2026
Puma,From LaFrancé - Introducing LaFrancé RNR Neon Showcased in a bright purple colorway. Out now at PUMA.com. Stand out in the latest from Melo's lifestyle brand. Free + Easy Returns. Overnight Ship Available,Search,5/1/2026
Puma,Ready - World Cup 2026 - Built for the Game One Nation. One Jersey. World Cup 2026 National Teams Collection. Built for You. Shop Now,Search,5/5/2026
Puma,4.5 (744) · Sportswear store Open Call Directions,Search,5/7/2026
Puma,PUMA Summer Shop - Summer Fits Unlocked Heat-ready styles made to move all summer long Fresh fits and footwear built for summer days and nights,Search,5/11/2026
Puma,"Favorites - Everyday Wins for Dad From weekends to workdays, these PUMA picks deliver style",Search,5/11/2026
Puma,"Style That Goes the Distance - Everyday Wins for Dad From weekends to workdays, these PUMA picks deliver style. Comfort, function, and style. We've got you",Search,5/12/2026
Puma,The Latest by LaMelo Ball - MB.05 Lo by LaMelo Ball Sportswear store -Albertville Labeaux Avenue Northeast Website Call Directions Women's New Arrivals Our Latest in Footwear & Apparel. Women's NewArrivalsNowAvailable,Search,5/15/2026
Puma,MB.05 Lo by LaMelo Ball - MB.05 Lo Flourish MB.05 Lo Flourish - built to stand out. Shop now at PUMA.com,Search,5/15/2026
Puma,PUMA Summer Shop - Summer r Styles Heat-ready styles made to move all summer long Fresh fits and footwear built for summer days and nights Rating for puma.com 4.7 ↓ (66) Mostitems45+days,Search,5/17/2026
Puma,"Gear Up, the Gear's Out - Fit for the Future - From the Track to the Rack The PUMA for Scuderia Ferrari HP Replica Collection is here. 2026 Replica Collection from PUMA for Scuderia PUMA Training Workout in comfort and in style. Shop PUMA Training Men's New Arrivals Our Latest in Footwear &Apparel.Men's New Arrivals Now Available PUMARunning Go the distance. Shop the latest in PUMA Running on PUMA.com",Search,5/18/2026
Puma,4.8 (4) : Sportswear store Open Call Directions,Search,5/21/2026
Puma,4.5 (330) · Sportswear store Open Call Directions,Search,5/22/2026
Puma,t's Your Moment - Feat. All-Pro NiTRO Showtime Pack Just Dropped Steal the show with the new Showtime Pack - out now High-energy pink - find your moment to shine today Overnight Ship Available. $20 Expedited Shipping. Free + Easy Returns PUMA Running Go the distance. Shop the latest in PUMA Runningon PUMA.com Men'sNewArrivals Women's NewArrivals,Search,5/28/2026
Puma,"It's Showtime - It's Here: The Showtime Pack - Meet the Showtime Shop now at PUMA.com and shave minutes off your race time. Shop high-energy colorways now, only at PUMA.com. Free Shipping Over $60。 Pay With Apple Pay。 Free + Easy Returns。 Women's New Arrivals Our Latest in Footwear & Apparel. Women's New Arrivals NowAvailable PUMARunning Go the distance. Shop the latest in PUMA Running on PUMA.com PUMA Training Workout in comfort and in style. Shop PUMA Training",Search,5/28/2026
Puma,Just In: PUMA x Salehe Bembury - PUMA x Salehe Bembury is Here Inspired by the federations competing on the world stage Men'sNewArrivals·Women'sNewArrivals,Search,6/4/2026
Puma,"Shop All Running I PUMA Explore PUMA's wide range of running gear for men and women. From shoes to apparel, find everything you need to elevate your running game Rating for puma.com Orderaccuracy 4.7 \ (66) 95-100%",Search,6/7/2026
Puma,PUMA Sale - Shop Now At PUMA.com The cat's out of the bag. Save up to 50% on sale styles now.Treat Men'sNewArrivals·PUMASuedeCollection,Search,6/9/2026
Puma,"Happening Now: Up to 50% Off - The (Not So) Private Sale - Shhh, the..: The cat's out of the bag. Save up to 50% on sale styles now. Shop must-have sale styles up to 5o% off, only at PUMA.com. Overnight Ship Available. $20 Expedited Shipping Rating for puma.com 4.7 (61) 95-100% Women's New Arrivals Our Latest in Footwear & Apparel. Women's NewArrivalsNowAvailable Score Insider Deals Score up to 50% off must-have sale styles at PUMA.com",Search,6/9/2026
Puma,"Elite 4 - Deviate Deviate Elite 4: Beyond Fast Engineered for speed when every second counts. Shop now. When fast isn't fast enough, you go beyond. Out now. Overnight Ship Available. $20 Expedited Shipping. Free + Easy",Search,6/11/2026
Puma,Fast-R3 is Here - Fast-R3 by PUMA A finely tuned system designed to convert effort into speed. Shop Men'sNewArrivals·Women'sNewArrivals,Search,6/11/2026
Puma,Deviate Elite HYROX - Deviate Elite HYROX by PUMA Designed with a HYROX-specific NITROFOAMTM ELiTE compound. Shop the shoe designed for every phase of the competition. Overnight Ship Available Free + Easy Returns Women'sNew Arrivals Our Latest in Footwear & Apparel. Women's NewArrivalsNowAvailable PUMA Running Go the distance. Shop the latest in PUMA Running on PUMA.com PUMA Training Workout in comfort and in style. Shop PUMA Training,Search,6/18/2026
Puma,The PUMA Running Shoe Finder Your best run yet awaits. Take the quiz now at PUMA.com. Discover the best fit to push you forward at PUMA.com PUMA Running Men'sNewArrivals Women's New Arrivals PUMA Training,Search,6/22/2026
Puma,"PUMA x HYROX is Here - The Latest From PUMA x HYROX Continuing to set the standard for fitness racing. Shop now. Check out the latest drop, out now at PUMA.com Free + Easy Returns. Overnight Ship Available. Pay WithApple Pay Rating for puma.com 4.7 (66) 95-100% JustLanded:PUMAxHYROX PUMA Running",Search,7/1/2026
Puma,MagMax 2 is Here - Just Dropped: MagMax 2 Designed with maximum NITROFOAMTM cushioning Shop now. Keeping you light on your feet from start to finish. Pay With Apple Pay. Overnight Ship Available Free + Easy Returns. $20 Expedited Shipping. Free Shipping Over $60 Rating for puma.com 4.7 (66) 95-100%,Search,7/1/2026
Puma,HYROX by PUMA - Shop the Deviate Elite HYROX Designed with a HYROX-specific NITROFOAMTM ELiTE compound. Shop PUMA x HYROX performance gear for men and women,Search,7/2/2026
Puma,PUMA Summer Shop - Official PUMA Store Shop PUMA.com Join the PUMA family. Shop the classics & new releases at PUMA.com. Crafted with Performance Fabrics. Shop the Official PUMA Store Now. Free Shipping Available. Store Locator. Gift Card Available. Highlights: Free & Easy Returns Available Rating for puma.com 4.7 (66) 95-100% Sale Soccer Shop All Sale Jerseys For,Search,7/4/2026
Puma,"Official PUMA Store Shop PUMA The Fastest Sports Brand in the World Shop PUMA Now. Join the PUMA family. Shop the classics & new releases at PUMA.com. Store Locator Free Shipping Available. Gift Card Available. Highlights: Free & Easy Returns Available, Gift Cards Available Rating for puma.com 4.7 ↓ (66) Most items 45+ days RS Shop All Women's Styles Shop All Sale",Search,7/4/2026
Puma,Official PUMA Store - In Season. In Style - Summer Fits Unlocked Crafted with Performance Fabrics. Shop the Official PUMA Store Now. Shop PUMA.com Join the PUMA family. Shop the classics & new releases at PUMA.com Free Shipping Available. Store Locator. Gift Card Available Men's Shoes And Sneakers Men's Sale Won,Search,7/4/2026
Puma,Official PUMA? Store - Shop PUMA Shoes Shop PUMA.com Join the PUMA family. Shop the classics & new releases at PUMA.com. The Fastest Sports Brand in the World. Shop PUMA? Now Rating for puma.com 4.7 (66) 1-5 days,Search,7/6/2026
Puma,"PUMA Suede - Suede: Always Classic New Suede Colors Shop the latest Suede colors: black, brown, and orange Men's New Arrivals Our Latest in Footwear &Apparel. Men's New Arrivals Now Available Women's New Arrivals PUMA Running",Search,7/9/2026
Puma,Just Dropped: Velocity 5 - Velocity 5 by PUMA Discover the way running should feel. Shop now at PUMA.com. The do-it-all running shoe for runners of all,Search,7/9/2026
Puma,"Just Dropped: ForeverRun 3 - ForeverRun 3 by PUMA Shop this latest-and-greatest version now, only at PUMA.com. Delivering a smooth, stable ride for every PUMA Running Introducing ForeverRun 3 ForeverRun 3 Has Arrived PUMA Training Women's New Arrivals",Search,7/9/2026
Puma,Hali 1 By Tyrese Haliburton - Hali 1 Team Pack is Here - Make Your Move Back in three colorways. Make your move in the Hali 1 Team MagMax 2: Let's Bounce Designed with maximum NITROFOAMTM cushioning. Shop now Women'sNew Arrivals Our Latest in Footwear & Apparel.Women's NewArrivalsNowAvailable Men's New Arrivals PUMA Running 山 Install,Search,7/10/2026
Puma,"Your New Platform Icon - Speedcat Wedge is Back Turn heads in the latest Speedcat Wedge, out now at PUMA.com Shop PUMA.com for the new Speedcat Wedge Luster. Pay With Apple Pay. Overnight Ship Available. Free + Easy Returns. Free Shipping Over $60 Rating for puma.com 4.7 (66) Women'sNew Arrivals Men's New Arrivals Speedcat Wedge Luster PUMA Running",Search,7/18/2026
Puma,LaFrancé by LaMelo Ball - LaFrancé Black by Melo Melo'sLaFrance andLaFranceRNRinsleek all-black editions Two pairs. One all-black statement. Melo's latest is here. Overnight Ship Available,Search,7/18/2026
Puma,Official PUMA Store - Shop PUMA Crafted with Performance Fabrics. Shop the Official PUMA Store Now. Shop PUMA Now. Overnight Ship Available Rating for puma.com 4.7 (66) Most items 45+ days PUMA Summer Shop Heat-ready styles made to move all summer long,Search,7/20/2026
Puma,"PUMA Sale - Happening Now: Up to 40% Off Take up to 40% off now, only at PUMA.com. Limited time only. Get 20% off 2 styles, 30% off 3, or 40% off 4+. Shop now. $20 Expedited Shipping. Overnight Ship Available Back-to-School: Up to 40% Off Take up to 40% off for a limited time with code SCOREMORE Shop Now At PUMA.com Use code SCOREMORE for up to 40% off essential styles New To Sale Up to 50% off signature PUMAgear. Shop new sale styles on PUMA.com",Search,7/20/2026
Puma,Official PUMA Store - PUMA Summer Shop Fresh fits and footwear built for summer days and nights. Shop PUMA The Fastest Sports Brand in the World Shop PUMA The Way Running Should Feel Running shoes built for every runner Puma Us Pay With Apple Pay. Free Shipping Over $60 $20 Expedited Shipping,Search,7/23/2026
Puma,"PUMA Official US Site - Training & Gym Footwear - Puma PUMA's US site features shoes, clothing and accessories for running, soccer and training Women's Sale Sale Women Shop All Women's Styles Buy 4+ Items, Get 40% Off",Search,7/23/2026
Puma,Gear for You Explore our latest collection of performance-inspired apparel and footwear Rating for puma.com 4.7 (66) 1-5 days,Search,7/24/2026
Puma,Motorsport's Golden Era Relive motorsport's golden era with PUMA x McLAREN RACING Vintage racing heritage reimagined for today Overnight Ship Available. $20 Expedited Shipping. Pay With Apple Pay. Free Shipping Over $60,Search,7/24/2026
Puma,free shipping on orders $60+ - new year. new gear - buy 4+ items. get 4 shop classic styles and new arrivals at puma.com. the world's fastest sports brand. free easy returns overnight delivery available. apple pay accepted. Free Shipping Available Shop All Women's Styles Women's Shoes & Snea,Search,7/27/2026
Puma,HeadBackTo SchoolWith PUMA- Save On Back-To-School Styles Get ready for the new school year with all the essentials you need Rating for puma.com 4.7 (67) 95-100%,Search,7/30/2026
Puma,Sportswear store : Charlotte New Fashion Way,Search,7/30/2026
Puma,"PUMA - Monroe 4.4 (83) Sportswear store Monroe Call Website Directions Products: Sneakers, Shirts & Tops, Sweatshirts & Hoodies, Men's Clothing, Women's Clothing Read reviews (83)",Search,7/30/2026
Puma,On Back-To-School Styles Shop the Latest PUMA for Teens and Kids Get ready for the new school year with all the essentials you need Rating for puma.com 4.7 (67) Most items 45+ days,Search,7/30/2026
Puma,50% off select styles - buy 4+ items and get 40% off - 20% off first order pay with apple pay. enjoy free easy returns. free shipping on orders $60+ crafted with high-performance materials. shop puma? official store now,Search,7/31/2026
Puma,Suede: Your Go-To Shoe - Puma Suede Collection - Step Into Suede Timeless style meets everyday versatility. Find your perfect pair of sneakers today. Shop PUMA Suede and experience a true Rating for puma.com Orderaccuracy 4.7 \ (67) 95-100%,Search,8/1/2026
Puma,"50% off - limited time only - Happening Now: 50% Off 50% off back-to-school styles for a limited time only Shop half-price styles now. Free + Easy Returns Shop Now, Get 50% Off Save 50% and get a $15 backpack when you spend $100 Back-to-School Savings 50% savings for a limited time only New To Sale Up to 50% off signature PUMA gear. Shop new sale styles on PUMA.com 50% off Sale Styles Valid Aug 4 - Aug 11",Search,8/4/2026
Puma,(16) : Sportswear store Open 24hours Call Directions,Search,8/4/2026
Puma,New In Speedcat - Just Dropped: New Speedcat More ways to wear it: new Speedcat styles have arrived. Find your fit with the new Speedcat silhouettes $20 Expedited Shipping,Search,8/4/2026
Puma,"Speedcat Etoile - A New Speedcat Just Dropped Shop PUMA.com for the new Speedcat Etoile, worn by Rosé Rosé wears the new Speedcat Etoile",Search,8/4/2026
Puma,"Happening Now: 50% Off - 50% off - limited time only - It's Time to Save 50% off back-to-school styles for a limited time only Shop half-price styles now. Free + Easy Returns. Free Shipping Over $60. Overnight Ship Available. Pay With Apple Pay Shop Now, Get 50% Off Save 50% and get a $15 backpack when you spend $100 Back-to-School Savings New To Sale PUMA Suede Collection 50% off Sale Styles Valid Aug 4 - Aug 11",Search,8/4/2026
Puma,"50% Off Back To School - 50% Off - Limited Time Only Shop 50% off select styles, plus a $15 backpack when you spend $100 50% off back-to-school styles for a limited",Search,8/5/2026
Puma,Up to 50% Off + Extra 20% Off - PUMA Summer Shop - Summer Fits Unlocked 50% off back-to-school styles for a limited time only Shop half-price styles now. Shop Official PUMA Gear - Crafted with Performance Fabrics. Shop the Official PUMA Rating for puma.com 4.7(67) 95-100%,Search,8/9/2026
Skechers,"Pickleball Shoes - SKECHE Pickleball Shoes Shop SKECHERS? Pickleball Shoes C Explore Pickleball Styles Now. Shop Now, Pay Later - Shop",Search,7/19/2022
Skechers,The Comfort Technology Company - Protection In Every Step Shop Our Huge Selection of SKECHERS Slip Resistant Shoes. Free Returns on Every Order SKECHERS? Work Shoes SKECHERS Slip-ins ™ Shop SKECHERS Clearance,Search,7/19/2022
Skechers,Stretch Fit I SKECHERS Slip-on nearly seamless sock-like comfort with our Stretch Fit designs. Shop the latest styles now. Free Shipping with Skechers Plus,Search,8/4/2022
Skechers,20% Off at SKECHERS? - Sale Ends in 3 days Take 20% Off Regular Priced Items During SKECHERS? Step Into Savings Sale Shop the Step Into Savings Sale at 20% Off Regular Price Extra 10% Off Sale Items,Search,8/4/2022
Skechers,25% Off at SKECHERS? - Shop 25% Off Today Take 25% Off During the SKECHERS? Fall Preview Sale Shop the Fall Preview Sale at SKECHERS and Get 25% Off. Machine Washable Styles. Try Our Shoe Finder Quiz. Style & Comfort. Easy Online Checkout Website Exclusives. Curbside Pickup. Member Rating for skechers.com 4.4 (84) Most items 45+ days SKECHERS? Slip-ins ™ Shop SKECHERS? Slip-ins ™ Now. Slip Into SKECHERS Comfort SKECHERS Shoe Finder Explore SKECHERS Shoes with Our Interactive Quiz,Search,8/10/2022
Skechers,"Skechers Canada - Official - SKECHERS? Can Official Find the best selection of Skechers Sho Accessories for Men, Women and Kids Women's Shoes Sale Skechers Arch Fit Shop Women's Sport Women's Sandals",Search,8/13/2022
Skechers,"SKECHERS Canada - Official : Designed in Manhattan Beach Shop for BOBS, Mark Nason, Performance, Sandals Active & Casual Shoe Styles! Free 45 Day Returns Official Site. Brands: Mark Nason, BOBS, Twinkle Toes Men's Shoes Sale Women's Shoes Shop Women's Sport Kids Skechers Shoes",Search,8/13/2022
Skechers,"SKECHERS Canada -Fresh from LA - When Performance Meets Comfort Our 2020 Looks Freshly Designed in Los Angeles. Free Returns! Free 45 Day Returns. Official Site. Brands: Mark Nason, BOBS, Twinkle Toes, Arch-Fit Sale Men's Shoes Women's Shoes SI",Search,8/13/2022
Skechers,"SKECHERS? Canada - Official - Official Site - Designed in Manhattan Shop for BOBS, Mark Nason, Performance, Sandals Active & Casual Shoe Styles! From casual to performance or school to work, Skechers has you covered. Official Site Clearance Sale Women's Shoes Online & In-Store Shop Men's Shoes Women's Sale",Search,8/13/2022
Skechers,"SKECHERS? Canada - Official - When Performance Meets Comfort Shop the latest in comfort and fashionable styles for Women, Men, and Kids. Join Skechers? Plus for discounted shipping and exclusive styles Clearance Sale Shop Women's Shoes Shop Men's Shoes Shop Women's Sport Find A Store",Search,8/13/2022
Skechers,"Get 25% Off at SKECHERS? - Take 25% Off SKECHERS? Get 25% Off Boat Shoes at SKECHERS? During the Step Into Summer Sale Shop the SKECHERS? Step Into Summer Sale and Save 25% Boat Shoes. Member Exclusive Deals.Try Our Shoe Finder Quiz.Website Exclusives. Style & Comfort. Buy Now, Pay Later Rating for skechers.com 4.5 ↓ (86) Men's Shoes SKECHERS? Slip-ins ™ Work View 3 prices from $75.00",Search,8/25/2022
Skechers,20% Off at SKECHERS? - Sale Ends in 1 day Get 20% Off Orders of at SKECHERS During The Early Mother's Day Sale Shop the SKECHERS? Early Mother's Day and Save 20% Try Our Shoe Finder Quiz Style & Comfort. Curbside Pickup. Website Exclusives Rating for skechers.com 4.5 ↓ (69) 95-100% View 3 prices from $75.00,Search,12/13/2022
Skechers,"Save Big with Skechers - Skechers Online Clearance The latest looks from The Comfort Technology Company ™ at clearance prices you'll love. Stock up and save big on the latest styles and comfort designs for men, women and kids! Free 45 Day Returns. Official Site. Online & In-Store. New Styles Contact Us Shop Women's Shoes Skechers Cl View 5 prices from CAs20.00",Search,2/7/2023
Skechers,Last Chance for These Skechers - Shop Skechers Sale now The latest looks from The Comfort Technology CompanyTM at clearance prices you'll love. Stock up and save big on,Search,2/7/2023
Skechers,"SKECHERS CANADAIThe Comfort Technology Company Huge sale on the latest Skechers comforts. The more you buy, the more you save! Be the first to shop Skechers clearance styles with the latest comfort innovations",Search,2/8/2023
Skechers,"SKECHERS CANADAI The Comfort Technology Company Stock up and save big on the latest styles and comfort designs for men, women and kids! Don't wait! Get the best prices and selection on reduced Skechers styles and technologies. Official Site Clearance Sale Find A Store Shop Men's Shoes Shop Women's Shoes Contact Us",Search,2/8/2023
Skechers,"SKECHERS CANADATThe Comfort Technology Company Grab your favorite Skechers styles before they're gone Athletics, casuals and more. The latest looks from The Comfort Technology Company ™ at clearance prices you'll",Search,2/8/2023
Skechers,GO Golf Today - Skechers? Golf Shoes Improve your golf game with dynamic comfort? and style wearing Skechers GO GOLF,Search,4/6/2023
Skechers,Slip-Ins - Skechers Hands Free Slip-ins ™ Featuring a unique Comfort Pillow Tm design in heel that ads pleasure with every step. Hands Free,Search,1/16/2024
Skechers,"The Comfort Technology Company - Men's, Women's & Kids Styles Shop Our Selection of Skechers Shoes for Men Women & Kids.Available in Wide & Extra Wide",Search,1/19/2024
Skechers,"SKECHERS? Official Site - Shop BOBS? Shoes by SKECHERS? Get Exclusive Discounts and Free Shipping When You Sign Up As A SKECHERS Plus Member. Join SKECHERS? Plus: Earn Hands Free Slip-ins ™ SKECHERS? Shoe Finder Best Sellers Buy Now, Pay Later",Search,1/20/2024
Skechers,SKECHERS? Clearance - Limited Time SKECHERS? Deals Step into All-Day Comfort with SKECHERS? Footwear for Every Occasion. Shop for Skechers shoes and apparel on clearance online,Search,1/20/2024
Skechers,Skechers.com - SKECHERS? Official Site Comfort and Style Every Step of the Way. Shop SKECHERS? Walking Shoes Today. Step into a Pair & Experience the Difference of SKECHERS?. Free,Search,1/20/2024
Skechers,SKECHERS Factory Outlet - Monroe Get Exclusive Discounts and Free Shipping When You Sign Up As A SKECHERS? Plus Member,Search,1/20/2024
Skechers,"SKECHERS? Official Site - Shop Skechers Products Comfort And Style For Every Day. Discover SKECHERS? Shoes For Work, Sport, And Life Step into a Pair & Experience the Difference of",Search,1/20/2024
Skechers,"SKECHERS Official Site - Free Returns on Every Order 4.5 advertiser rating Mix and match your style for yoga sessions, running lounging and any activity in-between",Search,1/20/2024
Skechers,"SKECHERS? Official Site - For men women, & kids Step into a Pair & Experience the Difference of SKECHERS?. Free Returns on Every Order. Comfort and Performance Store Locator Find a SKECHERS? Store Near You Locate a SKECHERS? Store SKECHERS? Shoe Finder Take Our Interactive Quiz Find Your Next Pair of Shoes Skechers.com Shoes Built For The Court",Search,1/21/2024
Skechers,4.2 (266) · $$ Shoe store Chesterfield Call Website Directions Read reviews (266),Search,1/22/2024
Skechers,Golf Shoes by SKECHERS? - SKECHERSR Official Site 4.4 advertiser rating Step Up Your Performance on the Green with SKECHERS?. Shop Comfortable Golf Shoes Today,Search,1/22/2024
Skechers,"SKECHERS Official Site - Shop New Arrivals Today - Skechers.com Comfort And Style For Every Day. Discover SKECHERS? Shoes For Work, Sport, And Life Shop",Search,1/22/2024
Skechers,"SKECHERS? Work Shoes - Men's Work Shoes Enjoy Work Shoes & Boots With Slip Resistant, Durable Technology For Safety & Comfort",Search,1/23/2024
Skechers,"Canada - Officiel BOBS, Mark Nason, Performance, Sandales Chaussures de sport et Styles décontractés !",Search,1/29/2024
Skechers,Shoes on Sale - SKECHERS Official Site 4.5 advertiser rating Join the SKECHERS? Plus Loyalty Program Today For Exclusive Discounts and Free Shipping,Search,2/1/2024
Skechers,SKECHERS? Official Site - Members Enjoy Free Shipping Step into All-Day Comfort with SKECHERS? Footwear for Every Occasion.Get Exclusive Rating for skechers.com 4.8 (236) +%66 25% off Apparel,Search,2/3/2024
Skechers,Shop now at Skechers - Boat Shoes by SKECHERS? Step into a Pair & Experience the Difference of SKECHERS?. Free Returns on Every Order,Search,2/3/2024
Skechers,Shoes - Skechers.co Step into a Pair & Experience the Differ SKECHERS?. Free Returns on Every,Search,2/3/2024
Skechers,Golf Shoes by SKECHERS? - Comfort That Performs Step Up Your Performance on the Green with SKECHERS?. Shop Comfortable Golf Shoes Today! Step into a Pair & Experience the Difference of SKECHERS?. Free Returns on Every Order Women's Shoes Shop SKECHERS? Clearance SKECHERS? Arch Fit Shoes,Search,2/20/2024
Skechers,SKECHERS? Official Site - SKECHERS? Sandals Step into a Pair & Experience the Difference of SKECHERS. Free Returns on Every Order. Check Out the Shop SKECHERS Clearance Get Your Favorite Styles for Less. Hurry to Shop Before They're Gone Sandals With All-Day Comfort SKECHERS? Arch Fit Shoes View 3 prices from $75.00,Search,2/21/2024
Skechers,Shoes - Men's and women's clothing Head from work to a night out on the town in casual or dress shoes for men and women offering the latest trends and memory foam comfort technology,Search,2/21/2024
Skechers,"Make Skechers your one-stop shop for all the latest shoe styles and comfort innovations. Shop Skechers Shoes & Apparel for Men, Women and Rating for skechers.ca 4.71 5 hours",Search,2/23/2024
Skechers,SKECHERS? Work Shoes - SKECHERS? Official Site Step into a Pair & Experience the Difference of SKECHERS?. Free Returns on Every Order SKECHERS? Work Shoes Shop SKECHERS? Clearance SKECHERS? Slip-ins ™,Search,2/26/2024
Skechers,Hands Free Slip-ins? - Shop Kids Shoes Sign Up For A SKECHERS Plus Membership Today For Exclusive Discounts and Free Shipping. Get Exclusive Discounts and Free Shipping When Hands Free Slip-ins ™ Girls' Slip On Shoes Kids' Shoes I Skechers Kids Shoes by SKECHERS?,Search,3/5/2024
Skechers,"Become a SKECHERS?PlusMember - Free Shipping & Returns All-day comfort and style with SKECHERS Court Classics - the perfect casual sneaker Browse our online store for SKECHERS Shoe Finder : Buy Now, Pay Later :",Search,5/3/2024
Skechers,Iconic Court Classic Sneakers - Your Everyday Sneaker All-day comfort and style with SKECHERS Court Classics - the perfect casual sneaker Browse our online store for newly dropped designs and let the perfect pair find you SKECHERS? Shoe Finder TakeOurInteractiveQuizFindYourNextPairof Shoes,Search,5/3/2024
Skechers,"SKECHERS? Official Site - Free Returns on Every Order Mix and match your style for yoga sessions, running lounging and any activity in-between. Blend of comfort and style for your active lifestyle. Discover our Rating for skechers.com 4.4\ (71) Most items 45+ days",Search,6/21/2024
Skechers,<Rating (Reviews)> · <Category> <Open Hours> -<Distance>,Search,7/4/2024
Skechers,SKECHERS Warehouse Outlet 4.0 (451) · $$ - Shoe store Closed : Opens 11AM Call Directions,Search,7/4/2024
Skechers,SKECHERS Retail - Bloomington 3.9 (211) · $$ Shoe store Bloomington Call Website Directions,Search,7/4/2024
Skechers,SKECHERS? Official Site - Performance On Court Step into a Pair & Experience the Difference of SKECHERS?. Free Returns on Every Order,Search,7/4/2024
Skechers,s GO Run - Ultimate comfort Step into a Pair & Experience the Difference of SKECHERS?.Free Returns on Every Order,Search,7/4/2024
Skechers,SKECHERS Warehouse Outlet - Orland Park 4.4 → (40) Shoe store Orland Park Call Website Directions,Search,7/4/2024
Skechers,SKECHERS Factory Outlet - Rehoboth Beach 4.1 (375)· $$ Shoe store Rehoboth Beach Call Website Directions,Search,7/4/2024
Skechers,"Enjoy Work Shoes & Boots With Slip Resistant, Durable Technology For Safety & Comfort",Search,7/4/2024
Skechers,SKECHERSR On Sale - SKECHERSR Clearance Join the SKECHERS? Plus Loyalty Program Today For Exclusive Discounts and Free Shipping,Search,7/4/2024
Skechers,4.5 \ (880) · $$ Shoe store San Diego Call Website Directions,Search,7/4/2024
Skechers,Boat Shoes by SKECHERS - SKECHERS? Official Site Step into a Pair & Experience the Difference of SKECHERS?. Free Returns on Every Order,Search,7/4/2024
Skechers,Shop with Confidence - Try Our Shoes Risk Free and Return Within 45 Days for a Refund,Search,7/4/2024
Skechers,4.1 (376) · $$ Shoe store Rehoboth Beach Call Website Directions Read reviews (376),Search,7/4/2024
Skechers,Shop Kids Shoes - Kids Shoes by SKECHERSR Sign Up For A SKECHERS? Plus Membership Today For Exclusive Discounts and Free Shipping,Search,7/12/2024
Skechers,"Skechers.com - SKECHERS x John Deere Durable, supportive, and designed for tough jobs- SKECHERS? shoes keep you going strong Built for hard work and all-day comfort, SKECHERS? shoes support your toughest tasks. Buy Now, Pay Later John Deere Shoes Waterproof boots SKECHERS? Store Locator Sale Women",Search,8/6/2024
Skechers,"Durable, supportive, and designed for tough jobs- SKECHERS shoes keep you going strong",Search,8/6/2024
Skechers,"Arch Fit and Relaxed Fit - Join )Plus SKECHERSR Today Durable, supportive, and designed for tough jobs- SKECHERS? shoes keep you going strong",Search,8/7/2024
Skechers,SKECHERS? Official Site - Men's Slip- in Shoes Get Exclusive Discounts and Free Shipping When You Sign Up As A SKECHERS? Plus Member. Step into effortless style and,Search,8/13/2024
Skechers,"Safety Toe Shoes - Industrial Safety Shoes Enjoy Work Shoes & Boots With Slip Resistant, Durable Technology For Safety & Comfort. Put Safety First Hands Free Slip-ins ™ SKECHERS? Shoe Finder",Search,8/16/2024
Skechers,Skechers Official Site I The Comfort Technology..: Shoe store : Tucson Step into a Pair & Experience the Difference of SKECHERS?. Free Returns on Every Order. Go Hands Free Slip-ins ™ Women Women's Sale SKECHERS? Shoe Finder More about this location,Search,8/19/2024
Skechers,Step into a Pair & Experience the Difference of SKECHERS?. Free Returns on Every Order,Search,8/19/2024
Skechers,"Shop SKECHERS? Training Shoes - Training Shoes by SKECHERS? Step into a Pair & Experience the Difference of SKECHERS.Free Returns on Every Order. Go Farther& Faster Than Ever With Buy Now, Pay Later - Sign Up to Get 20% Off :",Search,8/19/2024
Skechers,SKECHERS? Official Site - Skechers.com Get Exclusive Discounts and Free Ship Sign Up As A SKECHERS? Plus Memb Hands Free Slip-ins ™ Just Step In & Go No Bending Over New Arrivals Women's Sale Women,Search,8/20/2024
Skechers,"SKECHERS? Golf Shoes - Golf Shoes by SKECHERS? 4.5 advertiser rating Step Up Your Performance on the Green with SKECHERS?. Shop Comfortable Golf Shoes Today Long Lasting Comfort So You Can Go The Extra Mile Shop SKECHERS? Golf SKECHERS? Shoe Finder Best Sellers Buy Now, Pay Later Hands Free Slip-ins ™",Search,8/20/2024
Skechers,Big Today - SKECHERS Official Site Join the SKECHERS? Plus Loyalty Program Today For Exclusive Discounts and Free Shipping,Search,8/20/2024
Skechers,SKECHERS? Boat Shoes : SKECHERS? Official Site Step into a Pair & Experience the Difference of SKECHERS. Free Returns on Every Order. Long Lasting Comfort So You Can Go The Extra Mile. Shop Rating for skechers.com 4.5↓ (69) Hands Free Slip-ins ™ Just Step In & Go No Bending Over SKECHERS Shoe Finder Take Our Interactive Quiz Find Your Next Pair of Shoes,Search,8/20/2024
Skechers,"Comfort That Performs - Grip, Style And Comfort Step into a Pair & Experience the Difference of SKECHERS?.Free Returns on Every Order SKECHERS Shoe Finder : Buy Now, Pay Later",Search,8/20/2024
Skechers,"SKECHERS? Official Site - Shop Skechers now Get Exclusive Discounts and Free Shipping When You Sign Up as a SKECHERS? Plus Member. From casual to Buy Now, Pay Later - Take an Extra 10% Off",Search,8/20/2024
Skechers,Shoes - Trail & Hiking Shoes Step into a Pair & Experience the Difference of SKECHERS. Free Returns on Every Order,Search,8/20/2024
Skechers,GO WALK Arch Fit Sandals - Style and support Check Out the Latest Styles in the SKECHERS? Sandals Selection. Comfort in Every Step Rating for skechers.com 4.5 (72) Shop Skechers sandals SKECHERS? MassageF,Search,8/20/2024
Skechers,BOBS from Skechers - Shop our BOBS?Collection Get Exclusive Discounts and Free Shipping When You Sign Up As A SKECHERS? Plus Member,Search,8/23/2024
Skechers,"SKECHERS? Boots - Shop Hands Free Slip-in Boots Shop our Hands Free Slip-ins? boots. Easy on, easy off styles for effortless comfort. Try our boots risk-free. 45- day returns for all, 90 days for SKECHERS Plus",Search,10/7/2024
Skechers,"Join SKECHERS? Plus Today - Comfortable footwear Shop our Hands Free Slip-ins? boots. Easy on, easy off styles for effortless comfort",Search,10/8/2024
Skechers,"Retail, Outlet & Factory - Find a SKECHERS Shoe Store Shop with Confidence - Try Our Shoes Risk Free and Return Within 45 Days for a Refund. Get Exclusive Discounts and Rating for skechers.com 4.5 → (69) Store Locator Take an Extra 10% Off Slip-ins Sale Hands Free Slip-ins ™",Search,10/16/2024
Skechers,Max Cushioning Collection SKECHERS Step into effortless style and comfort with Skechers Hands Free Slip-ins? Get Exclusive Discounts and Free Shipping When You Sign Up,Search,10/16/2024
Skechers,SKECHERS? Slip Slippers - SKECHERS Official Site Join the SKECHERS? Plus Loyalty Program Today For Exclusive Discounts and Free Shipping. Treat your feet to the ultimate comfort. Discover slippers that feel like walking on air Rating for skechers.com 4.4 ↓ (68) Hands Free Slip-ins ™ Just Step In & Go No Bending Over SKECHERS Shoe Finder Take Our Interactive Quiz Find Your Next Pair of Shoes,Search,10/22/2024
Skechers,SKECHERS Official Site - Skechers Women's Slippers Join the SKECHERS? Plus Loyalty Program Today For Exclusive Discounts and Free Shipping. Treat your,Search,10/22/2024
Skechers,Join the SKECHERS? Plus Loyalty Program Today For Exclusive Discounts and Free Shipping,Search,10/31/2024
Skechers,"Skechers Slip-lns - Hands Free Slip- ins Enjoy Work Shoes & Boots With Slip Resistant, Durable Technology For Safety & Comfort. Put Safety First With SKECHERS?. Shop Our Collection of Safety Toe Shoes Hands Free Slip-ins ™ SKECHERS? Shoe Finder Cyber Monday - 30% off Regular Priced Items Valid Dec 2 - Dec 3",Search,11/10/2024
Skechers,Official Site /The Comfort Technology Company Find Styles that Always Keep You Comfortable at SKECHERS?-The Comfort Technology Company Take an Extra 10% Off - SKECHERS? Shoe Finder,Search,11/10/2024
Skechers,"Comfort and Style, Everywhere You Go. Shop SKECHERS? Walking Shoes Today. Step into a Pair & Experience the Difference of SKECHERS?. Free",Search,11/10/2024
Skechers,Slip-Ins: GO WALK Flex - Nova Step into a Pair & Experience the Difference of SKECHERS?.Free Returns on Every Order,Search,11/10/2024
Skechers,"Twinkle Toes for Girls I SKECHERS Light up in girls' Twinkle Toes! Fun play shoes with rhinestones for school, playgrounds and home. Fun play shoes with rhinestones for school, playgrounds",Search,11/10/2024
Skechers,"Kids ShoesI SKECHERS Get Exclusive Discounts and Free Shipping When You Sign Up As A SKECHERS Plus Member. Sign Up For A SKECHERS? Plus Membership Today For Exclusive Discounts and Free Shipping. Easy Online Checkout Try Our Shoe Finder Quiz. Curbside Pickup Buy Now, Pay Later · SKECHERS Shoe Finder :",Search,11/10/2024
Skechers,Skech-Lite Pro - Perfect Time Skechers Get an extra step of comfort with Skechers Skech-Lite Pro - Perfect Time Find Styles that Always Keep You Rating for skechers.com 4.4↓ (67) SKECHERS? Shoe Finder Hands Free Slip-ins ™,Search,11/10/2024
Skechers,Skechers Slip-ins: GO GOLF Prestige Long Lasting Comfort So You Can Go The Extra Mile Shop SKECHERS? Golf Shoes Today. Step Up Your Performance on the Green with SKECHERS?. Shop Comfortable Golf Shoes Today. Free Shipping with our free loyalty program. Handle the course in timeless st,Search,11/10/2024
Skechers,Men's Golf Shoes - Skechers SGO GOLF Collection Men's Golf Shoes I Slip-ons & Waterproof IArch Support I Skechers Elevate your golf game with Skechers men's Rating for skechers.com 4.8 (235),Search,11/10/2024
Skechers,Work: Skech-Air Ventura SR Free Shipping with our free loyalty program. Find comfort walking on air all day long wearing Skechers Work Skech-Air Ventura SR. This slip-resistant sneaker features a mesh and synthetic upper with stretch laces a,Search,11/10/2024
Skechers,"Max Cushioning: Shop Now Step into a Pair & Experience the Difference of SKECHERS. Free Returns on Every Order Buy Now, Pay Later - Take an Extra 10% Off :",Search,11/10/2024
Skechers,Women's Flats I Ballet Flats & More SKECHERS Sign Up For SKECHERS Plus Today and Get Free Shipping. Save More With SKECHERS?. Find Styles that Always Keep You Comfortable at SKECHERS? The Comfort Technology Company,Search,11/10/2024
Skechers,ISkechers - Shop Kids' Shoes From casual to performance or school to work Skechers has you covered,Search,11/10/2024
Skechers,"Skechers Slip-lns Pants - Slip-ins Pants I Skechers Discover ultimate comfort with Skechers Slip-ins pants Durable, supportive, and designed for tough jobs- SKECHERS? shoes keep you going strong. Easy Online Checkout. Free Shipping for Members. Curbside Pickup. Buy Now, Pay Later. Try Our Shoe Finder Quiz Rating for skechers.com 4.4 ↓ (65) Hands Free Slip-ins ™ Store Locator Sale",Search,11/10/2024
Skechers,"Julius Randle Ltd Ed Basketball Shoe SKECHERS Get Julius Randle's Skx Reign Rhythm basketball shoe Limited-edition design inspired by a bass guitar, with Hyper Burst cushioning & Goodyear traction for elite play Rating for skechers.com 4.5(260)",Search,11/10/2024
Skechers,"Glide-Step I SKECHERS Cloud-like comfort meets energizing stride. Pillowy cushioning, featherlight, breathable, in eye-catching colors. Ultimate walking experience Rating for skechers.com 4.5↓ (260) Hands Free Slip-ins ™ Take an Extra 10% Off",Search,11/10/2024
Skechers,Martha Stewart CollectionI Skechers - Skechers Martha Stewart Check Out the Latest Styles in the SKECHERS? Sandals Selection. Comfort in Every Step Rating for skechers.com 4.5→ (65) 95-100%,Search,11/10/2024
Skechers,Check Out the Latest Styles in the SKECHERS? Beach Selection,Search,11/10/2024
Skechers,"Bags I SKECHERS Shop Skechers bags and backpacks for work, travel school and more Carry all your essentials with functional comfort. Free Shipping with Skechers Plus",Search,11/11/2024
Skechers,"Women's Flats I Ballet Flats & More Skechers Fall in love with Skechers' women's flats with Memory Foam - super comfy, super cute casuals for work and the weekend Rating for skechers.com 4.8 (235) +%66",Search,11/11/2024
Skechers,Bobs ShoesI SKECHERS Make a difference with BOBS - the brand that's donated more than $13 million to animal organizations and has helped 2 million shelter dogs and cats. Free Shipping with Skechers Plus,Search,11/11/2024
Skechers,"Skechers x John Deere View our Skechers x John Deere collection. Browse waterproof boots with Poron Xrd protection, Skechers technologies like Arch Fit and Relaxed Fit, plus kid- friendly options with Air-Cooled Memory Foam and machine Hands Free Slip-ins ™ Slip-ins ™ Boots Waterproof Boots",Search,11/12/2024
Skechers,Cleo Sawdust - Sweet Sensation Shop SKECHERS? New Arrivals.Find Your Perfect Pair Today. Shop Our Huge Selection of Fun Styles that the WholeFamily Will Love,Search,11/14/2024
Skechers,"BOBS Keepsakes - Cozy Kicks Join the SKECHERS? Plus Loyalty Program Today For Exclusive Discounts and Free Shipping. Indulge in plush comfort with our soft, supportive, and stylish slippers. Free Shipping with our free loyalty program Stay cozy and comfortable in classic style with BOBS",Search,11/15/2024
Skechers,"End of Season SaleI SKECHERS Free Shipping & more with Skechers Plus, our free loyalty program. Comfortable & innovative footwear for men, women, & kids. From casual to performance or school to work, Skechers has you covered",Search,11/18/2024
Skechers,"Uno - Stand On Air - Shop Skechers Street An iconic classic gets a fresh update in Skechers Street ™ Street Uno - Stand on Air Get Exclusive Discounts and Free Shipping When You Sign Up As A SKECHERS? Plus Member. Try Our Shoe Finder Quiz Buy Now, Pay Later. Easy Online Checkout Rating for skechers.com 4.5 ↓ (80) 95-100% SKECHERS? Shoe Finder Hands Free Slip-ins ™",Search,11/22/2024
Skechers,"Tennis Shoes for Men & Women SKECHERS Dominate the court with Skechers tennis shoes Innovative, lightweight, and responsive designs built for performance. Find your perfect match for the court today $50 & Under Kid's Shoes : Buy Now, Pay Later",Search,11/24/2024
Skechers,SKECHERS Glide-Step - Glide-Step: Redefine Your Walk SKECHERS? Glide-Step? Pillow-soft cushioning with breathable uppers and flexible soles. Long Lasting Comfort So You Can Go The Extra Mile. Shop Rating for skechers.com Orderaccuracy 4.8 (237) 95-100%,Search,11/26/2024
Skechers,SKECHERS Glide-Step? Pillow-soft cushioning with breathable uppers and flexible soles,Search,11/26/2024
Skechers,SKECHERS? Official Site - Hands Free Slip-ins Shop with Confidence - Try Our Shoes Risk Free and Return Within 45 Days for a Refund Hands Free Slip-ins ™ Take an Extra 10% Off Men's Glide-Steps Store Locator Glide-Step Slip-ins ™,Search,11/26/2024
Skechers,Hands Free Slip-ins I Slip On Shoes SKECHERS The perfect hands free slip on shoes designed with our exclusive Heel Pillow that allows you to step in without bending over. No Touching Shoes. No Hassles. Try Our Shoe Finder Quiz. Curbside Pickup Rating for skechers.com 4.5 ↓ (259) Hands Free Slip-ins ™ Best Sellers Store Locat,Search,11/26/2024
Skechers,SKECHERS Factory Outlet SKECHERS Glide-Step? Pillow-soft cushioning with breathable uppers and flexible soles,Search,11/26/2024
Skechers,"s Slip-ins Relaxed Fit: Troutt - Davey Comfort and Style Every Step of the Way. Shop SKECHERS? Walking Shoes Today. Shop Now, Pay Later - Shop SKECHERS? Best Sellers Today With Deals Just For You. Free Shipping with our free loyalty program. Just slip in to everyday comfort and",Search,11/26/2024
Skechers,Skechers Slip-ins: BOBS Arch Comfort Sunfest Free Shipping with our free loyalty program. Enjoy classic style with easy-going comfort in Skechers Hands Free Slip-ins BOBS from Skechers Arch Comfort Sunfest. Designed with our Heel Pillow this vegan slip on... Curbside Pickup. Free Shipping for Members Rating for skechers.com 4.5 1 (260) 3 hours,Search,11/28/2024
Skechers,SKECHERS Official Site I The Comfort Technology Company Get 20% off at Skechers Join our free rewards program for 20% off & free shipping on any order. Guests get $99+ free shipping. Find your perfect pair Rating for skechers.com 4.5↓ (259) Hands Free Slip-ins ™ Store Locator SKECHERS? Shoe Finder Best Sellers Take an Extra 10% Off,Search,11/28/2024
Skechers,Uno - Stand On Air Free Shipping with our free loyalty program. An iconic classic gets a fresh update in Skechers Street Street Uno - Stand on Air. This lace-up fashion sneaker features a smooth perforated synthetic upper with a Try Our Shoe Finder Quiz SKECHERS? Shoe Finder Hands Free Slip-ins ™,Search,11/28/2024
Skechers,"SKECHERS? Canada - SKECHERS? Canada - Official The only place for our complete SKECHERS collection Shop Men's, Women's and Kid's Styles. Iconic designs & premium materials combine to achieve the ultimate in comfort & style Clearance Sale Women's Shoes Women's Sandals Skechers Arch Fit Summer Sale : Up to 30% off Select Styles Ends Jul 31",Search,12/1/2024
Skechers,4.0 (26) Shoe store Philadelphia Call Website Directions,Search,3/26/2025
Skechers,SKECHERS Cozy Fit - Skechers Cozy Fit Join the SKECHERS? Plus Loyalty Program Today For Exclusive Discounts and Free Shipping. Shop with Confidence - Try Our Shoes Risk Free and Return Within Hands Free Slip-ins Cozy Fit Shop Our Cozy Fit Co,Search,3/26/2025
Skechers,SKECHERS? Official Site - Cozy Fit by SKECHERS? Join the SKECHERS? Plus Loyalty Program Today For Exclusive Discounts and Free Shipping. Shop with Confidence - Try Our Shoes Risk Free and Return Within 45 Days for a Refund. Try Our Shoe Finder Quiz Easy Online Checkout Rating for skechers.com 4.4 ↓ (82) Most items 45+ days SKECHERS Shoe Finder Take Our Interactive Quiz Find Your Next Pair of Shoes SKECHERS? Official Site I The Co,Search,3/26/2025
Skechers,"SKECHERS Official Site I The Comfort Technology Company Buy One, Get One 50% Off Kids' Shoes. Discount is automatically applied at cart. Valid through 8/2. Free shipping with loyalty or on all orders over $99 Hands Free Slip-ins ™ SKECHERS? Shoe Finder Store Locator Best Sellers Back to school : 50% off Buy One Get One Valid Jul 11 - Aug 6",Search,3/27/2025
Skechers,4.2 (384) · $$ Shoe store Coon Rapids 20% off at Skechers - Join our free rewards program for 20% off & free shipping on any order Call Website Directions,Search,3/27/2025
Skechers,Free Returns on E Every Order - Step Into Customer Faves Find Styles that Always Keep You Comfortable at SKECHERS? - The Comfort Technology Company,Search,4/18/2025
Skechers,(564) : $$ : Shoe store Open 24 hours Call Directions,Search,4/18/2025
Skechers,SKECHERS? Shoes for Kids - Shoes That Kids Want to Wear Sign Up For A SKECHERS Plus Membership Today For Exclusive Discounts and Free Shipping. Get Exclusive Discounts and Free Shipping When You Sign Up As A SKECHERS? Plus Member. Easy Online Checkout,Search,4/18/2025
Skechers,skechers factory outlet/ SKECHERS Factory /Outlet Sign Up For A SKECHERS? Plus Membership Today For Exclusive Discounts and Free Shipping,Search,4/18/2025
Skechers,Find Styles that Always Keep You Comfortable at SKECHERS - The Comfort Technology Company,Search,4/18/2025
Skechers,"SKECHERS? Official Site - Our Most Loved Shoes - Free Shipping & Step into a Pair & Experience the Difference of SKECHERS?. Free Returns on Every Order. Shop On Trend, Comfortable Shoes at SKECHERS?",Search,4/18/2025
Skechers,Ultimate SKECHERS? Comfort - The Comfort Technology Company Find Styles that Always Keep You Comfortable at SKECHERS - The Comfort Technology Company Step into a Pair & Experience the Difference of,Search,9/5/2025
Skechers,"Wide Fit I Men & Women IWide Toe Box ShoesI SKECHERS Skechers Wide Fit shoes deliver the perfect blend of comfort, support, and style for those needing extra room to move. With styles in sandals, boots, shoes, & more",Search,11/18/2025
Skechers,Sponsored By SKECHERS? null SKECHERS Warehouse Outlet Visit site,Search,11/18/2025
Skechers,"Kids Socks, Hats, Sunglasses Watches & More I SKECHERS 4.7 advertiser rating Shop fun and funky kids' socks, hats, sunglasses watches, and more for boys and girls. Curbside Pickup Free Shipping for Members. Easy Online Checkout",Search,11/18/2025
Skechers,s Slip-ins: Summits Free Shipping with our free loyalty program. Go Hands Free Bring the kids in on the comfort of a Skechers favorite with Skechers Slip-ins Summits. Designed with our Heel Pillow this popular slip-on style features a,Search,11/20/2025
Skechers,SKECHERS? Official Site - Join Plus SKECHERSR Today Find Styles that Always Keep You Comfortable at SKECHERS? - The Comfort Technology Company,Search,12/16/2025
Skechers,Shop SKECHERS? Wide Fit - Comfort Shoes for Wide Feet Enjoy Extra Space and All-Day Comfort with SKECHERS? Wide Fit Shoes. Find Styles that Always Keep You Comfortable at SKECHERS? - The Comfort Rating for skechers.com 4.8 (235) 3 hours,Search,12/17/2025
Skechers,"SKECHERS? Official Site - Shop SKECHERS? Wide Fit Find Styles that Always Keep You Comfortable at SKECHERS - The Comfort Technology Company Shop with Confidence - Try Our Shoes Risk Free and Return Within 45 Days for a Refund Hands Free Slip-ins ™ Comfort Shoes for Wide Feet Your Wide Fit Solution SKECHERS? Shoe Finder Buy Now, Pay Later",Search,12/18/2025
Skechers,BOBS B Cute 2.0 Free Shipping with our free loyalty program. Easy- wearing classic style and comfort combine in BOBS from Skechers B Cute 2.0. This casual vegan design features a cotton canvas upper with frayed edge details tied,Search,12/18/2025
Skechers,Skechers Slip-ins: GO WALK Flex - Grand Entry Free Shipping with our free loyalty program. Walking is a Sport Step-in to convenient walking comfort and cushioning wearing Skechers Hands Free Slip-ins Go Walk Flex Grand Entry. Designed with our Heel Pillow this... Try Our Shoe Finder Quiz. Easy Online Checko Rating for skechers.com 4.7 ↓ (269) 95-100%,Search,12/18/2025
Skechers,"Match - Free Dominate Shipping Orders $99+ on Step up your game with Skechers soccer shoes designed for comfort, grip, and durability",Search,2/5/2026
Skechers,"Game, Your Advantage - SKX 2 Elite Skechers FG Step up your game with Skechers soccer shoes designed for comfort, grip, and durability",Search,2/5/2026
Skechers,That Win - SKECHERSR Basketball Shoes Shop with Confidence - Try Our Shoes Risk Free and Return Within 45 Days for a Refund,Search,2/5/2026
Skechers,4.0 (42) Shoe store Philadelphia Call Website Directions Products at this location Read reviews (42),Search,2/5/2026
Skechers,Ball Like Never Before - Built for Hoops and Style Shop with Confidence - Try Our Shoes Risk Free and Return Within 45 Days for a Refund,Search,2/5/2026
Skechers,"Step up your game with Skechers soccer shoes designed for comfort, grip, and durability",Search,2/5/2026
Skechers,"SKECHERS? Winter Sale - Long Weekend Sale Get 2 Pairs for $100 During the SKECHERS What Winter Slump? Sale Comfortable & innovative footwear for men, women, & kids. Style & Comfort. Website Exclusives.Member Exclusive Deals Rating for skechers.com 4.8 (259) SKECHERS? Slip-ins ™ Shop SKECHERS? Slip-ins ™ Now. Slip Into SKECHERS? Comfort Hands-Free Slip-On Comfort Slip In And Go With SKECHERS? Slip-Ins ™ - Hands-Free Comfort For Daily Life Skechers Google Play",Search,2/5/2026
Skechers,"SKECHERS? Work Shoes - Work & Safety Shoes Enjoy Work Shoes & Boots With Slip Resistant, Durable Technology For Safety & Comfort Rating for skechers.com 4.8 (259) Slip-Resistant Safety Shoes Never Sacrifice Comfort or Safety With SKECHERS? Work Shoes",Search,2/5/2026
Skechers,4.1 (360) : $$ · Shoe store Open Call Directions,Search,2/5/2026
Skechers,s Official Site SKECHERS The Comfort Technology Company Get 20% off at Skechers Join our free rewards program for 20% off & free shipping on any order. Guests get $99+ free shipping. Find your perfect pair,Search,2/5/2026
Skechers,SKECHERS Official Site - Free Shipping & Returns Find Styles that Always Keep You Comfortable at SKECHERS - The Comfort Technology Company Store Locator Find a SKECHERS Store Near You Locate a SKECHERS?Store Hands Free Slip-ins ™ Just Step In & Go No Bending Over SKECHERS? Shoe Finder Take Our Interactive Quiz Find Your Next Pair of Shoes,Search,2/5/2026
Skechers,SKECHERS? Official Site - Save Big Today Get Exclusive Discounts and Free Shipping When You Sign Up As A SKECHERS Plus Member. Shop for Skechers shoes and apparel on clearance online. Free Shipping for Members. Try Our Shoe Finder Quiz. Easy Online Checkout. Curbside Pickup. Styles: Running Rating for skechers.com 4.8 (259) SKECHERS? Clearance Shop Our Huge Selection of Styles the Whole FamilyWill Love Hands Free Slip-ins ™ Just Step In & Go No Bending Over,Search,2/5/2026
Skechers,Stylish and convenient - SKECHERS? Official Site Step into a Pair & Experience the Difference of SKECHERS?. Free Returns on Every Order Best Sellers SKECHERS Shoe Finder Hands Free Slip-ins ™,Search,2/5/2026
Skechers,(227) : $$ - Shoe store Open 24 hours Call Directions,Search,2/5/2026
Skechers,Shop Skechers Pickleball today - Join SKECHERS? Plus Today Shop SKECHERS? Pickleball Shoes for Comfort and Performance. Shop SKECHERS? Pickleball Shoes SKECHERSPickleballShoes Pickleball Shoes Made For You Best Sellers,Search,2/5/2026
Skechers,Join SKECHERS? Plus Today - Free Returns on Every Order Long Lasting Comfort So You Can Go The Extra Mile. Shop SKECHERS Golf Shoes Today. Step Up Your Performance on the Green with SKECHERS?. Shop Comfortable Rating for skechers.com 4.8 (259),Search,2/5/2026
Skechers,4.2 (113) - Shoe store Open Call Directions,Search,2/5/2026
Skechers,Skechers.com - Shop Exclusive SKECHERS Deals Join our free rewards program for 20% off & free shipping on any order Enjoy Free Shipping On Rating for skechers.com 4.8 (253) 1-5 days Kids Sale Hands Free Slip-ins ™ SKECHE,Search,2/5/2026
Skechers,BOBS from Skechers - SKECHERS? Official Site Shop Our Huge Selection of Fun Styles that the Whole Family Will Love. Support Animals with BOBS? and Make a Difference Today. Try Our Shoe Finder Quiz Rating for skechers.com 4.8 (253) Most items 45+ days Shop our BOBS Collection Women's Shoes BOBS? Shoes That Support Pets Women Hands Free Slip-ins ™,Search,2/5/2026
Skechers,SKECHERS? Official Site - Shop for stylish boots Shop Our Huge Selection of Styles the Whole Family Will Love Shop for Skechers shoes and apparel on clearance online. Easy Online Checkout Rating for skechers.com 4.8 (259) 95-100%,Search,2/5/2026
Skechers,Shop SKECHERS? Deals on Shoes Free Returns on Every Order Find Styles that Always Keep You Comfortable at SKECHERS - The Comfort Technology Company Rating for skechers.com 4.8 (259) Most items 45+ days SKECHERS Shoe Finder Take Our Interactive Quiz Find Your Next Pair of Shoes SKECHERS? Official Site,Search,2/5/2026
Skechers,"Kids Shoes by SKECHERS? - Kids Shoe Styles by SKECHERS? Shop Athletic, Light Up, Casual Styles & More. Get in Gear Today Only at SKECHERS?. Shop Our Huge Selection of Fun Styles that Kids Love. Curbside Pickup. Easy Online Checkout. Free Shipping for Members Rating for skechers.com 4.8 (259) Take an Extra 10% Off Waterproof Kids Shoes SKECHERS? Shoe Finder Kids Shoes & Accessories",Search,2/5/2026
Skechers,Fit by SKECHERS? - Cozy Fit Collection Shop with Confidence - Try Our Shoes Return Within 45 Days for a Refund. Cc Rating for skechers.com 4.8 +%66,Search,2/5/2026
Skechers,"BOGO 50% Off at SKECHERS? - Sale Ends in 13 days Buy One, Get One 50% Off During the SKECHERS? Spring Forward Sale BOGO 50% Off Sitewide at SKECHERS?. Machine Washable Styles. Free Returns Rating for skechers.com 4.8 (250) 95-100% SKECHERS Slip-ins ™ Men's Shoes SKECHERS Shoe Finder SKECHERS? Best Sellers BOGO 50% Off",Search,2/6/2026
Skechers,"Steel Toe, Composite Shoes Toe Alloy Toe & more ISKECHERS Shop Skechers Work safety-toe shoes: comfort and safety for essential workers, restaurants, construction & more. Free shipping with Skechers Plus",Search,2/10/2026
Skechers,Skechers Slip-ins Relaxed Fit: Caswell - Frantone Free Shipping with our free loyalty program. Modern comfort and business style combine in Skechers Hands Free Slip-ins Relaxed Fit Caswell - Frantone. Designed with our Heel Pillow this moc toe slip-on features a Rating for skechers.com 4.8 (253) Most items 45+ days Hands Free Slip-ins ™ Just Step In & Go No Bending Over Store Locator Find a SKECHERS? Store Near You Locate a SKECHERS? Store SKECHERS? Shoe Finder Take Our Interactive Quiz Find Your Next Pair of Shoes,Search,2/10/2026
Skechers,"Men's Slip-On Shoes - Memory Foam comfort Discover men's Slip-Ons - Memory Foam comfort for sport, casual, and dress looks Perfect for work or weekend wear. Free Shipping & more with Skechers Plus. Curbside Pickup Hands Free Slip-ins ™ Just Step In &Go No Bending Over SKECHERS? Shoe Finder Take Our Interactive Quiz Find Your Next Pair of Shoes Store Locator Find a SKECHERS? Store Near You Locate a SKECHERSStore",Search,2/11/2026
Skechers,"SKECHERS Official Site - Enjoy 20% off your order - Up To 25% Off Your Order Join our free rewards program for 20% off & free shipping on any order Guests get $99+ free shipping Find your perfect pair. Free Shipping for Members. Buy Now, Pay Later. Curbside Pickup. Try Our Shoe Finder Quiz. Easy Online Checkout. Styles: Boot, Sneaker Rating for skechers.com 4.8 (255) 3 hours",Search,2/12/2026
Skechers,"Skechers Slip-lns for Women - Hands Free Slip-ins Featuring a stretchy knit upper and cushioned memory foam insole, you'll love the convenience and comfort of these slip-on shoes Rating for skechers.com 4.8 (254) 1-5 days Hands Free Slip-ins ™ Just Step In & Go No Bending Over SKECHERS? Shoe Finder Take Our Interactive Quiz Find Your Next Pair of Shoes Best Sellers Shop Our Popular Styles Explore the Top- Selling Shoes",Search,2/12/2026
Skechers,SKECHERS Official Site - Shop Skechers shoes today Join our free rewards program for 20% off & free shipping on any order Guests get $99+ free shipping Find your perfect pair. Try Our Shoe Finder Quiz. Free Shipping for Members Rating for skechers.com 4.8 (254) 1-5 days,Search,2/12/2026
Skechers,"Shop Skechers today - snoop dogg x skechers Collaboration with shoes, clogs & sandals featuring Snoop's very own designs Snoop Dogg: Snoop Ace - Cyber Wa Hands Free Slip-ins ™ SKECHERS Shoe Finder Collaboration with sandals Slip-ins ™ Boots",Search,2/13/2026
Skechers,"Slip Resistant Work Shoes - Women's Work Shoes & Boots A variety of styles and work features to suit different industries Steel toe, slip resistant, clogs, safety toe, & many more. Curbside Pickup. Easy Online Checkout Try Our Shoe Finder Quiz. Free Shipping for Members Buy slip resistant shoes Steel Toe & Slip Resistant Toe Hands Free Slip-ins ™ SKECHERS? Shoe Finder Store Locator",Search,2/13/2026
Skechers,Up To 40% Off Select Styles - Get 20% off at Skechers shoes Join our free rewards program for 20% off & free shipping on any order Rating for skechers.com 4.8 (254) Hands Free Slip-ins ™ Shop Skechers shoes,Search,2/13/2026
Skechers,"Girls Lace Up Shoes & Boots SKECHERS Shop the extensive Skechers collection of lace up girls shoes today - stylish, comfortable, practical and perfect for sports or casual wear. Discover now",Search,2/14/2026
Skechers,SKECHERS Official Site - Up To 25% Off Take 20% Off During the SKECHERS? Long Weekend Sale. Shop SKECHERS Today Always Comfortable &AlwaysOn Trend,Search,2/17/2026
Skechers,s Slip-ins: On-The-GO Flex Radiant - Dreaming Free Shipping with our free loyalty program. Stylish and versatile comfort combine in Skechers Hands Free Slip- ins On-The-GO Flex Radiant - Dreaming. Designed with our Heel Pillow this skimmer style features a,Search,2/17/2026
Skechers,SKECHERS? Shoes - All Day Comfort & Style Always Comfortable & Always On Trend. Shop Our Huge Selection of SKECHERS? Today! Iconic Design & Premium Materials Fuse to Achieve the Ultimate in Shop SKECHERS? Clearance SKECHERS Slip-ins ™ Women's Shoes SKECHERS? Arch Fit Shoes,Search,2/24/2026
Skechers,Men's Relaxed Fit Shoes SKECHERS Skechers Relaxed Fit shoes for men feature a roomier toe box and a Skechers Air-cooled Memory Foam insole for easy-to-wear comfort Rating for skechers.com 4.8 (249) 95-100% Hands Free Slip-ins ™ Just Step In &Go No Bending Over,Search,2/26/2026
Skechers,Skechers Slip-ins Relaxed Fit: GO WALK Arch Fit N-Joy - Nobend Free Shipping with our free loyalty program. Love the support in your everyday walking style wearing Skechers Hands Free Slip-ins Relaxed Fit Go Walk Arch Fit N-Joy - Nobend. Designed with our Heel Pillow this vegan... Curbside Pickup. Try Our Shoe Finder Rating for skechers.com 4.8 (249) 95-100%,Search,2/26/2026
Skechers,"Kids Hands Free Slip-ins I SKECHERS Easy on, easy off Skechers Hands Free Slip-lns for kids are comfy shoes that let them jump right in, no lacing required. Try Our Shoe Finder Quiz. Curbside Pickup Buy Now, Pay Later Hands Free Slip-ins ™ Just Step In & Go No Bending Over SKECHERS? Shoe Finder TakeOurInteractiveQuizFindYourNextPairof Shoes Take an Extra 10% Off Use Code: PiCKUP Buy Online, Pick Up In Store",Search,2/26/2026
Skechers,"Shoes I Steel Toe, Composite Toe Alloy Toe & moreI SKECHERS Shop Skechers Work safety-toe shoes: comfort and safety for essential workers, restaurants, construction & more. Free shipping with Skechers Plus. Curbside Pickup SKECHERS? Shoe Finder Take Our Interactive Quiz Find Your Next Pair of Shoes Waterproof Kids Shoes Keeps little feet dry Durable shoes for wet days",Search,2/26/2026
Skechers,"Dogg x Skechers Collaboration with shoes, clogs & sandals featuring Snoop's very own designs. Free shipping with Skechers Plus. Try Our Shoe Finder Quiz. Easy Online Checkout Curbside Pickup. Styles: Running, Golf",Search,2/26/2026
Skechers,"Arch Fit Arcade I Supportive Hands- Free SneakersISKECHERS Step into effortless comfort with Skechers Arch Fit Arcade. Featuring podiatrist-certified arch support and Hands-Free Slip-ins technology for an easy, no-tie fit Rating for skechers.com 4.8 (249) 95-100% Hands Free Slip-ins ™ Just Step In & Go No Bending Over",Search,2/27/2026
Skechers,"Spring Forward BOGO Sale - Sale Ends in 9 days Free Shipping & more with Skechers Plus, our free loyalty program Rating for skechers.com 4.8 (249) Most items 45+ days 50% off Buy One, Get One Valid Mar 4 - Mar 17 View 3 prices from $75.00",Search,3/4/2026
Skechers,Skechers: Comfort & Speed - Skechers: Comfort Never Quits Find your perfect fit with skechers aero running shoes for men and women. Shop our skechers aero running shoes with hyper burst foam for enhanced comfort,Search,3/6/2026
Skechers,"Go Walk: Sandal Comfort - Men's Sandals, Redefined Skechers: Sandals so comfy, you'll forget you're wearing them Sandals On Sale Arch Fit Sandals Women's Sandals Shop Women's Sandals Skechers: Wide Width Sandals",Search,3/6/2026
Skechers,Skechers Arch Fit: Walk Happy - Elevate Your Walking Game Skechers Go Walk Shoes Are Designed With Comfort In Mind. Shop Our Selection Today! From casual to Rating for skechers.com 4.8 (249) 3 hours Women's Walking Shoes Skechers Women's Walking Shoes Slip-In Walking Shoes,Search,3/6/2026
Skechers,Skechers.com--Comfort And Style For Every Day,Search,3/13/2026
Skechers,SKECHERS? Official Site - Hands s Cozy Free e Slip-ins Fit Powered by Hands Free Slip-ins? and Contour Foam ™ technologies. Contour Foam Tm is a Midsole that,Search,3/24/2026
Skechers,"Built for Speed - Responsive Running Comfort SKECHERS? Plus Members earn points, free shipping 90-day returns, & exclusive offers Men's Cozy Fit : Men's Arch Fit Shoes",Search,3/24/2026
Skechers,SKECHERS? Official Site SKECHERS Plus: Free Shipping Lightweight walking shoes with smooth cushioning for all-day comfort Women Women's Sale Shop All Sale,Search,3/24/2026
Skechers,4.2 (177) Shoe store Tonawanda Call Website Directions Read reviews (177),Search,3/24/2026
Skechers,"SKECHERS? Official Site - Shop Online, Pick Up In-Store Easy on, all-day comfort with SKECHERS? slip-in sandals for any day. Slip on SKECHERS? sandals and go with lightweight comfort and support Rating for skechers.com Orderaccuracy 4.8 (242) 95-100%",Search,3/24/2026
Skechers,"Support You Feel - Better Support with Arch Fit? SKECHERS? Plus Members earn points, free shipping 90-day returns, & exclusive offers",Search,3/24/2026
Skechers,< Easy in Arch Fit? Shoes - SKECHERS? ArchFit? shoeswith removable insoles personalized comfort. Supportive cushic using 20 years of,Search,3/24/2026
Skechers,"Easy Slip On Walking Walk comfortably with supportive, flexib for daily wear. Lightweight walking shoe",Search,3/24/2026
Skechers,SKECHERS? Official Site - Get Free Shipping & Returns Step into All-Day Comfort with SKECHERS Footwear for Every Occasion. Contour Foam ™ is a Midsole that Rating for skechers.com 4.8 (245),Search,3/25/2026
Skechers,"SKECHERS? Official Site - Shop Exclusive Deals Lightweight walking shoes with smooth cushioning for all-day comfort. Cushioned walking shoes made for Rating for skechers.com 4.8 (245) Women's GO WALK Shoes Walking Shoes for Her Lightweight Walking Comfort Kids' Slip-in Sandals Shop All Sale Women's Slip-in Sandals Spring Sale - 50% off Buy One, Get One Ends Apr 6",Search,3/25/2026
Skechers,"SKECHERS? Plus: Free Shipping - Aero Running Styles I Skechers SKECHERS Plus Members earn points, free shipping 90-day returns, & exclusive offers. SKECHERS? AERO Rating for skechers.com 4.8 (245) Shop All Sale Men's Arch Fit Shoes Slip-in Aero Shoes Shop Exclusive Deals Spring Sale - 50% off Buy One, Get One Ends Apr 6",Search,3/25/2026
Skechers,"SKECHERS? Official Site - SKECHERS? GO WALK? Shoes SKECHERS? Plus Members earn points, free shipping 90-day returns, & exclusive offers. Lightweight walking shoes Women's GO WALK Shoes SKECHERS? Walking Shoes Men's GO WALK Shoes",Search,3/25/2026
Skechers,Step Into Arch Fit? Support - SKECHERS? Arch Fit? Shoes Arch Fit? shoes with removable insoles for personalized comfort. Walk comfortably with Rating for skechers.com 4.8 (238) 3 hours,Search,3/25/2026
Skechers,Slip-ln Comfort Sanda Step in easily without bending over or touching your sandals,Search,3/25/2026
Skechers,"Step in retro vibes and comfort with Skechers Jammers Featuring Air-Cooled Memory Foam & heritage styled outsole. Curbside Pickup Hands Free Slip-ins ™ JustStep In&GoNoBendingOver SKECHERS? Shoe Finder Buy Now, Pay Later Spring Sale - 50% off Buy One, Get One Valid Mar 4 - May 6",Search,3/26/2026
Skechers,"Skechers Shoe Finder I Skechers - Interactive Shoe Finder Quiz Take Our Interactive Shoe Finder Quiz to Find Your Perfect Match! Rating for skechers.com 4.8 (244) SKECHERS? Shoe Finder Hands Free Slip-ins ™ Spring Sale : 50% off Buy One, Get One Valid Mar 4 - May 6",Search,3/26/2026
Skechers,Shoes that offer maximum space so that wider feet stay comfortable all day long,Search,3/28/2026
Skechers,"SKECHERS? AERO delivers speed, support, and energy return. SKECHERS Plus Members earn points, free shipping, 90-day returns, & exclusive offers Explore a our collection of Skechers Sneakers. Find your perfect pair for comfort, style & performance",Search,3/28/2026
Skechers,Shop Skechers shoes online Discover comfortable styles for walking running and daily wear,Search,4/7/2026
Skechers,"Plus Members earn points, free shipping, 90-day returns,& exclusive offers",Search,4/7/2026
Skechers,Men's Clothing & Accessories SKECHERS Shop for men's apparel & accessories at Skechers Sign up today for our Elite Program for free shipping and more savings Wide Fit Aero Shoes : Women's Arch Fit Shoes,Search,4/9/2026
Skechers,"s & Waterproof elevate your golf game with skechers m waterproof golf shoes. comfortable, styl performance-driven for all weather conditions. step up yourplay today!",Search,4/10/2026
Skechers,"Leggings, Shorts, Pants & more SKECHERS Step into All-Day Comfort with SKECHERS Footwear for Every Occasion. Contour Foam ™ is a Midsole that Adapts to Your Foot's Shape, Softening Each Step Shop the latest selection of stylish and comfortable women's bottoms. From shorts to leggings, Skechers",Search,4/10/2026
Skechers,SKECHERS Official Site - Ultimate SKECHERS? Comfort Skechers Official Site I The Comfort Technology Company Join Skechers Plus for 20% off and free shipping on any order. Shop Online. View Promotions Women's Shoes Sale Women's Collection Women's Casual Shoes Work Shoes,Search,4/12/2026
Skechers,"Take 50% Off Your Order - SKECHERS Official Site - skechers..: SKECHERS? Shoes Step into a Pair & Experience the Difference of SKECHERS. Shop SKECHERS ShoesforMen,Women &Kids Rating for skechers.com 4.8 (241) 3 hours",Search,4/12/2026
Skechers,4.5 → (6) Shoe store Carmel Skechers - Check Out the Latest Styles in the SKECHERS? Sandals Selection.... Visit site Call Website Directions,Search,4/14/2026
Skechers,Hands Free Slip-in Sandal Shoe store · Paramus Hands Free Slip-ins ™ Women's Slip-in Sandals SKECHERS? Sandals SKECHERS Shoe Finder Best Sellers,Search,4/14/2026
Skechers,SKECHERSR Sandals - GO FOAM Sandals - Ultimate Comfort Get Exclusive Discounts and Free Shipping When You Sign Up As A SKECHERS? Plus Member. Check Out the Latest Styles in the SKECHERS Beach Selection Curbside Pickup. Easy Online Checkout,Search,4/14/2026
Skechers,SKECHERS Official Site - Get 50% Off Sitewide Join Skechers Plus for 20% off and free shipping on any order Skechers Official Site I The Comfort Technology Company,Search,4/14/2026
Skechers,"Wide Fit I Men & Women IWide Toe Box Shoes SKECHERS Check Out the Latest Styles in the SKECHERS Sandals Selection. Comfort in Every Step. Have Fun In The Sun In SKECHERS? Sandals. Find Your New Favorite Sandals Today. Skechers Wide Fit shoes deliver the perfect blend of comfort, support, and style",Search,4/16/2026
Skechers,"Comfort And Style For Every Day. Discover SKECHERS Shoes For Work, Sport, And Life",Search,4/17/2026
Skechers,"GO GOLF Slip-ins - Men's Skechers Golf Shoes Elevate your golf game with Skechers men's slip-on waterproof golf shoes. Comfortable, stylish, and performance-driven for all weather conditions. Step up your play today!",Search,4/18/2026
Skechers,"Buy One, Get One 50% Off - Skechers? Official Site Deals BOGO 50% off select styles! Grab your favorite Skechers shoes at the best official prices. Get Exclusive Discounts and Free Shipping When You Sign Up as a SKECHERS? Plus Member Rating for skechers.com 4.8 (240) 1-5 days Sale Kids Women's Collection Women",Search,4/28/2026
Skechers,Official Skechers? Store - Skechers Online Shopping Shop the official Skechers online store for the best selection of shoes for all ages Discover the latest Work Shoes Men Hands Free Skecher Slip Ins,Search,5/6/2026
Skechers,SKECHERS Official Site - Take 50% Off Your Order - The Comfort Skechers Official Site I The Comfort Technology Company Rating for skechers.com 4.8 (239),Search,5/6/2026
Skechers,SKECHERS? Official Site New SKECHERS? styles designed for comfort available exclusively here. Shop our newest styles available onlyhere Rating for skechers.com 4.8 (236),Search,5/20/2026
Skechers,"Comfort - SKECHERS? Official Site SKECHERS? Plus Members earn points, free shipping 90-day returns, & exclusive offers",Search,5/20/2026
Skechers,"Golf I SKECHERS Free Shipping & more with Skechers Plus, our free loyalty program. Comfortable & innovative footwear for men, women, & kids. From casual to performance or school to work, Skechers has you covered Rating for skechers.com 4.8 (238) 1-5 days 25% off Apparel",Search,5/23/2026
Skechers,"Buy slip-ons and waterproof golf shoes - Buy Skechers golf shoes elevate your golf game with skechers men's slip-on waterproof golf shoes. comfortable, stylish, and performance-driven for all weather conditions. step up yourplay today!",Search,6/2/2026
Skechers,s Official Site Skechers Official Site I The Comfort Technology Company,Search,6/3/2026
Skechers,"footwear for men, women, & kids",Search,6/13/2026
Skechers,"Skechers Footwear Online Skechers Shoes For Men, Women, and Kids. Shop Online Today! Skechers offers a wide range of styles for the whole family. View Promotions. Get Support. Sign Up For Updates. Sign Up For E-Mail. E-Gift Cards Available. Categories: Girls' Collection, Boys' Collection Women's Shoes Stores Men Sale",Search,6/18/2026
Skechers,"Twinkle Toes Are Here - Girls' Care Bears Shoes Discover Twinkle Toes and Foamies inspired by Care Bears Shop Kids' Care Bears Explore the Skechers x Care Bears collection for kids today Care Bears for Little Feet Comfortable, colorful styles made for every little Care Bears fan Sign Up to Get 20% Off Sign Up for Email Updates Join for Exclusive MemberPerks 25% off Apparel",Search,7/1/2026
Skechers,Skechers Official Site I The Comfort Technology Company. Effortlessly stylish and comfortable Skechers Hands Free Slip-ins are a must-have,Search,7/12/2026
Skechers,Built for Tough Workdays - Slip- Resistant Work Shoes All-day comfort and durability for workdays that never slow down. Stay comfortable all shift long with supportive SKECHERS? work shoes Comfort For All-Day Wear. Durable Rating for skechers.com 4.8 (235),Search,7/16/2026
Skechers,"SKECHERS? Official Site - Easy Comfort for Kids Find durable styles made for every adventure, big or small. Explore fun Rating for skechers.com 4.8 (235) +%66",Search,7/16/2026
Skechers,Hands Free Slip-ins? for Kids - SKECHERS? Official Site Get back-to-school ready with comfortable styles kids will love Rating for skechers.com 4.8 (235) Sale Items Shop All Sale Our Promotions 25% off Apparel,Search,7/17/2026
Skechers,Shoes - Support for Lo Stay comfortable all shift long with supp SKECHERS? work shoes. All-day com1 durability for workdays that SKECHERS?WorkShoes WorkHardin Comfort,Search,7/17/2026
Skechers,"Explore fun, comfortable shoes built for school, sports and play. Get back-to-school ready with comfortable styles kids will love. Shop boys' boots for all seasons find the perfect boots for kids, toddlers, and infants",Search,7/19/2026
Skechers,"Skechers x Care Bears Kids - Shop Kids Care Bears Shoes Shop colorful shoes and sandals for women and kids Available now. Bright colors, fun designs and all-day comfort in every step. Slip-ln Shoe Styles",Search,7/20/2026
Skechers,SKECHERS Official Site - Skechers Skechers Official Site I The Comfort Technology Company Join Skechers Plus for 20% off and free shipping on any order Rating for skechers.com Call wait time 4.8 (235) About 1 minute,Search,8/1/2026
Skechers,SKECHERS Official Site - Skechers - Shop Our Huge Selection Skechers Official Site I The Comfort Technology Company Join Skechers Plus for 20% off and free shipping on any order,Search,8/6/2026
Skechers,SKECHERS Official Site - Official Store - Great Service Skechers Official Site I The Comfort Technology Company Shop the New Skechers Collection for Men Women and Kids Rating for skechers.com Call wait time 4.8 (236) About 1 minute Official Online Store Order Online,Search,8/8/2026
Under Armour,"Men's UA Charged Pursuit 3 - UA? Run Shop Men's UA Charged Pursuit 3 Running Shoes - In Stock & Available Today Performance mesh upper for lightweight breathability Rating for underarmour.com 4.6→ (45) Men Performance Sneakers Buy Online, Pickup Ir 25% off UA? Backpacks Starts Jul 12",Search,11/26/2022
Under Armour,Cleats & Spikes I Under Armour ReachYour Full Potential.Find Out NowThe Newest CleatsOnlyOn UnderArmour?,Search,12/8/2022
Under Armour,Under Armour Factory House under armourfactory house/ Under Armour Factory House From Game-time to Downtime & Anywhere In Between Shop UA? Soccer Today,Search,12/8/2022
Under Armour,"UA ColdGear Stay Warm I Under Armour When You Put In The Work, Nothing Can Stop You Reach Your Goals With Under Armour? We'll Make",Search,12/8/2022
Under Armour,Men's Tank Tops & Sleeveless T's I UnderArmour Discover The Latest Styles. Find Out Now The Newest Tops Only On Under Armour Train Hard. Train Rating for underarmour.com 4.8 (225),Search,12/8/2022
Under Armour,Women's Bra Size e Chart /Under Armour Reach Your Full Potential. Work Hard & Stay Comfortable. Find Out Only On Under Armour? Keep Moving With UA?. The Only Way Is Through,Search,12/8/2022
Under Armour,Women's Shoes Size Chart I Under Armour Reach Your Full Potential. Discover The Latest Styles Find Out Only On Under Armour Keep Moving With UA?. The Only Way Is Through. Shop Now The Latest Shoes At,Search,12/8/2022
Under Armour,"Mission, Vision and Values Performance Apparel That Wicks Sweat, Dries Fast and Keeps You At Your Best Get The Gear Everyone's After. Shop Under Armour? Apparel & Footwear UA StealthForm Hat Jordan Spieth's Uncrushable Hat. A Hat That Keeps Its Shape & Form Curry 12 Boys' Apparel UA? Footwear",Search,12/8/2022
Under Armour,"Men's Shorts & Pants Size Chart UnderArmour When You Put In The Work, Nothing Can Stop You ReachYourGoalsWithUnderArmour?",Search,12/8/2022
Under Armour,"Military & Tactical Boots I Under Armour When You Put In The Work, Nothing Can Stop You ReachYourGoalsWithUnderArmour?We'llMakeThe Technology. You Keep Getting Better. Shop The Latest",Search,12/8/2022
Under Armour,"Men's Polo Shirts Under Armour When You Put In The Work, Nothing Can Stop You Reach Your Goals With Under Armour? We'll Make The Technology. You Keep Getting Better. Shop The Latest UA Outlet 25% Off UA Select Styles Men's Appa Easter - 25% off Select Styles Valid Mar 14 - Mar 31",Search,12/8/2022
Under Armour,"Under Armour Volleyball Shoes When You Put In The Work, Nothing Can Stop You Reach Your Goals With Under Armour? We'll Make The Technology. You Keep Getting Better. Shop The Latest Rating for underarmour.... Average delivery time 4.6 (73) 1-5 days Women's Apparel Extra 50% Off Shop Best",Search,12/9/2022
Under Armour,"UA Magnetico Select 4 FG Jr. Kids' Soccer Cleats I Under Armour When You Put In The Work, Nothing Can Stop You Reach Your Goals With Under Armour We'll Make The Technology Rating for underarmour.com 4.6 ↓ (48) 25% Off Backpacks Get Ready For Your School Year Shop Back to School 25% off Select Styles",Search,12/9/2022
Under Armour,"Under Armour? Official Site - Any Workout, Any Weather Outerwear That Can Handle Anything. Any Sport, Any Condition. Shop UA? Outerwear Today Rating for underarmour.com 4.6\ (305) 40% Off Winter Picks No CodeNeeded UnderArmour? Deals Under Armour? Men's Jackets Conditions Change On A Dime. Always Have Outerwear That's Right For The Weather 40% off UA? Winter Picks ValidNov16-Nov22",Search,11/25/2025
Under Armour,Hustle Backpacks - Under Armour Official Site Designed To Help You Stay Organized. More Colors Styles & Choices. Only On Under Armour Water Rolls Right Off. Comfortable & Super Durable Backpacks 40% Off Winter Picks No Code Needed Under Armour? Deals 40% off UA? Winter Picks Valid Nov 16 - Nov 22,Search,11/25/2025
Under Armour,"Under Armour Lunch Boxes - Under Armour? Gear & Apparel Super-Tough & Water-Resistant To Stand Up To Everything You Take On. Shop Backpacks Now Durable? Check. Storm Proof? Check. Comfortable? You Bet. Shop UA? Backpacks Today UA Lunch Boxes Shop Back to School Buy Online, Pick Up in Store",Search,11/25/2025
Under Armour,"UA? Boy's Baseball Pants - Your Most Comfortable Pants Colors, Prints & Styles That Fit Every Preference. You'll Want To Wear Them Everywhere Delivers Stretch Rating for underarmour.... Average delivery time 4.6 ↓ (304) 1-3 days 40% Off UA Outlet Shop Under Armour Outlet Use Code GAMEON Under Armour? Baseball Pants From Shorts to Leggings, We've Got You Covered. Shop UA Baseball Today Under Armour? Pants & Bottoms Designed By Those Who KnowBaseball",Search,11/25/2025
Under Armour,"UA? Harper 9 Turf Shoes - 30-40% Off Sitewide When You Put In the Work Nothing Can Stop You. Shop The Latest UA Shoes, Cleats, & Boots Built to Perform Under Any Condition. Shop Game-changing Footwear 30-40% Off Sitewide +Free Shipping Use Code CHEATCODE 40% off Holiday Cheat Code CodeCHEATCODE:ValidNov23-Nov30",Search,11/25/2025
Under Armour,Under Armour? Pullovers - Shop The Official Site Get The Gear Everyone's After. Shop Under Armour? Pullovers Today Everything You Need. Nothing You Don't. Largest Style Selection. Pace Your Payments Score Now.Pay Later,Search,11/25/2025
Under Armour,"Zero Gravity Feel - 30-50% Off Sitewide Energy Return That Helps Eliminate Impact Step After Step. Shop The UA HOVR ™ Collection The Perfect Balance Between Sport & Style. Shop The UA HOVR ™ Collection Today Rating for underarmour.com 4.7 → (305) UA HOVR ™ Cushioning Connected Technology & Revolutionary Cushioning Designed By Those Who Know UA HOVR ™ Infinite 2 More Coaching, More Miles Go Further & Faster With Infinite 2 Too Comfy To Be Slowed Down UA HOVR ™ Shoes",Search,11/25/2025
Under Armour,"Under Armour? Jordan Spieth - Shop UA? Golf When You Put In The Work, Nothing Can Stop You Reach Your Goals With Under Armour Official Site: Shop Under Armour? Golf Apparel. Get The Gear Everyone's After. Shop UA. Pay with Klarna. Score Now. Pay Later",Search,11/25/2025
Under Armour,UA Harper 9 Cleats - UA Harper 9 Now Available 4.6 advertiser rating Say Hello To The First Ever Baseball Cleat With UA HOVR ™ Technology For More Power & Speed 40% Off Winter Picks Shop UA? Outlet UA HOVR ™ Infinite 2 Men's Apparel 40% off UA? Winter Picks Valid Nov 16 - Nov 22,Search,11/25/2025
Under Armour,Under Armour Toddler - Shop The Official Site Get The Gear Everyone's After. Shop Under Armour? Infant Apparel & Footwear Today Under Armour's Shop Under Armour? Toddler UA? Toddler Gear,Search,11/25/2025
Under Armour,"UA? Belts - Performs All Day, Every Day We'll Make The Technology. You Keep Improving. Shop The Latest UA? Tech & Innovation Everything You Need To Get The Job Done Designed By Those Who Know You Men's Apparel The Latest and Greatest Shop UA? Men's Apparel and Gear",Search,11/25/2025
Under Armour,Under Armour 1/4 Zips - Bring Out Your Inner Athlete Experience Superior Comfort & Durability. Shop Under Armour? Quarter Zips Today UA? Quarter Zips Shop Quarter Zips Men's Apparel,Search,11/25/2025
Under Armour,Under Armour? Duffle Bags - UA? Duffle Bags Super-Tough & Water-Resistant To Stand Up To Everything You Take On. Shop Backpacks Now Durable? Check. Storm Proof? Check. Comfortable? You Bet. Shop UA? Backpacks Today. Free Shipping Orders $50+ Driven by Technology. Free Returns 40% Off Winter Picks No Code Needed Under Armour? Deals Store Locator Boys' Apparel 40%offUA?WinterPicks Valid Nov 16- Nov 22,Search,11/25/2025
Under Armour,UA? Running Tops & Bottoms - Combines Performance & Style From Packable Jackets to Bottoms With Pockets Shop UA Run Gear To Keep You Prepared Under Armour? Running Apparel The Perfect Running Companion Men's Apparel,Search,11/25/2025
Under Armour,Under Armour Storm - Shop Under Armour? Storm UA? Storm Is A Tiered System of Water & Wind Protection That Keeps You Dry In Wet Weather A Range of Water & Wind Defying Finishes To Keep The Elements From Slowing You Down. Pace Your Payments. Largest Style Selection,Search,11/25/2025
Under Armour,Under Armour? Compression - 30- 40% Off Sitewide Experience Superior Comfort & Durability. Shop UA? Compression Gear Today Get The Gear Everyone's After. Shop Under Armour? Compression Gear Today Free Returns 30-40% Off Sitewide +Free Shipping Use Code CHEATCODE 40% off Holiday Cheat Code Code CHEATCODE : Valid Nov 23-Nov 30,Search,11/25/2025
Under Armour,"Girls Kids' Little Kids - Shoes I Under Armour Shop Girls Kids' Little Kids - Shoes on the Under Armour official website. Find kids' athletic and casual shoes, clothes and gear built to make you better - Free shipping available in the USA",Search,11/25/2025
Under Armour,Baseball Cleats & Spikes: Shop Now 4.6 advertiser rating Find athletic shoes and sneakers built to make you better FREE shipping available in the USA 30-40% Off Sitewide Men's Apparel Shop Best Sellers UA Footwear 40% off Holiday Cheat Code Code CHEATCODE :Valid Nov 23-Nov 30,Search,11/25/2025
Under Armour,Under Armour Hunting - Shop Under Armour? Hunting Experience Superior Comfort & Durability. Shop Under Armour? Hunting Today Get The Gear Everyone's After Shop Under Armour? Hunting Today. Free Returns 40% off Holiday Cheat Code CodeCHEATCODE:ValidNov23-Nov30,Search,11/25/2025
Under Armour,"UA ColdGear? - Keeps You Warm In Cold Weather Incredibly Warm & Comfortable First Layer That Keeps You Cold, Dry & Light In Any Weather",Search,11/25/2025
Under Armour,Under Armour Official Store - Under Armour Tech ™ Shirts Experience Superior Comfort & Durability. Shop Under Armour Tech ™ Short Sleeves Today Men's Apparel The Latest and Greatest Shop UA? Men's Apparel and Gear,Search,11/25/2025
Under Armour,Under Armour? Official Site - 30-40% Off Sitewide Built To Improve Your Athletic Performance. Work Hard While Staying Comfortable,Search,11/25/2025
Under Armour,"Under Armour Tanks - UA? Tanks - Buy Online, Pick Up in Store Get The Gear Everyone's After. Shop Under Armour? Tanks Today Everything You Need. Nothing You Don't Free Returns Men's Apparel Shop UA? Tanks Get 25% Off Select Styles Shop The Official Site Get 15% Off Today",Search,11/25/2025
Under Armour,Under Armour? Girls' - Official Site: Shop UA? Gear We'll Make The Technology. You Keep Improving. Shop The Latest UA? Tech & Innovation Rating for underarmour.com 4.6 (304) Boys' Apparel Shop UA? Boys' Apparel and Gear Time to Represent Shop Back to School Set The Tone From Day 1 Shop Our Newest Arrivals View 4 prices from $15.00,Search,11/25/2025
Under Armour,UA Running Shoes - Under Armour Running Shoes When You Put In the Work Nothing Can Stop You. Shop The Latest UA? Running Shoes Built to Perform Under Any Condition. Shop Rating for underarmour 4.6 (305) +%66 UA HOVRTM Shoes UA HOVR ™ Infinite 2 Shor,Search,11/25/2025
Under Armour,"Under Armour? Official Site - Under Armour? We'll Make The Technology. You Keep Improving. Shop The Latest UA? Tech & Innovation When You Put In The Work, Nothing Can Stop You. Reach Your Goals With Under Rating for underarmour.com 4.6→ (305) Men's Apparel 40% Off Winter Picks Women's Apparel Download The UA? App",Search,11/25/2025
Under Armour,"Boy's Under Armour? Sneakers - Buy Online, Pick Up in Store Built to Perform Under Any Condition. Shop Game- changing Footwear at UA.com. Protect This House? Shop the Under Armour Official Site. Free Shipping Orders $50+ Rating for underarmour.... C 4.7 (269) +%66 Shop UA? Outlet Priced So You Can Stock Up Shop UA? Outlet Now",Search,11/25/2025
Under Armour,"Boys' Under Armour? Shoes - Boys' UA? Shoes When You Put In the Work, Nothing Can Stop You Shop The Latest UA? Shoes, Cleats & Boots. Built to Perform Under Any Condition. Shop Game-Changing Footwear at UA.com 40% Off Winter Picks No Code Needed Under Armour? Deals Shop UA? Outlet Priced So You Can Stock Up Shop UA? Outlet Now Under Armour? Official Site Designed ByThose Who KnowYour Sport 40% off UA? Winter Picks ValidNov16-Nov22",Search,11/25/2025
Under Armour,"Under Armour? Official Site - Performance, Comfort, & Style Experience Superior Comfort & Durability. Shop Under Armour? Workout Shirts Today 40% Off UA Outlet Men's Apparel Women's Apparel 40% off UA? Outlet CodeGAMEON:ValidNov6-Nov13 View 3 prices from $18.00",Search,11/25/2025
Under Armour,"Find athletic shoes and sneakers - Flexible & Lightweight When You Put In the Work Nothing Can Stop You. Shop The Latest UA Shoes, Cleats, & Boots",Search,11/25/2025
Under Armour,"Under Armour? Official Site - Under Armour? Shoes When You Put In the Work Nothing Can Stop You. Shop The Latest UA Shoes, Cleats, & Boots UA? Shoes UA Flow Shoes UA HOVR ™ Shoe",Search,11/25/2025
Under Armour,"Men's Under Armour? Sneakers - Locked In Support & Cushioning When You Put In the Work Nothing Can Stop You. Shop The Latest UA Shoes, Cleats, & Boots. Built to Perform Under Any Condition. Shop Game-changing Footwear at UA.com. Free Shipping Orders $50+ Driven by Technology Rating for underarmour.com 4.6→ (305)",Search,11/25/2025
Under Armour,"Under Armour? Compression - Shop The Official Site Get The Gear Everyone's After. Shop Under Armour? Training Gear Today Rating for underarmour 4.6→ (305) 95-100% 40% Off UA Outlet Shop Under Armour Outlet Use Code GAMEON UA Athletic Pants When You Put In The Work, Nothing Can Stop You 40% off UA Outlet Code GAMEON : Valid Nov 6 - Nov 13 View 4 prices from $15.00",Search,11/25/2025
Under Armour,Under Armour? Workout Shirts - Official Site: Shop UA? Gear Experience Superior Comfort & Durability. Shop Under Armour? Workout Shirts Today Get The Gear Everyone's After. Shop Under Armour? Workout Shirts Rating for underarmour.... Return policy 4.6↓ (305) Most items 60+ days,Search,11/25/2025
Under Armour,"Under Armour? Flip-Flops - Sandals & Athletic Slides When You Put In the Work Nothing Can Stop You. Shop The Latest UA Shoes, Cleats, & Boots Rating for underarmour.... Order accuracy 4.6→ (305) 95-100% Under Armour? Sandals UAR Sandals Shop UA? Outlet UAFlowShoes Shop Best Sellers",Search,11/25/2025
Under Armour,"Ultra-Fast & Grippy - Under Armour Official Site No Rubber To Slow You Down. Light, Fast UA Flow Velociti Elite Running Shoes At UA.com. Light UnderArmour Flow Velociti UA Breathe Trainers",Search,11/25/2025
Under Armour,"Explained: Football, Soccer Baseball & More TUnder Armour Exceptional Step-ln Comfort With Added Durability & Support. Shop Cleats Now",Search,11/25/2025
Under Armour,UA? Boy's Baseball Pants - Buy Baseball Gear For Kids Shop Kids' Baseball Gear & Clothes - Pants on the UnderArmour official website Under Armour Boys Baseball Boys' Baseball Shoes Boys'Apparel,Search,11/25/2025
Under Armour,UA? Northwestern Apparel - Under Armour Northwestern Don'tMissOutTheLatest Under Armour? Northwestern Apparel AvailableNowAt UA.com,Search,11/25/2025
Under Armour,"Shop HALO Shoes & Clothing - Shop Mens HALO Shoes Find HALO Shoes & Clothing built to make you better - FREE shipping available in the USA Driven by Technology. Types: Showdown, Links UA HOVR ™ Shoes Our Most Advanced Cushioning To Give Back The Energy You Put In UA? Halo Collection 40% off UA? Winter Picks ValidNov16-Nov22",Search,11/25/2025
Under Armour,Made to Mold to Your Feet - Under Armour? Football Cleats No Break-ln Needed. Fits True To Your Form For Fast Drives & Explosive Movement. Exceptional Step-ln Comfort With Added Durability 40%offUA?WinterPicks Valid Nov 16 - Nov 22,Search,11/25/2025
Under Armour,"How to Choose The Best Back-to- School Backpack I Under Armour This ultimate guide helps you choose the perfect backpack to fit your needs when you're busy with school and sports, whether you're in middle school or college",Search,11/25/2025
Under Armour,"Under Armour? Storm Jackets - Under Armour? Official Site Find The Perfect Jacket For Any Athlete, Any Condition Shop Under Armour? Outerwear Today Outerwear That Can Handle Anything. Any Sport, Any Condition. Shop UA? Outerwear Today. Score Now. Pay Later. Pace Your Payments. Free Returns Rating for underarmour....F 4.6(305) Most items 60+ days Waterproof & Durable 40% Off UA Outlet Repe 40% off UA? Outlet Code GAMEON :Valid Nov6-Nov13",Search,11/25/2025
Under Armour,Under Armour Men's - Shop The Official Site We'll Make The Technology. You Keep Improving. Shop The Latest UA? Tech & Innovation,Search,11/25/2025
Under Armour,"Under Armour? Baseball Pants - Official Site: Shop Baseball Colors, Prints & Styles That Fit Every Preference. You'll Want To Wear Them Everywhere Delivers Stretch Support & Performance. Shop UA Pants, Leggings & Shorts Today Men's Apparel The Latest and Greatest Shop UA? Men's Apparel and Gear",Search,11/25/2025
Under Armour,"UA? Infinity Bra - 30-50% Off Sitewide Experience Superior Comfort & Durability. Shop UA? Infinity Sports Bra Today Get The Gear Everyone's After. Shop UA Infinity Sports Bra Today 30-50% Off Sitewide +Free Shipping Use Code CHEATCODE UA HOVR ™ Shoes Our Most Advanced Cushioning To Give Back The Energy You Put In UA? Halo Collection New UA? Halo Runner, Racer, Trainer Precision. Balance. Stability Up to 50% off Holiday Cheat Code CodeCHEATCODE:ValidDec1-Dec6",Search,11/25/2025
Under Armour,"Only Available At Under Armour - Shoes For Every Activity Available Only at UA? . New Halo Runner, Racer Trainer. Consider This Divine Intervention The Halo State: Where Form and Function Fall Into Lock Step Shop Our New",Search,11/25/2025
Under Armour,Under Armour? Golf Shoes - Shop The Official Site Get The Gear Everyone's After. Shop Under Armour? Golf Shoes Now. Free Shipping Available UA 40% Off UA Outlet Shop UA? Outlet 40% off UA? Outlet CodeGAMEON:ValidNov6-Nov13,Search,11/25/2025
Under Armour,"Shop The Official Site - Official Site: Shop UA? Gear We'll Make The Technology. You Keep Improving. Shop The Latest UA? Tech & Innovation When You Put In The Work, Nothing Can Stop You. Reach Your Goals With Under Armour?. Largest Style Selection. Driven by Technology. Pace Your Payments. Free Returns Rating for underarmour.... Order accuracy 4.6↓ (305) 95-100% Men's Apparel 40% Off Winter Picks Shop Under Armour Gear Under Armour",Search,11/25/2025
Under Armour,Under Armour Official Site - Shop The Official Site Shop UA? General. Designed By Those Who Know Your Sport. Get The Gear Everyone's After. Shop Under Armour? Apparel & Footwear Today. Free Returns Rating for underarmour 4.8 (220),Search,11/25/2025
Under Armour,"Under Armour? Joggers - Durable Sweat Wicking Comfort Colors, Prints & Styles That Fit Every Preference. You'll Want To Wear Them Everywhere. Delivers Stretch Support & Performance. Shop UA Pants, Leggings & Shorts Today Men's Apparel Women's Apparel Under Armour? Pants & Bottoms Boys' Apparel View 3 prices from $18.00",Search,11/25/2025
Under Armour,Under Armour Official Site - Shop The Official Site Get The Gear Everyone's After. Shop Under Armour? Apparel & Footwear Today When You Put In The Work Nothing Can Stop You. Reach Your Goals With Under Rating for underarmour.com 4.8 (220),Search,11/25/2025
Under Armour,"Under Armour Volleyball - Shop The Official Site Lasting Comfort & Performance In Any Situation. Shop Under Armour? Shorts and Pants Today. When You Put In The Work, Nothing Can Stop You. Reach",Search,11/25/2025
Under Armour,Men's Backpacks & Gym Bags I Under Armour Shop Men's Backpacks & Gym Bags on the Under Armour official website. Find men's bags and backpacks built to make you better Free shipping available in the USA,Search,11/25/2025
Under Armour,"Under Armour? Official Site - Locked In Support & Cushioning When You Put In the Work Nothing Can Stop You. Shop The Latest UA Shoes, Cleats, & Boots Boys' Apparel : 40% Off Winter Picks -",Search,11/25/2025
Under Armour,"Under Armour? Official Site - Shoes For Every Activity When You Put In the Work Nothing Can Stop You. Shop The Latest UA Shoes, Cleats, & Boots. Built to Perform Rating for underarmour.com 4.6 (305) 40% Off Winter Picks NoCodeNeededUnderArmour?Deals Under Armour Sneakers Designed By Those Who Know Your Sport 40% off UA? Winter Picks Valid Nov 16 - Nov 22",Search,11/25/2025
Under Armour,"Under Armour Hiking Shoes - Shop By Sport, Style, & Fit When You Put In the Work Nothing Can Stop You. Shop The Latest UA Shoes, Cleats, & Boots. Built to Perform Under Any Condition. Shop Game-changing Footwear at UA.com 30-50% Off Sitewide +Free Shipping Use Code CHEATCODE UA HOVRTM Shoes Up to 50% off Holiday Cheat Code CodeCHEATCODE:ValidDec1-Dec6",Search,11/25/2025
Under Armour,"Under Armour? Men's - Shop The Official Site We'll Make The Technology. You Keep Improving. Shop The Latest UA? Tech & Innovation When You Put In The Work, Nothing Can Stop You. Reach Your Goals With Under Armour. Largest Style Selection UA HOVRTM Shoes Our Most Advanced Cushioning To Give Back The Energy You Put In Shop by Color, Style or Fit Get The Gear Everyone's After. Shop Under Armour? Apparel & Footwear Today View 4 prices from $15.00",Search,11/25/2025
Under Armour,"Under Armour? Official Site - Shop The Official Site Natural Cotton Re-Engineered To Wick Sweat, Stretch Better & Dry Faster Shop Under Armour? Charged UA? Footwear Men's Apparel Under Armour Charged Cotton? Women's Apparel",Search,11/25/2025
Under Armour,"Men's Under Armour? Cleats - Buy Online, Pick Up in Store When You Put In the Work, Nothing Can Stop You Shop The Latest Men's UA Cleats. No Break-In Needed. Fits True To Your Form For Fast Drives Rating for underarmour.... Average delivery time 4.6 (305) 1-3 days Men's UA? Cleats & Spikes 40% Off Winter Picks 40% off UA Winter Picks Valid Nov 16 - Nov 22",Search,11/25/2025
Under Armour,"Under Armour? Pants - Your Most Comfortable Pants Colors, Prints & Styles That Fit Every Preference. You'll Want To Wear Them Everywhere. From Shorts to Leggings, We've Men's Apparel Women's Apparel Boys' Apparel",Search,11/25/2025
Under Armour,"UA? Fishing Shoes - Under Armour Fishing When You Put In the Work Nothing Can Stop You. Shop The Latest UA Shoes, Cleats, & Boots Shop Under Armour? Shoes Built to Perform Under Any Condition. Shop Game-changing Footwear at UA.com Up to 50% off Memorial Day Deals Code MDW . Valid May 21 - May 26",Search,11/25/2025
Under Armour,UA? Football Cleats - Under Armour Football Cleats No Break-ln Needed. Fits True To Your Form For Fast Drives &Explosive Movement Shop UA? Outlet 40% Off Winter Picks 40%offUAWinterPicks Valid Nov 16 - Nov 22,Search,11/25/2025
Under Armour,Under Armour? Football Gloves - 30- 40% Off Sitewide Complete Your Look With Workout Ready Accessories Shop Under Armour? Football Gear & More 30-40% Off Sitewide +Free Shipping Use Code CHEATCODE UA? Accessories Everything You Need To Get The Job Done Designed By Those Who Know Your Sport Shop UA? Outlet Priced So You Can Stock Up Shop UA? Outlet Now 40% off Holiday Cheat Code CodeCHEATCODE :Valid Nov23-Nov 30,Search,11/25/2025
Under Armour,"Men's Under Armour Shoes - Greater Feel, Fit, & Support When You Put In the Work Nothing Can Stop You. Shop The Latest UA Shoes, Cleats, & Boots. Built to Perform Under Any Condition. Shop Game-changing Footwear at UA.com 30-40% Off Shop UA? Outlet UA HOVR ™ Sho",Search,11/25/2025
Under Armour,"Boots - Under Armour? Official Site - Flexible & When You Put In the Work Nothing Can Stop You. Shop The Latest UA Shoes, Cleats, & Boots. Built to Perform Under Any Condition. Shop Game-changing Footwear atUA.com",Search,11/25/2025
Under Armour,UA? Long Sleeve Polos - Official Site: Shop UA? Gear Experience Superior Comfort & Durability. Shop Under Armour Long Sleeve Polos Today Rating for underarmour 4.6 (305) +%66 40% Off Winter Picks Men's Apparel Under Armour? Official Store,Search,11/25/2025
Under Armour,Men's Under Armour? Shoes - Under Armour? Official Site Protect This House. Shop the Under Armour? Official Site Designed By Those Who Know Your Sport. Largest Style Selection. Driven by Technology. Pace Your Payments. Free Returns Men's UA? Shoes 40% Off Winter Picks UA HOVRTM Shoes,Search,11/25/2025
Under Armour,Shop The Official Site - Under Armour? Official Site Add Style & Comfort To Your Game. Shop The Latest Of UA's Sports Accessories & Essentials,Search,11/25/2025
Under Armour,Men's Military & Tactical BootsI Under Armour Shop Men's Military & Tactical Boots on the Under Armour official website. Find men's athletic shoes and sneakers built to make you better Free shipping available in the USA,Search,11/26/2025
Under Armour,I Girdles - Discover The Latest Styles Shop Under Armour's Collection of Innovative PerformanceGear&AthleticAccessories,Search,1/6/2026
Under Armour,Under Armour? Football Girdles - Work Hard & Stay Comfortable Complete Your Look With Workout Ready Accessories Shop Under Armour? Football Gear & More Shop Under Armour's Collection of Innovative Performance Gear & Athletic Accessories Shop UA? Outlet Priced So You Can Stock Up Shop UA Outlet Now,Search,1/7/2026
Under Armour,"UA? Turf Shoes - Shop By Sport Style, & Fit Shop UA? Turf Shoes. Designed By Those Who Know Your Sport. Starts Now. Spring Stock Up Score Must Have Gear for the Season. Shop UA. Pay with Klarna Shop UA Outlet Priced So You Can Stock Up Shop UA Outlet Now UAFlow Shoes UA Flow Is Ultra-Fast & Grippy No Rubber Sole ToWeighYou Down",Search,4/9/2026
Under Armour,Mens Jordan Spieth Collection I Under Armour Get The Gear Everyone's After. Shop Under Armour Accessories Today. Keep Improving. Shop The Latest UA?Tech&Innovation,Search,4/17/2026
Under Armour,Under Armour Factory 4.2 (253) Clothing store Gettysburg Call Website Directions Boys Soccer Cleats & Shoes I Under Armour - Get The Gear Everyone's After. Shop Under Armour? Read reviews (253),Search,4/17/2026
Under Armour,Kids' Toddler - Shorts I Under Armour Get The Gear Everyone's After. Shop Under Armour? Accessories Today,Search,4/17/2026
Under Armour,"Boys' Athletic Pants, Sweatpants & Joggers Under Armour Get The Gear Everyone's After. Shop Under Armour? Accessories Today. Keep Improving. Shop The Latest UA Tech & Innovation Rating for underarmour.com 4.8 (209)",Search,4/17/2026
Under Armour,Women's Featured - Compression Fit Shorts /Under Armour Get The Gear Everyone's After. Shop Under Armour? Accessories Today. Keep Improving. Shop The Latest UA?Tech&Innovation Rating for underarmour 4.8 (223) 1-5 days,Search,4/17/2026
Under Armour,Boys' Sneakers & Athletic Shoes Under Armour Get The Gear Everyone's After. Shop Under Armour? Today. Keep Improving. Shop The Latest UA? Tech & Innovation Rating for underarmour Orderaccuracy 4.8 (214) 95-100%,Search,4/17/2026
Under Armour,s Military & Tactical Boots TUnder Armour Get The Gear Everyone's After. Shop Under Armour? Today,Search,4/17/2026
Under Armour,Flag Football for Training I Under Armour Get The Gear Everyone's After. Shop Under Armour Accessories Today. Keep Improving. Shop The Latest UA? Tech &Innovation,Search,4/17/2026
Under Armour,d /Under Armour Get The Gear Everyone's After. Shop Under Armour? Accessories Today. Keep Improving. Shop The Latest UA? Tech & Innovation. Types: Up To 40% Off Outlet Ends4/29,Search,4/17/2026
Under Armour,I Gear & Clothes sUnder Armour Get The Gear Everyone's After. Shop Under Armour? Accessories Today,Search,4/17/2026
Under Armour,The History of Women's Basketball and its Rules s/Under Armour Get The Gear Everyone's After. Shop Under Armour Accessories Today Under Armour Bouncy Tee - Women's Apparel,Search,4/17/2026
Under Armour,UA lcon - Hoodies and Sweatshirts TUnder Armour Get The Gear Everyone's After. Shop Under Armour? Today. Keep Improving. Shop The Latest UA? Tech & Innovation,Search,4/17/2026
Under Armour,Baselayer Collection IUnder Armour Get The Gear Everyone's After. Shop Under Armour? Accessories Today. Keep Improving. Shop The Latest UA? Tech & Innovation. Shop Back to School Rating for underarmour 4.8 (232),Search,4/18/2026
Under Armour,"Kids' Golf Polo Shirts, Shorts & Gear Under Armour Get The Gear Everyone's After. Shop Under Armour? Accessories Today. Keep Improving. Shop The Latest UA?Tech&Innovation",Search,4/18/2026
Under Armour,"Shop The Official Site - Up To 50% Off UA - Semi-Annual Event Take Up To 50% Off, Just Twice A Year. Grab Fan Favorites At Great Prices UA? Golf Shirts 25% Off Gifts For Dad Men's Apparel Use Code SUMMER Semi-Annual Event",Search,6/16/2026
Under Armour,"Men's Under Armour? Shoes - Men's UA? Shoes - Push Yourself Further Under Armour Backpacks. All The Newest Ones Are Here (Including No Weigh). Shop Now Here's The Under Rating for underarmour 4.8 (206) Shop By Sport, Style, & Fit Shop New Arrivals 25% off UA? Backpacks Valid Jul 13 - Sep 7",Search,6/16/2026
Under Armour,"Start Strong, Get Stronger - Under Armour? Official Site Under Armour Backpacks. All The Newest Ones Are Here (Including No Weigh).Shop Now",Search,6/16/2026
Under Armour,"We Only Do This 2X a Year, You Can't Miss It. Use CodeSUMMER",Search,6/16/2026
Under Armour,Under Armour? Pants & Bottoms - Move In Every Direction Under Armour Backpacks. All The Newest Ones Are Here (Including No Weigh). Shop Now Here's The Under Armour Deal: 25% Off Backpacks. Don't Miss Out. Pay Over Time With Klarna. New Styles Available Shop UA. Pay with Klarna. Pace Your Payments. Fre Rating for underarmour.... Return policy 4.8 (213) Most items 60+ days 25% off UA? Backpacks Valid Jul 13 - Sep 7,Search,6/16/2026
Under Armour,Under Armour Official Site - UA? Tees Under Armour Backpacks. All The Newest Ones Are Here (Including No Weigh). Shop Now Here's The Under Armour Deal: 25 Men's Apparel Under Armour? Tees Shop Under Armour Tees Shop The Official Site,Search,6/16/2026
Under Armour,25% Off Select Styles - Back To School Essentials Here's The Under Armour Deal: 25% Off Backpacks Don't Miss Out New Season. Best Year Yet. Get 25% Off Select Styles. No Code Needed. Free Returns Rating for underarmour.... On-time delivery 4.8 (212) Boys' Apparel Under Armour Boys Get 15% Off Today Shop Under Armour? Boys' View 4 prices from $15.00,Search,6/16/2026
Under Armour,25% Off Select Styles - Under Armour Clearance Outlet 25% Off Orders $99+. Use code UA25. This gear won't be around long. Exclusions apply. Here's The Under Armour Deal: 25% Off Backpacks. Don't Miss Out Score Now. Pay Later. Pay Over Time With Klarna Rating for underarmour.com 4.8 (208) 25%offUA?Backpacks Valid Jul 13 - Sep 7,Search,6/17/2026
Under Armour,"UA? Athletic Shoes We Only Do This 2X a Year, You Can't Miss It. Use CodeSUMMER",Search,6/17/2026
Under Armour,UA Quarter Zips - Shop The Official Site - Semi-Annual Event These Can't-Miss Prices Only Happen Twice A Year Get Em Before They're Gone. The Best Deals On Top UA Gear Only Happens Twice A Year. Use Code SUMMER. New Styles Available. Driven by Technology,Search,6/17/2026
Under Armour,Official Site - Shop The Official Site Under Armour Backpacks. All The Newest Ones Are Here (Including No Weigh). Shop Now Get 15% Off Today Women's Apparel Shop l,Search,6/17/2026
Under Armour,"25% Off Select Styles - Under Armour? Shorts & Pants Here's The Under Armour Deal: 25% Off Backpacks Don't Miss Out Stock Up On The Ultimate Styles To Show Up On The Field, The Court, The Gym, Or Elsewhere UA? Golf Shorts Buy Under Armour? Golf Shorts Men's Apparel",Search,6/17/2026
Under Armour,25% Off Backpacks - 25% 21st image of Off Select Styles type Clothing store - Foley South McKenzie Street 4.4\ (457) Here's The Under Armour Deal: 25% Off Backpacks Don't Miss Out Under Armour Backpacks. All The Newest Ones Are Here (Including No Weigh). Shop Now. Score Now. Pay Later. Free Shipping Orders $50+ Free Returns. Shop UA. Pay with Klarna Call Website Directions,Search,6/17/2026
Under Armour,Under Armour? Clearance im Clothing store - Lancaster 4.4 1 (745) typ Under Armour Backpacks. All The Newest Ones Are Here (Including No Weigh). Shop Now Website Call Directions UA Footwear Shop UAR Outlet Men's Apparel Under Armour? Outlet Deals,Search,6/17/2026
Under Armour,"Under Armour? Official Store - Free Shipping Available Everything You Need Is Here. Shop Under Armour? Polos Outlet Today. New Season, New Gear. Grab Everything You Need To Crush Your Goals. Shop Now Buy Online, Pick Up in Store Get 25% Off Select S 25% off UA BTS Deals Valid Jul 19 - Aug 21",Search,7/16/2026
Under Armour,"Under Armour Factory House - Outlet Shoppes of Bluegrass - Simpsonville 4.4 (467) Clothing store Simpsonville Call Website Directions Official Site: Shop Outlet - Everything You Need Is Here. Shop Under Armour Polos Outlet Today Products: Shirts & Tops, Men's Clothing Sneakers, Athletic Shirts, Hats, Sports Bras Read reviews (467)",Search,7/16/2026
Under Armour,"Under Armour? Clearance Outlet - Under Armour? Sale Your sporting ambitions meet our outlet prices. It's a match made in athletic heaven. 1,000's of styles for every athlete in the house. Priced so you can stock up Buy now! Shop Outlet Now. Free Returns. Score Now Pay Later. Shop UA. Pay with Klarna Rating for underarmour 4.8 (206) 95-100%",Search,7/16/2026
Under Armour,"Under Armour Official Site - Official Site: Shop UA Outlet Preseason Is Almost Here, Will You Be Ready? Shop the Best Performance Gear Rating for underarmour.... Average delivery time 4.8 (206) 1-5 days Men's Apparel The Latest and Greatest Shop UA? Men's Apparel and Gear Shop The Official Site UA? Outlet's Got The Gear You Need To Improve. Priced So You Can Stock Up View 4 prices from $15.00",Search,7/16/2026
Under Armour,"Under Armour? Clearance Outlet - Under Armour? Sale - UA? Promo Clothing store - Hagerstown 4.4(194) 1,000's of styles for every athlete in the house. Priced so you can stock up. Buy now! Call Website Directions 25% off UA? Backpacks Valid Jul 13 - Sep 7",Search,7/16/2026
Under Armour,"Under Armour Outlet - Official Site: Shop UA? Outlet - Free Shipping..: Gear for Gains. Everything You Need Is Here. Shop Under Armour? Outlet Today 1,000's Of Styles For Every Athlete In Rating for underarmour 4.8 (213) 95-100% Under Armour? Outlet Sale Shop UA? Outlet 25% off UA BTS Deals Valid Jul 19 - Aug 21",Search,7/16/2026
Under Armour,"Under Armour? Sale 1,000's of styles for every athlete in the house. Priced so you can stock up. Buy now! Your sporting Under Armour?Outlet Sale",Search,7/16/2026
Under Armour,"Under Armour Official Site - Free Shipping Available Find Under Armour built to make you better Free Shipping Available in the USA New Season, New Get 15% Off Today",Search,7/16/2026
Under Armour,"Official Site: Shop Outlet - Under Armour? Official Site Preseason ls Almost Here, Will You Be Ready? Shop the Best Performance Gear Get Ready For The Get 15% Off Today When You Sign Up For Email & Text. Plus, More UA Deals Men's Apparel The Latest and Greatest Shop UA? Men's Apparel and Gear",Search,7/16/2026
Under Armour,"Under Armour? Outlet Sale Your sporting ambitions meet our outlet prices. It's a match made in athletic heaven. From the gym to the field, score sports gear that works as hard as you Rating for underarmour 4.8 (209) Most items60+days",Search,7/16/2026
Under Armour,"Under Armour Factory House - Tanger Outlets Gonzales 4.2 (226) Clothing store Gonzales Call Website Directions Products: Men's Clothing, Shirts & Tops, Athletic Shirts, Sneakers, Sweatshirts & Hoodies, Sport Read reviews (226)",Search,7/16/2026
Under Armour,"Under Armour? Outlet Online - Under Armour? Sale 1,000's of styles for every athlete in the house. Priced so you can stock up. Buy now! Your sporting ambitions meet our outlet prices. It's a Women's Apparel UA? Outlet Men's Apparel 25% off UA? Backpacks Valid Jul 13 - Sep 7",Search,7/16/2026
Under Armour,"Shop Under Armour? Sale - Free Shipping - Under Armour? Sale 1,000's of styles for every athlete in the house. Priced so you can stock up. Buy now! From the gym to the field, score sports gear that works as hard as you do for less. Shop Outlet Now. Free Shipping Orders $50+ Largest Style Selection. Pace Your Payments Get 15% Off Today 25% Off Backpacks Get 25% off UA BTS Deals Valid Jul 19 - Aug 21 View 4 prices from $15.00",Search,7/16/2026
Under Armour,"Under Armour? Outlet Sale - Under Armour? Clearance Outlet 1,000's of styles for every athlete in the house. Priced so you can stock up. Buy now! Your sporting ambitions Rating for underarmour 4.8 (213) Men's Apparel Shop UA? Outlet UA? Outlet",Search,7/16/2026
Under Armour,"Under Armour? Outlet - Official Site: Shop UA? Outlet - New Gear Added Gear for Gains. Everything You Need Is Here. Shop Under Armour? Outlet Today New Season, New Gear Grab Everything You Need To Crush Your Goals Men's Apparel Women's Apparel 25% Off Ba 25% off UA? Backpacks Valid Jul 13 - Sep 7",Search,7/16/2026
Under Armour,"Under Armour? Sale - Free Shipping Available 1,000's of styles for every athlete in the house. Priced so you can stock up. Buy now! Your sporting ambitions Men's Apparel Get 25% Off Select Styles Get 15% Off Today Under Armour Apparel Shop UA? Outlet",Search,7/16/2026
Under Armour,"Under Armour Outlet - Official Site: Shop UA? Outlet - New Gear Added Gear for Gains. Everything You Need Is Here. Shop Under Armour? Outlet Today 1,000's Of Styles For Every Athlete In The House. Priced So You Can Stock Up Under Armour? Outlet Sale Shop UA? Outlet 25% Off Backpacks Get 25% Off Select Styles 25% off UA BTS Deals Valid Jul 19 - Aug 21",Search,7/16/2026
Under Armour,"Official Site: Shop Outlet - Under Armour? Official Site - Free Shippin Everything You Need Is Here. Shop Under Armour? Polos Outlet Today. Under Armour builds game- changing sportswear, athletic shirts, shoes and more Shop Outlet Now. Free Returns Rating for underarmour.... Order accuracy 4.8 (213) 95-100% Men's Apparel 25% Off Backpacks Women's 25% off UA?Backpacks Valid Jul 13 - Sep 7",Search,7/16/2026
Under Armour,"Under Armour? Outlet Online Your sporting ambitions meet our outlet prices. It's a match made in athletic heaven. 1,000's of styles for Under Armour? Clearance Outlet Shop UA Outlet 25% Off Backpacks Women's Apparel 25% off UA BTS Deals Valid Jul 19 - Aug 21",Search,7/16/2026
Under Armour,"Under Armour? Clearance Outlet - Under Armour Outlet Sale 1,000's of styles for every athlete in the house. Priced so you can stock up. Buy now! Reviewers note Under Armour provides high-quality clothing and shoes, with easy returns. While... More Get 15% Off Today When You Sign Up For Email & Text. Plus, More UA Deals Get 25% Off Select Styles Under Armour? Sale Buy More, Save More Deals",Search,7/16/2026
Under Armour,"Under Armour Outlet Sale - Under Armour Clearance Outlet Your sporting ambitions meet our outlet prices. It's a match made in athletic heaven. 1,000's of styles for every athlete in the house. Priced so you can stock up Buy now! Shop Outlet Now. Free Returns. Free Shipping Orders $50+ Shop UA? Outlet From the gym to the field, score sports gear that works as hard as you do, for less Shop UA? Sale Elevate your game with performance sports gear at wallet-friendly prices. Discover now! Get 25% Off Select Styles New Season. Best Year Yet Shop Our Newest Arrivals",Search,7/16/2026
Under Armour,UA? Outlet - Official Site: Shop UA Outlet Find Under Armour built to make you better Free Shipping Available in the USA,Search,7/16/2026
Under Armour,"UnderArmour? Clearance Outlet Free Shipping Available Your sporting ambitions meet our outlet prices. It's a match made in athletic heaven. 1,000's of Rating for underarmour 4.8 (208) Get 15% Off Today 25% off UA Backpacks Valid Jul 13 - Sep 7",Search,7/16/2026
Under Armour,"Under Armour? Official Store - Buy Online, Pick Up in Store Everything You Need Is Here. Shop Under Armour Polos Outlet Today. New Season, New Gear. Grab Everything You Need To Reviewers note Under Armour provides high-quality clothing and shoes, with easy returns. While... More Get 15% Off Today When You Sign Up For Email & Text. Plus, More UA Deals",Search,7/16/2026
Under Armour,Under Armour? Outlet Online - Free Shipping Available Your sporting ambitions meet our outlet prices. It's a match made in athletic heaven Rating for underarmour 4.8 (213) 95-100% UAR Outlet Get 15% Off Today Official Site: 25% off UA? Backpacks Valid Jul 13 - Sep 7,Search,7/16/2026
Under Armour,"Under Armour? Official Site - Official Site: Shop Outlet Preseason ls Almost Here, Will You Be Ready? Shop the Best Performance Gear Be Ready To Train Like This Is Your Year Review insights V Provides high-quality Some users experience clothing and shoes, with unexpecteddelivery easy returns delays and mention",Search,7/17/2026
Under Armour,UA? Outlet: Youth - 25% Off Select Styles - 25% Off Backpacks Under Armour Backpacks. All The Newest Ones Are Here (Including No Weigh). Shop Now,Search,7/17/2026
Under Armour,<Rating (Reviews)> · <Category> <Open Hours> <Distance>,Search,7/18/2026
Under Armour,"Under Armour - 4.4 1 (238) Clothing store Carlsbad Call Website Directions Under Armour? Outlet: Youth - Find Under Armour built to make you better Free Shipping Available Products: Men's Clothing, Shirts & Tops, Shoes Athletic Shirts, Sneakers, Men's Shoes, Sports Read reviews (238)",Search,7/18/2026
Under Armour,"Under Armour? Clearance Outlet 1,000's of styles for every athlete in the house. Priced so you can stock up. Buy now! Your sporting ambitions meet our outlet prices. It's a match made in athletic heaven. Shop Outlet Now. Free Returns Under Armour? Outlet Sale Shop UA? Outlet",Search,7/19/2026
Under Armour,UA Outlet: Youth - 25% Off Select Styles Here's The Under Armour Deal: 25% Off Backpacks Don't Miss Out Under Armour Backpacks. All The Newest Rating for underarmour.... Average delivery time 4.8 (206) 1-5 days Under Armour Official Site Back To The Grind In New Gear. Work Harder WithBackToSchoolEssentialsFromUA Get 25% Off Select Styles New Season. Best Year Yet Shop Our Newest Arrivals,Search,7/20/2026
Under Armour,25% Off Select Styles - UA? Outlet: Youth Here's The Under Armour Deal: 25% Off Backpacks Don't Miss Out Under Armour Backpacks. All The Newest Ones Are Here Rating for underarmour 4.8 (206) 95-100% Get 15% Off Today 25% Off Backpacks Back To School Essentials Official Site: Shop UA? Outlet 25% off UA BTS Deals Valid Jul 19 - Aug 21,Search,7/25/2026
Under Armour,"Official Site: Shop UA? Outlet - 25% Off Select Styles - Don't Miss Out Here's The Under Armour Deal: 25% Off Backpacks Don't Miss Out New Season. Best Year Yet. Get 25 Get 15% Off Today When You Sign Up For Email & Text. Plus, More UA Deals UA? Outlet: Boy's Under Armour? Outlet: Boy's Get 25% Off Select Styles",Search,7/25/2026
Under Armour,"Under Armour Youth Outlet - Free Shipping Available 1,000's Of Styles For Every Athlete In The House Priced So You Can Stock Up Gear for Gains. Everything You Need Is Here. Shop Under Armour Rating for underarmour... Average delivery time 4.8 (204) 1-5 days Under Armour? Outlet: Youth UA? Outlet: Youth Shop Under Armour Outlet Get 25% Off Select Styles Men's Apparel",Search,7/25/2026
Under Armour,Official Site: Shop Outlet - Free Shipping Available Gear for Gains. Everything You Need Is Here. Shop Under Armour? Outlet Today Under Armour 山 Install,Search,7/25/2026
Under Armour,Under Armour? Official Site - 25% Off Select Styles - 25% Off Backpacks Here's The Under Armour Deal: 25% Off Backpacks Don't Miss Out Under Armour Backpacks. All The Rating for underarmour 4.8 (207) Most items 60+ days,Search,7/26/2026
Under Armour,UA Outlet: Youth - 25% Off Select Styles Here's The Under Armour Deal: 25% Off Backpacks Don't Miss Out Under Armour Backpacks. All The Newest Ones Are Here (Including No Weigh). Shop Now. Shop Outlet Now. Pace Your Payments. Free Shipping Orders $50+ Largest Style Selection Get 25% Off Select Styles New Season. Best Year Yet Shop Our Newest Arrivals Under Armour Outlet: Youth BackToTheGrindInNewGear.WorkHarder With Back To School Essentials From UA,Search,7/26/2026
Under Armour,Under Armour Youth Outlet - 25% Off Select Styles Here's The Under Armour Deal: 25% Off Backpacks Don't Miss Out Under Armour Backpacks. All The Newest Ones Are Here (Including No Weigh). Shop Rating for underarmour.... On-time delivery 4.8 (206) Under Armour? Official Site Back To The Grind In New Gear. Work Harder WithBackToSchoolEssentialsFromUA Official Site: Shop Outlet New Season. Best Year Yet. Get 25% Off Select Styles. No Code Needed,Search,7/26/2026
Under Armour,"Official Site - Official Site: Shop UA?Gear New Season, New Gear. Grab Everything You Need To Crush Your Goals. Shop Now Find Under Armour built to make you better Free Shipping Available in the",Search,7/27/2026
